manifest_id	slurm_job_id	slurm_job_name	domain	value_head	seed	campaign_directory	log_path	submitted_state	cpus	memory	time_limit
block_grouping-on-1963100312-stage1-train-primary	20401177	Tr_block_grouping_block_grouping_orig_vh_c.1_s1963100312_STATREP10_STAGE1	block_grouping	on	1963100312	/home/hersco/training_new_domains/2026-08-20/statistical_replication_stage1_10seed	/home/hersco/training_new_domains/2026-08-20/statistical_replication_stage1_10seed/20401177_Tr_block_grouping_block_grouping_orig_vh_c.1_s1963100312_STATREP10_STAGE1.txt	RUNNING	6	48G	1-00:00:00
block_grouping-on-2011206605-stage1-train-primary	20401178	Tr_block_grouping_block_grouping_orig_vh_c.1_s2011206605_STATREP10_STAGE1	block_grouping	on	2011206605	/home/hersco/training_new_domains/2026-08-20/statistical_replication_stage1_10seed	/home/hersco/training_new_domains/2026-08-20/statistical_replication_stage1_10seed/20401178_Tr_block_grouping_block_grouping_orig_vh_c.1_s2011206605_STATREP10_STAGE1.txt	RUNNING	6	48G	1-00:00:00
block_grouping-on-1073581256-stage1-train-primary	20401179	Tr_block_grouping_block_grouping_orig_vh_c.1_s1073581256_STATREP10_STAGE1	block_grouping	on	1073581256	/home/hersco/training_new_domains/2026-08-20/statistical_replication_stage1_10seed	/home/hersco/training_new_domains/2026-08-20/statistical_replication_stage1_10seed/20401179_Tr_block_grouping_block_grouping_orig_vh_c.1_s1073581256_STATREP10_STAGE1.txt	RUNNING	6	48G	1-00:00:00
block_grouping-on-1239739722-stage1-train-primary	20401180	Tr_block_grouping_block_grouping_orig_vh_c.1_s1239739722_STATREP10_STAGE1	block_grouping	on	1239739722	/home/hersco/training_new_domains/2026-08-20/statistical_replication_stage1_10seed	/home/hersco/training_new_domains/2026-08-20/statistical_replication_stage1_10seed/20401180_Tr_block_grouping_block_grouping_orig_vh_c.1_s1239739722_STATREP10_STAGE1.txt	RUNNING	6	48G	1-00:00:00
block_grouping-on-1472491096-stage1-train-primary	20401181	Tr_block_grouping_block_grouping_orig_vh_c.1_s1472491096_STATREP10_STAGE1	block_grouping	on	1472491096	/home/hersco/training_new_domains/2026-08-20/statistical_replication_stage1_10seed	/home/hersco/training_new_domains/2026-08-20/statistical_replication_stage1_10seed/20401181_Tr_block_grouping_block_grouping_orig_vh_c.1_s1472491096_STATREP10_STAGE1.txt	RUNNING	6	48G	1-00:00:00
block_grouping-on-534933607-stage1-train-primary	20401182	Tr_block_grouping_block_grouping_orig_vh_c.1_s534933607_STATREP10_STAGE1	block_grouping	on	534933607	/home/hersco/training_new_domains/2026-08-20/statistical_replication_stage1_10seed	/home/hersco/training_new_domains/2026-08-20/statistical_replication_stage1_10seed/20401182_Tr_block_grouping_block_grouping_orig_vh_c.1_s534933607_STATREP10_STAGE1.txt	RUNNING	6	48G	1-00:00:00
block_grouping-on-2082152039-stage1-train-primary	20401183	Tr_block_grouping_block_grouping_orig_vh_c.1_s2082152039_STATREP10_STAGE1	block_grouping	on	2082152039	/home/hersco/training_new_domains/2026-08-20/statistical_replication_stage1_10seed	/home/hersco/training_new_domains/2026-08-20/statistical_replication_stage1_10seed/20401183_Tr_block_grouping_block_grouping_orig_vh_c.1_s2082152039_STATREP10_STAGE1.txt	RUNNING	6	48G	1-00:00:00
block_grouping-on-1510771779-stage1-train-primary	20401184	Tr_block_grouping_block_grouping_orig_vh_c.1_s1510771779_STATREP10_STAGE1	block_grouping	on	1510771779	/home/hersco/training_new_domains/2026-08-20/statistical_replication_stage1_10seed	/home/hersco/training_new_domains/2026-08-20/statistical_replication_stage1_10seed/20401184_Tr_block_grouping_block_grouping_orig_vh_c.1_s1510771779_STATREP10_STAGE1.txt	RUNNING	6	48G	1-00:00:00
block_grouping-on-923500475-stage1-train-primary	20401185	Tr_block_grouping_block_grouping_orig_vh_c.1_s923500475_STATREP10_STAGE1	block_grouping	on	923500475	/home/hersco/training_new_domains/2026-08-20/statistical_replication_stage1_10seed	/home/hersco/training_new_domains/2026-08-20/statistical_replication_stage1_10seed/20401185_Tr_block_grouping_block_grouping_orig_vh_c.1_s923500475_STATREP10_STAGE1.txt	RUNNING	6	48G	1-00:00:00
block_grouping-on-1972442430-stage1-train-primary	20401186	Tr_block_grouping_block_grouping_orig_vh_c.1_s1972442430_STATREP10_STAGE1	block_grouping	on	1972442430	/home/hersco/training_new_domains/2026-08-20/statistical_replication_stage1_10seed	/home/hersco/training_new_domains/2026-08-20/statistical_replication_stage1_10seed/20401186_Tr_block_grouping_block_grouping_orig_vh_c.1_s1972442430_STATREP10_STAGE1.txt	RUNNING	6	48G	1-00:00:00
block_grouping-off-1963100312-stage1-train-primary	20401187	Tr_block_grouping_block_grouping_orig_novh_c.1_s1963100312_STATREP10_STAGE1	block_grouping	off	1963100312	/home/hersco/training_new_domains/2026-08-20/statistical_replication_stage1_10seed	/home/hersco/training_new_domains/2026-08-20/statistical_replication_stage1_10seed/20401187_Tr_block_grouping_block_grouping_orig_novh_c.1_s1963100312_STATREP10_STAGE1.txt	RUNNING	6	48G	1-00:00:00
block_grouping-off-2011206605-stage1-train-primary	20401188	Tr_block_grouping_block_grouping_orig_novh_c.1_s2011206605_STATREP10_STAGE1	block_grouping	off	2011206605	/home/hersco/training_new_domains/2026-08-20/statistical_replication_stage1_10seed	/home/hersco/training_new_domains/2026-08-20/statistical_replication_stage1_10seed/20401188_Tr_block_grouping_block_grouping_orig_novh_c.1_s2011206605_STATREP10_STAGE1.txt	RUNNING	6	48G	1-00:00:00
block_grouping-off-1073581256-stage1-train-primary	20401189	Tr_block_grouping_block_grouping_orig_novh_c.1_s1073581256_STATREP10_STAGE1	block_grouping	off	1073581256	/home/hersco/training_new_domains/2026-08-20/statistical_replication_stage1_10seed	/home/hersco/training_new_domains/2026-08-20/statistical_replication_stage1_10seed/20401189_Tr_block_grouping_block_grouping_orig_novh_c.1_s1073581256_STATREP10_STAGE1.txt	RUNNING	6	48G	1-00:00:00
block_grouping-off-1239739722-stage1-train-primary	20401190	Tr_block_grouping_block_grouping_orig_novh_c.1_s1239739722_STATREP10_STAGE1	block_grouping	off	1239739722	/home/hersco/training_new_domains/2026-08-20/statistical_replication_stage1_10seed	/home/hersco/training_new_domains/2026-08-20/statistical_replication_stage1_10seed/20401190_Tr_block_grouping_block_grouping_orig_novh_c.1_s1239739722_STATREP10_STAGE1.txt	RUNNING	6	48G	1-00:00:00
block_grouping-off-1472491096-stage1-train-primary	20401191	Tr_block_grouping_block_grouping_orig_novh_c.1_s1472491096_STATREP10_STAGE1	block_grouping	off	1472491096	/home/hersco/training_new_domains/2026-08-20/statistical_replication_stage1_10seed	/home/hersco/training_new_domains/2026-08-20/statistical_replication_stage1_10seed/20401191_Tr_block_grouping_block_grouping_orig_novh_c.1_s1472491096_STATREP10_STAGE1.txt	RUNNING	6	48G	1-00:00:00
block_grouping-off-534933607-stage1-train-primary	20401192	Tr_block_grouping_block_grouping_orig_novh_c.1_s534933607_STATREP10_STAGE1	block_grouping	off	534933607	/home/hersco/training_new_domains/2026-08-20/statistical_replication_stage1_10seed	/home/hersco/training_new_domains/2026-08-20/statistical_replication_stage1_10seed/20401192_Tr_block_grouping_block_grouping_orig_novh_c.1_s534933607_STATREP10_STAGE1.txt	RUNNING	6	48G	1-00:00:00
block_grouping-off-2082152039-stage1-train-primary	20401193	Tr_block_grouping_block_grouping_orig_novh_c.1_s2082152039_STATREP10_STAGE1	block_grouping	off	2082152039	/home/hersco/training_new_domains/2026-08-20/statistical_replication_stage1_10seed	/home/hersco/training_new_domains/2026-08-20/statistical_replication_stage1_10seed/20401193_Tr_block_grouping_block_grouping_orig_novh_c.1_s2082152039_STATREP10_STAGE1.txt	RUNNING	6	48G	1-00:00:00
block_grouping-off-1510771779-stage1-train-primary	20401194	Tr_block_grouping_block_grouping_orig_novh_c.1_s1510771779_STATREP10_STAGE1	block_grouping	off	1510771779	/home/hersco/training_new_domains/2026-08-20/statistical_replication_stage1_10seed	/home/hersco/training_new_domains/2026-08-20/statistical_replication_stage1_10seed/20401194_Tr_block_grouping_block_grouping_orig_novh_c.1_s1510771779_STATREP10_STAGE1.txt	RUNNING	6	48G	1-00:00:00
block_grouping-off-923500475-stage1-train-primary	20401195	Tr_block_grouping_block_grouping_orig_novh_c.1_s923500475_STATREP10_STAGE1	block_grouping	off	923500475	/home/hersco/training_new_domains/2026-08-20/statistical_replication_stage1_10seed	/home/hersco/training_new_domains/2026-08-20/statistical_replication_stage1_10seed/20401195_Tr_block_grouping_block_grouping_orig_novh_c.1_s923500475_STATREP10_STAGE1.txt	RUNNING	6	48G	1-00:00:00
block_grouping-off-1972442430-stage1-train-primary	20401196	Tr_block_grouping_block_grouping_orig_novh_c.1_s1972442430_STATREP10_STAGE1	block_grouping	off	1972442430	/home/hersco/training_new_domains/2026-08-20/statistical_replication_stage1_10seed	/home/hersco/training_new_domains/2026-08-20/statistical_replication_stage1_10seed/20401196_Tr_block_grouping_block_grouping_orig_novh_c.1_s1972442430_STATREP10_STAGE1.txt	RUNNING	6	48G	1-00:00:00
drone-on-1963100312-stage1-train-primary	20401197	Tr_drone_drone_orig_vh_c.1_s1963100312_STATREP10_STAGE1	drone	on	1963100312	/home/hersco/training_new_domains/2026-08-20/statistical_replication_stage1_10seed	/home/hersco/training_new_domains/2026-08-20/statistical_replication_stage1_10seed/20401197_Tr_drone_drone_orig_vh_c.1_s1963100312_STATREP10_STAGE1.txt	RUNNING	6	48G	1-00:00:00
drone-on-2011206605-stage1-train-primary	20401198	Tr_drone_drone_orig_vh_c.1_s2011206605_STATREP10_STAGE1	drone	on	2011206605	/home/hersco/training_new_domains/2026-08-20/statistical_replication_stage1_10seed	/home/hersco/training_new_domains/2026-08-20/statistical_replication_stage1_10seed/20401198_Tr_drone_drone_orig_vh_c.1_s2011206605_STATREP10_STAGE1.txt	RUNNING	6	48G	1-00:00:00
drone-on-1073581256-stage1-train-primary	20401199	Tr_drone_drone_orig_vh_c.1_s1073581256_STATREP10_STAGE1	drone	on	1073581256	/home/hersco/training_new_domains/2026-08-20/statistical_replication_stage1_10seed	/home/hersco/training_new_domains/2026-08-20/statistical_replication_stage1_10seed/20401199_Tr_drone_drone_orig_vh_c.1_s1073581256_STATREP10_STAGE1.txt	RUNNING	6	48G	1-00:00:00
drone-on-1239739722-stage1-train-primary	20401200	Tr_drone_drone_orig_vh_c.1_s1239739722_STATREP10_STAGE1	drone	on	1239739722	/home/hersco/training_new_domains/2026-08-20/statistical_replication_stage1_10seed	/home/hersco/training_new_domains/2026-08-20/statistical_replication_stage1_10seed/20401200_Tr_drone_drone_orig_vh_c.1_s1239739722_STATREP10_STAGE1.txt	RUNNING	6	48G	1-00:00:00
drone-on-1472491096-stage1-train-primary	20401201	Tr_drone_drone_orig_vh_c.1_s1472491096_STATREP10_STAGE1	drone	on	1472491096	/home/hersco/training_new_domains/2026-08-20/statistical_replication_stage1_10seed	/home/hersco/training_new_domains/2026-08-20/statistical_replication_stage1_10seed/20401201_Tr_drone_drone_orig_vh_c.1_s1472491096_STATREP10_STAGE1.txt	RUNNING	6	48G	1-00:00:00
drone-on-534933607-stage1-train-primary	20401202	Tr_drone_drone_orig_vh_c.1_s534933607_STATREP10_STAGE1	drone	on	534933607	/home/hersco/training_new_domains/2026-08-20/statistical_replication_stage1_10seed	/home/hersco/training_new_domains/2026-08-20/statistical_replication_stage1_10seed/20401202_Tr_drone_drone_orig_vh_c.1_s534933607_STATREP10_STAGE1.txt	RUNNING	6	48G	1-00:00:00
drone-on-2082152039-stage1-train-primary	20401203	Tr_drone_drone_orig_vh_c.1_s2082152039_STATREP10_STAGE1	drone	on	2082152039	/home/hersco/training_new_domains/2026-08-20/statistical_replication_stage1_10seed	/home/hersco/training_new_domains/2026-08-20/statistical_replication_stage1_10seed/20401203_Tr_drone_drone_orig_vh_c.1_s2082152039_STATREP10_STAGE1.txt	RUNNING	6	48G	1-00:00:00
drone-on-1510771779-stage1-train-primary	20401204	Tr_drone_drone_orig_vh_c.1_s1510771779_STATREP10_STAGE1	drone	on	1510771779	/home/hersco/training_new_domains/2026-08-20/statistical_replication_stage1_10seed	/home/hersco/training_new_domains/2026-08-20/statistical_replication_stage1_10seed/20401204_Tr_drone_drone_orig_vh_c.1_s1510771779_STATREP10_STAGE1.txt	RUNNING	6	48G	1-00:00:00
drone-on-923500475-stage1-train-primary	20401205	Tr_drone_drone_orig_vh_c.1_s923500475_STATREP10_STAGE1	drone	on	923500475	/home/hersco/training_new_domains/2026-08-20/statistical_replication_stage1_10seed	/home/hersco/training_new_domains/2026-08-20/statistical_replication_stage1_10seed/20401205_Tr_drone_drone_orig_vh_c.1_s923500475_STATREP10_STAGE1.txt	RUNNING	6	48G	1-00:00:00
drone-on-1972442430-stage1-train-primary	20401206	Tr_drone_drone_orig_vh_c.1_s1972442430_STATREP10_STAGE1	drone	on	1972442430	/home/hersco/training_new_domains/2026-08-20/statistical_replication_stage1_10seed	/home/hersco/training_new_domains/2026-08-20/statistical_replication_stage1_10seed/20401206_Tr_drone_drone_orig_vh_c.1_s1972442430_STATREP10_STAGE1.txt	RUNNING	6	48G	1-00:00:00
drone-off-1963100312-stage1-train-primary	20401207	Tr_drone_drone_orig_novh_c.1_s1963100312_STATREP10_STAGE1	drone	off	1963100312	/home/hersco/training_new_domains/2026-08-20/statistical_replication_stage1_10seed	/home/hersco/training_new_domains/2026-08-20/statistical_replication_stage1_10seed/20401207_Tr_drone_drone_orig_novh_c.1_s1963100312_STATREP10_STAGE1.txt	RUNNING	6	48G	1-00:00:00
drone-off-2011206605-stage1-train-primary	20401208	Tr_drone_drone_orig_novh_c.1_s2011206605_STATREP10_STAGE1	drone	off	2011206605	/home/hersco/training_new_domains/2026-08-20/statistical_replication_stage1_10seed	/home/hersco/training_new_domains/2026-08-20/statistical_replication_stage1_10seed/20401208_Tr_drone_drone_orig_novh_c.1_s2011206605_STATREP10_STAGE1.txt	RUNNING	6	48G	1-00:00:00
drone-off-1073581256-stage1-train-primary	20401209	Tr_drone_drone_orig_novh_c.1_s1073581256_STATREP10_STAGE1	drone	off	1073581256	/home/hersco/training_new_domains/2026-08-20/statistical_replication_stage1_10seed	/home/hersco/training_new_domains/2026-08-20/statistical_replication_stage1_10seed/20401209_Tr_drone_drone_orig_novh_c.1_s1073581256_STATREP10_STAGE1.txt	RUNNING	6	48G	1-00:00:00
drone-off-1239739722-stage1-train-primary	20401210	Tr_drone_drone_orig_novh_c.1_s1239739722_STATREP10_STAGE1	drone	off	1239739722	/home/hersco/training_new_domains/2026-08-20/statistical_replication_stage1_10seed	/home/hersco/training_new_domains/2026-08-20/statistical_replication_stage1_10seed/20401210_Tr_drone_drone_orig_novh_c.1_s1239739722_STATREP10_STAGE1.txt	RUNNING	6	48G	1-00:00:00
drone-off-1472491096-stage1-train-primary	20401212	Tr_drone_drone_orig_novh_c.1_s1472491096_STATREP10_STAGE1	drone	off	1472491096	/home/hersco/training_new_domains/2026-08-20/statistical_replication_stage1_10seed	/home/hersco/training_new_domains/2026-08-20/statistical_replication_stage1_10seed/20401212_Tr_drone_drone_orig_novh_c.1_s1472491096_STATREP10_STAGE1.txt	RUNNING	6	48G	1-00:00:00
drone-off-534933607-stage1-train-primary	20401213	Tr_drone_drone_orig_novh_c.1_s534933607_STATREP10_STAGE1	drone	off	534933607	/home/hersco/training_new_domains/2026-08-20/statistical_replication_stage1_10seed	/home/hersco/training_new_domains/2026-08-20/statistical_replication_stage1_10seed/20401213_Tr_drone_drone_orig_novh_c.1_s534933607_STATREP10_STAGE1.txt	RUNNING	6	48G	1-00:00:00
drone-off-2082152039-stage1-train-primary	20401214	Tr_drone_drone_orig_novh_c.1_s2082152039_STATREP10_STAGE1	drone	off	2082152039	/home/hersco/training_new_domains/2026-08-20/statistical_replication_stage1_10seed	/home/hersco/training_new_domains/2026-08-20/statistical_replication_stage1_10seed/20401214_Tr_drone_drone_orig_novh_c.1_s2082152039_STATREP10_STAGE1.txt	RUNNING	6	48G	1-00:00:00
drone-off-1510771779-stage1-train-primary	20401215	Tr_drone_drone_orig_novh_c.1_s1510771779_STATREP10_STAGE1	drone	off	1510771779	/home/hersco/training_new_domains/2026-08-20/statistical_replication_stage1_10seed	/home/hersco/training_new_domains/2026-08-20/statistical_replication_stage1_10seed/20401215_Tr_drone_drone_orig_novh_c.1_s1510771779_STATREP10_STAGE1.txt	RUNNING	6	48G	1-00:00:00
drone-off-923500475-stage1-train-primary	20401216	Tr_drone_drone_orig_novh_c.1_s923500475_STATREP10_STAGE1	drone	off	923500475	/home/hersco/training_new_domains/2026-08-20/statistical_replication_stage1_10seed	/home/hersco/training_new_domains/2026-08-20/statistical_replication_stage1_10seed/20401216_Tr_drone_drone_orig_novh_c.1_s923500475_STATREP10_STAGE1.txt	RUNNING	6	48G	1-00:00:00
drone-off-1972442430-stage1-train-primary	20401217	Tr_drone_drone_orig_novh_c.1_s1972442430_STATREP10_STAGE1	drone	off	1972442430	/home/hersco/training_new_domains/2026-08-20/statistical_replication_stage1_10seed	/home/hersco/training_new_domains/2026-08-20/statistical_replication_stage1_10seed/20401217_Tr_drone_drone_orig_novh_c.1_s1972442430_STATREP10_STAGE1.txt	RUNNING	6	48G	1-00:00:00
fo_counters-on-1963100312-stage1-train-primary	20401218	Tr_fo_counters_fo_counters_orig_vh_c.1_s1963100312_STATREP10_STAGE1	fo_counters	on	1963100312	/home/hersco/training_new_domains/2026-08-20/statistical_replication_stage1_10seed	/home/hersco/training_new_domains/2026-08-20/statistical_replication_stage1_10seed/20401218_Tr_fo_counters_fo_counters_orig_vh_c.1_s1963100312_STATREP10_STAGE1.txt	RUNNING	6	48G	1-00:00:00
fo_counters-on-2011206605-stage1-train-primary	20401219	Tr_fo_counters_fo_counters_orig_vh_c.1_s2011206605_STATREP10_STAGE1	fo_counters	on	2011206605	/home/hersco/training_new_domains/2026-08-20/statistical_replication_stage1_10seed	/home/hersco/training_new_domains/2026-08-20/statistical_replication_stage1_10seed/20401219_Tr_fo_counters_fo_counters_orig_vh_c.1_s2011206605_STATREP10_STAGE1.txt	RUNNING	6	48G	1-00:00:00
fo_counters-on-1073581256-stage1-train-primary	20401220	Tr_fo_counters_fo_counters_orig_vh_c.1_s1073581256_STATREP10_STAGE1	fo_counters	on	1073581256	/home/hersco/training_new_domains/2026-08-20/statistical_replication_stage1_10seed	/home/hersco/training_new_domains/2026-08-20/statistical_replication_stage1_10seed/20401220_Tr_fo_counters_fo_counters_orig_vh_c.1_s1073581256_STATREP10_STAGE1.txt	RUNNING	6	48G	1-00:00:00
fo_counters-on-1239739722-stage1-train-primary	20401221	Tr_fo_counters_fo_counters_orig_vh_c.1_s1239739722_STATREP10_STAGE1	fo_counters	on	1239739722	/home/hersco/training_new_domains/2026-08-20/statistical_replication_stage1_10seed	/home/hersco/training_new_domains/2026-08-20/statistical_replication_stage1_10seed/20401221_Tr_fo_counters_fo_counters_orig_vh_c.1_s1239739722_STATREP10_STAGE1.txt	RUNNING	6	48G	1-00:00:00
fo_counters-on-1472491096-stage1-train-primary	20401222	Tr_fo_counters_fo_counters_orig_vh_c.1_s1472491096_STATREP10_STAGE1	fo_counters	on	1472491096	/home/hersco/training_new_domains/2026-08-20/statistical_replication_stage1_10seed	/home/hersco/training_new_domains/2026-08-20/statistical_replication_stage1_10seed/20401222_Tr_fo_counters_fo_counters_orig_vh_c.1_s1472491096_STATREP10_STAGE1.txt	RUNNING	6	48G	1-00:00:00
fo_counters-on-534933607-stage1-train-primary	20401223	Tr_fo_counters_fo_counters_orig_vh_c.1_s534933607_STATREP10_STAGE1	fo_counters	on	534933607	/home/hersco/training_new_domains/2026-08-20/statistical_replication_stage1_10seed	/home/hersco/training_new_domains/2026-08-20/statistical_replication_stage1_10seed/20401223_Tr_fo_counters_fo_counters_orig_vh_c.1_s534933607_STATREP10_STAGE1.txt	RUNNING	6	48G	1-00:00:00
fo_counters-on-2082152039-stage1-train-primary	20401224	Tr_fo_counters_fo_counters_orig_vh_c.1_s2082152039_STATREP10_STAGE1	fo_counters	on	2082152039	/home/hersco/training_new_domains/2026-08-20/statistical_replication_stage1_10seed	/home/hersco/training_new_domains/2026-08-20/statistical_replication_stage1_10seed/20401224_Tr_fo_counters_fo_counters_orig_vh_c.1_s2082152039_STATREP10_STAGE1.txt	RUNNING	6	48G	1-00:00:00
fo_counters-on-1510771779-stage1-train-primary	20401225	Tr_fo_counters_fo_counters_orig_vh_c.1_s1510771779_STATREP10_STAGE1	fo_counters	on	1510771779	/home/hersco/training_new_domains/2026-08-20/statistical_replication_stage1_10seed	/home/hersco/training_new_domains/2026-08-20/statistical_replication_stage1_10seed/20401225_Tr_fo_counters_fo_counters_orig_vh_c.1_s1510771779_STATREP10_STAGE1.txt	RUNNING	6	48G	1-00:00:00
fo_counters-on-923500475-stage1-train-primary	20401226	Tr_fo_counters_fo_counters_orig_vh_c.1_s923500475_STATREP10_STAGE1	fo_counters	on	923500475	/home/hersco/training_new_domains/2026-08-20/statistical_replication_stage1_10seed	/home/hersco/training_new_domains/2026-08-20/statistical_replication_stage1_10seed/20401226_Tr_fo_counters_fo_counters_orig_vh_c.1_s923500475_STATREP10_STAGE1.txt	RUNNING	6	48G	1-00:00:00
fo_counters-on-1972442430-stage1-train-primary	20401227	Tr_fo_counters_fo_counters_orig_vh_c.1_s1972442430_STATREP10_STAGE1	fo_counters	on	1972442430	/home/hersco/training_new_domains/2026-08-20/statistical_replication_stage1_10seed	/home/hersco/training_new_domains/2026-08-20/statistical_replication_stage1_10seed/20401227_Tr_fo_counters_fo_counters_orig_vh_c.1_s1972442430_STATREP10_STAGE1.txt	RUNNING	6	48G	1-00:00:00
fo_counters-off-1963100312-stage1-train-primary	20401228	Tr_fo_counters_fo_counters_orig_novh_c.1_s1963100312_STATREP10_STAGE1	fo_counters	off	1963100312	/home/hersco/training_new_domains/2026-08-20/statistical_replication_stage1_10seed	/home/hersco/training_new_domains/2026-08-20/statistical_replication_stage1_10seed/20401228_Tr_fo_counters_fo_counters_orig_novh_c.1_s1963100312_STATREP10_STAGE1.txt	RUNNING	6	48G	1-00:00:00
fo_counters-off-2011206605-stage1-train-primary	20401229	Tr_fo_counters_fo_counters_orig_novh_c.1_s2011206605_STATREP10_STAGE1	fo_counters	off	2011206605	/home/hersco/training_new_domains/2026-08-20/statistical_replication_stage1_10seed	/home/hersco/training_new_domains/2026-08-20/statistical_replication_stage1_10seed/20401229_Tr_fo_counters_fo_counters_orig_novh_c.1_s2011206605_STATREP10_STAGE1.txt	RUNNING	6	48G	1-00:00:00
fo_counters-off-1073581256-stage1-train-primary	20401230	Tr_fo_counters_fo_counters_orig_novh_c.1_s1073581256_STATREP10_STAGE1	fo_counters	off	1073581256	/home/hersco/training_new_domains/2026-08-20/statistical_replication_stage1_10seed	/home/hersco/training_new_domains/2026-08-20/statistical_replication_stage1_10seed/20401230_Tr_fo_counters_fo_counters_orig_novh_c.1_s1073581256_STATREP10_STAGE1.txt	RUNNING	6	48G	1-00:00:00
fo_counters-off-1239739722-stage1-train-primary	20401231	Tr_fo_counters_fo_counters_orig_novh_c.1_s1239739722_STATREP10_STAGE1	fo_counters	off	1239739722	/home/hersco/training_new_domains/2026-08-20/statistical_replication_stage1_10seed	/home/hersco/training_new_domains/2026-08-20/statistical_replication_stage1_10seed/20401231_Tr_fo_counters_fo_counters_orig_novh_c.1_s1239739722_STATREP10_STAGE1.txt	RUNNING	6	48G	1-00:00:00
fo_counters-off-1472491096-stage1-train-primary	20401232	Tr_fo_counters_fo_counters_orig_novh_c.1_s1472491096_STATREP10_STAGE1	fo_counters	off	1472491096	/home/hersco/training_new_domains/2026-08-20/statistical_replication_stage1_10seed	/home/hersco/training_new_domains/2026-08-20/statistical_replication_stage1_10seed/20401232_Tr_fo_counters_fo_counters_orig_novh_c.1_s1472491096_STATREP10_STAGE1.txt	RUNNING	6	48G	1-00:00:00
fo_counters-off-534933607-stage1-train-primary	20401233	Tr_fo_counters_fo_counters_orig_novh_c.1_s534933607_STATREP10_STAGE1	fo_counters	off	534933607	/home/hersco/training_new_domains/2026-08-20/statistical_replication_stage1_10seed	/home/hersco/training_new_domains/2026-08-20/statistical_replication_stage1_10seed/20401233_Tr_fo_counters_fo_counters_orig_novh_c.1_s534933607_STATREP10_STAGE1.txt	RUNNING	6	48G	1-00:00:00
fo_counters-off-2082152039-stage1-train-primary	20401234	Tr_fo_counters_fo_counters_orig_novh_c.1_s2082152039_STATREP10_STAGE1	fo_counters	off	2082152039	/home/hersco/training_new_domains/2026-08-20/statistical_replication_stage1_10seed	/home/hersco/training_new_domains/2026-08-20/statistical_replication_stage1_10seed/20401234_Tr_fo_counters_fo_counters_orig_novh_c.1_s2082152039_STATREP10_STAGE1.txt	RUNNING	6	48G	1-00:00:00
fo_counters-off-1510771779-stage1-train-primary	20401235	Tr_fo_counters_fo_counters_orig_novh_c.1_s1510771779_STATREP10_STAGE1	fo_counters	off	1510771779	/home/hersco/training_new_domains/2026-08-20/statistical_replication_stage1_10seed	/home/hersco/training_new_domains/2026-08-20/statistical_replication_stage1_10seed/20401235_Tr_fo_counters_fo_counters_orig_novh_c.1_s1510771779_STATREP10_STAGE1.txt	RUNNING	6	48G	1-00:00:00
fo_counters-off-923500475-stage1-train-primary	20401236	Tr_fo_counters_fo_counters_orig_novh_c.1_s923500475_STATREP10_STAGE1	fo_counters	off	923500475	/home/hersco/training_new_domains/2026-08-20/statistical_replication_stage1_10seed	/home/hersco/training_new_domains/2026-08-20/statistical_replication_stage1_10seed/20401236_Tr_fo_counters_fo_counters_orig_novh_c.1_s923500475_STATREP10_STAGE1.txt	RUNNING	6	48G	1-00:00:00
fo_counters-off-1972442430-stage1-train-primary	20401237	Tr_fo_counters_fo_counters_orig_novh_c.1_s1972442430_STATREP10_STAGE1	fo_counters	off	1972442430	/home/hersco/training_new_domains/2026-08-20/statistical_replication_stage1_10seed	/home/hersco/training_new_domains/2026-08-20/statistical_replication_stage1_10seed/20401237_Tr_fo_counters_fo_counters_orig_novh_c.1_s1972442430_STATREP10_STAGE1.txt	RUNNING	6	48G	1-00:00:00
rover-on-1963100312-stage1-train-primary	20401238	Tr_rover_rover_orig_vh_c.1_s1963100312_STATREP10_STAGE1	rover	on	1963100312	/home/hersco/training_new_domains/2026-08-20/statistical_replication_stage1_10seed	/home/hersco/training_new_domains/2026-08-20/statistical_replication_stage1_10seed/20401238_Tr_rover_rover_orig_vh_c.1_s1963100312_STATREP10_STAGE1.txt	RUNNING	6	48G	1-00:00:00
rover-on-2011206605-stage1-train-primary	20401239	Tr_rover_rover_orig_vh_c.1_s2011206605_STATREP10_STAGE1	rover	on	2011206605	/home/hersco/training_new_domains/2026-08-20/statistical_replication_stage1_10seed	/home/hersco/training_new_domains/2026-08-20/statistical_replication_stage1_10seed/20401239_Tr_rover_rover_orig_vh_c.1_s2011206605_STATREP10_STAGE1.txt	RUNNING	6	48G	1-00:00:00
rover-on-1073581256-stage1-train-primary	20401240	Tr_rover_rover_orig_vh_c.1_s1073581256_STATREP10_STAGE1	rover	on	1073581256	/home/hersco/training_new_domains/2026-08-20/statistical_replication_stage1_10seed	/home/hersco/training_new_domains/2026-08-20/statistical_replication_stage1_10seed/20401240_Tr_rover_rover_orig_vh_c.1_s1073581256_STATREP10_STAGE1.txt	RUNNING	6	48G	1-00:00:00
rover-on-1239739722-stage1-train-primary	20401241	Tr_rover_rover_orig_vh_c.1_s1239739722_STATREP10_STAGE1	rover	on	1239739722	/home/hersco/training_new_domains/2026-08-20/statistical_replication_stage1_10seed	/home/hersco/training_new_domains/2026-08-20/statistical_replication_stage1_10seed/20401241_Tr_rover_rover_orig_vh_c.1_s1239739722_STATREP10_STAGE1.txt	RUNNING	6	48G	1-00:00:00
rover-on-1472491096-stage1-train-primary	20401242	Tr_rover_rover_orig_vh_c.1_s1472491096_STATREP10_STAGE1	rover	on	1472491096	/home/hersco/training_new_domains/2026-08-20/statistical_replication_stage1_10seed	/home/hersco/training_new_domains/2026-08-20/statistical_replication_stage1_10seed/20401242_Tr_rover_rover_orig_vh_c.1_s1472491096_STATREP10_STAGE1.txt	RUNNING	6	48G	1-00:00:00
rover-on-534933607-stage1-train-primary	20401243	Tr_rover_rover_orig_vh_c.1_s534933607_STATREP10_STAGE1	rover	on	534933607	/home/hersco/training_new_domains/2026-08-20/statistical_replication_stage1_10seed	/home/hersco/training_new_domains/2026-08-20/statistical_replication_stage1_10seed/20401243_Tr_rover_rover_orig_vh_c.1_s534933607_STATREP10_STAGE1.txt	RUNNING	6	48G	1-00:00:00
rover-on-2082152039-stage1-train-primary	20401244	Tr_rover_rover_orig_vh_c.1_s2082152039_STATREP10_STAGE1	rover	on	2082152039	/home/hersco/training_new_domains/2026-08-20/statistical_replication_stage1_10seed	/home/hersco/training_new_domains/2026-08-20/statistical_replication_stage1_10seed/20401244_Tr_rover_rover_orig_vh_c.1_s2082152039_STATREP10_STAGE1.txt	RUNNING	6	48G	1-00:00:00
rover-on-1510771779-stage1-train-primary	20401245	Tr_rover_rover_orig_vh_c.1_s1510771779_STATREP10_STAGE1	rover	on	1510771779	/home/hersco/training_new_domains/2026-08-20/statistical_replication_stage1_10seed	/home/hersco/training_new_domains/2026-08-20/statistical_replication_stage1_10seed/20401245_Tr_rover_rover_orig_vh_c.1_s1510771779_STATREP10_STAGE1.txt	RUNNING	6	48G	1-00:00:00
rover-on-923500475-stage1-train-primary	20401246	Tr_rover_rover_orig_vh_c.1_s923500475_STATREP10_STAGE1	rover	on	923500475	/home/hersco/training_new_domains/2026-08-20/statistical_replication_stage1_10seed	/home/hersco/training_new_domains/2026-08-20/statistical_replication_stage1_10seed/20401246_Tr_rover_rover_orig_vh_c.1_s923500475_STATREP10_STAGE1.txt	RUNNING	6	48G	1-00:00:00
rover-on-1972442430-stage1-train-primary	20401247	Tr_rover_rover_orig_vh_c.1_s1972442430_STATREP10_STAGE1	rover	on	1972442430	/home/hersco/training_new_domains/2026-08-20/statistical_replication_stage1_10seed	/home/hersco/training_new_domains/2026-08-20/statistical_replication_stage1_10seed/20401247_Tr_rover_rover_orig_vh_c.1_s1972442430_STATREP10_STAGE1.txt	RUNNING	6	48G	1-00:00:00
rover-off-1963100312-stage1-train-primary	20401248	Tr_rover_rover_orig_novh_c.1_s1963100312_STATREP10_STAGE1	rover	off	1963100312	/home/hersco/training_new_domains/2026-08-20/statistical_replication_stage1_10seed	/home/hersco/training_new_domains/2026-08-20/statistical_replication_stage1_10seed/20401248_Tr_rover_rover_orig_novh_c.1_s1963100312_STATREP10_STAGE1.txt	RUNNING	6	48G	1-00:00:00
rover-off-2011206605-stage1-train-primary	20401249	Tr_rover_rover_orig_novh_c.1_s2011206605_STATREP10_STAGE1	rover	off	2011206605	/home/hersco/training_new_domains/2026-08-20/statistical_replication_stage1_10seed	/home/hersco/training_new_domains/2026-08-20/statistical_replication_stage1_10seed/20401249_Tr_rover_rover_orig_novh_c.1_s2011206605_STATREP10_STAGE1.txt	RUNNING	6	48G	1-00:00:00
rover-off-1073581256-stage1-train-primary	20401250	Tr_rover_rover_orig_novh_c.1_s1073581256_STATREP10_STAGE1	rover	off	1073581256	/home/hersco/training_new_domains/2026-08-20/statistical_replication_stage1_10seed	/home/hersco/training_new_domains/2026-08-20/statistical_replication_stage1_10seed/20401250_Tr_rover_rover_orig_novh_c.1_s1073581256_STATREP10_STAGE1.txt	RUNNING	6	48G	1-00:00:00
rover-off-1239739722-stage1-train-primary	20401251	Tr_rover_rover_orig_novh_c.1_s1239739722_STATREP10_STAGE1	rover	off	1239739722	/home/hersco/training_new_domains/2026-08-20/statistical_replication_stage1_10seed	/home/hersco/training_new_domains/2026-08-20/statistical_replication_stage1_10seed/20401251_Tr_rover_rover_orig_novh_c.1_s1239739722_STATREP10_STAGE1.txt	RUNNING	6	48G	1-00:00:00
rover-off-1472491096-stage1-train-primary	20401252	Tr_rover_rover_orig_novh_c.1_s1472491096_STATREP10_STAGE1	rover	off	1472491096	/home/hersco/training_new_domains/2026-08-20/statistical_replication_stage1_10seed	/home/hersco/training_new_domains/2026-08-20/statistical_replication_stage1_10seed/20401252_Tr_rover_rover_orig_novh_c.1_s1472491096_STATREP10_STAGE1.txt	RUNNING	6	48G	1-00:00:00
rover-off-534933607-stage1-train-primary	20401253	Tr_rover_rover_orig_novh_c.1_s534933607_STATREP10_STAGE1	rover	off	534933607	/home/hersco/training_new_domains/2026-08-20/statistical_replication_stage1_10seed	/home/hersco/training_new_domains/2026-08-20/statistical_replication_stage1_10seed/20401253_Tr_rover_rover_orig_novh_c.1_s534933607_STATREP10_STAGE1.txt	RUNNING	6	48G	1-00:00:00
rover-off-2082152039-stage1-train-primary	20401254	Tr_rover_rover_orig_novh_c.1_s2082152039_STATREP10_STAGE1	rover	off	2082152039	/home/hersco/training_new_domains/2026-08-20/statistical_replication_stage1_10seed	/home/hersco/training_new_domains/2026-08-20/statistical_replication_stage1_10seed/20401254_Tr_rover_rover_orig_novh_c.1_s2082152039_STATREP10_STAGE1.txt	RUNNING	6	48G	1-00:00:00
rover-off-1510771779-stage1-train-primary	20401255	Tr_rover_rover_orig_novh_c.1_s1510771779_STATREP10_STAGE1	rover	off	1510771779	/home/hersco/training_new_domains/2026-08-20/statistical_replication_stage1_10seed	/home/hersco/training_new_domains/2026-08-20/statistical_replication_stage1_10seed/20401255_Tr_rover_rover_orig_novh_c.1_s1510771779_STATREP10_STAGE1.txt	RUNNING	6	48G	1-00:00:00
rover-off-923500475-stage1-train-primary	20401256	Tr_rover_rover_orig_novh_c.1_s923500475_STATREP10_STAGE1	rover	off	923500475	/home/hersco/training_new_domains/2026-08-20/statistical_replication_stage1_10seed	/home/hersco/training_new_domains/2026-08-20/statistical_replication_stage1_10seed/20401256_Tr_rover_rover_orig_novh_c.1_s923500475_STATREP10_STAGE1.txt	RUNNING	6	48G	1-00:00:00
rover-off-1972442430-stage1-train-primary	20401257	Tr_rover_rover_orig_novh_c.1_s1972442430_STATREP10_STAGE1	rover	off	1972442430	/home/hersco/training_new_domains/2026-08-20/statistical_replication_stage1_10seed	/home/hersco/training_new_domains/2026-08-20/statistical_replication_stage1_10seed/20401257_Tr_rover_rover_orig_novh_c.1_s1972442430_STATREP10_STAGE1.txt	RUNNING	6	48G	1-00:00:00
counters-off-1963100312-stage1-train-primary	20401258	Tr_counters_counters_orig_novh_c.1_s1963100312_STATREP10_STAGE1	counters	off	1963100312	/home/hersco/training_new_domains/2026-08-20/statistical_replication_stage1_10seed	/home/hersco/training_new_domains/2026-08-20/statistical_replication_stage1_10seed/20401258_Tr_counters_counters_orig_novh_c.1_s1963100312_STATREP10_STAGE1.txt	RUNNING	6	48G	1-00:00:00
counters-off-2011206605-stage1-train-primary	20401259	Tr_counters_counters_orig_novh_c.1_s2011206605_STATREP10_STAGE1	counters	off	2011206605	/home/hersco/training_new_domains/2026-08-20/statistical_replication_stage1_10seed	/home/hersco/training_new_domains/2026-08-20/statistical_replication_stage1_10seed/20401259_Tr_counters_counters_orig_novh_c.1_s2011206605_STATREP10_STAGE1.txt	RUNNING	6	48G	1-00:00:00
counters-off-1073581256-stage1-train-primary	20401260	Tr_counters_counters_orig_novh_c.1_s1073581256_STATREP10_STAGE1	counters	off	1073581256	/home/hersco/training_new_domains/2026-08-20/statistical_replication_stage1_10seed	/home/hersco/training_new_domains/2026-08-20/statistical_replication_stage1_10seed/20401260_Tr_counters_counters_orig_novh_c.1_s1073581256_STATREP10_STAGE1.txt	RUNNING	6	48G	1-00:00:00
counters-off-1239739722-stage1-train-primary	20401261	Tr_counters_counters_orig_novh_c.1_s1239739722_STATREP10_STAGE1	counters	off	1239739722	/home/hersco/training_new_domains/2026-08-20/statistical_replication_stage1_10seed	/home/hersco/training_new_domains/2026-08-20/statistical_replication_stage1_10seed/20401261_Tr_counters_counters_orig_novh_c.1_s1239739722_STATREP10_STAGE1.txt	RUNNING	6	48G	1-00:00:00
counters-off-1472491096-stage1-train-primary	20401262	Tr_counters_counters_orig_novh_c.1_s1472491096_STATREP10_STAGE1	counters	off	1472491096	/home/hersco/training_new_domains/2026-08-20/statistical_replication_stage1_10seed	/home/hersco/training_new_domains/2026-08-20/statistical_replication_stage1_10seed/20401262_Tr_counters_counters_orig_novh_c.1_s1472491096_STATREP10_STAGE1.txt	RUNNING	6	48G	1-00:00:00
counters-off-534933607-stage1-train-primary	20401263	Tr_counters_counters_orig_novh_c.1_s534933607_STATREP10_STAGE1	counters	off	534933607	/home/hersco/training_new_domains/2026-08-20/statistical_replication_stage1_10seed	/home/hersco/training_new_domains/2026-08-20/statistical_replication_stage1_10seed/20401263_Tr_counters_counters_orig_novh_c.1_s534933607_STATREP10_STAGE1.txt	RUNNING	6	48G	1-00:00:00
counters-off-2082152039-stage1-train-primary	20401264	Tr_counters_counters_orig_novh_c.1_s2082152039_STATREP10_STAGE1	counters	off	2082152039	/home/hersco/training_new_domains/2026-08-20/statistical_replication_stage1_10seed	/home/hersco/training_new_domains/2026-08-20/statistical_replication_stage1_10seed/20401264_Tr_counters_counters_orig_novh_c.1_s2082152039_STATREP10_STAGE1.txt	RUNNING	6	48G	1-00:00:00
counters-off-1510771779-stage1-train-primary	20401265	Tr_counters_counters_orig_novh_c.1_s1510771779_STATREP10_STAGE1	counters	off	1510771779	/home/hersco/training_new_domains/2026-08-20/statistical_replication_stage1_10seed	/home/hersco/training_new_domains/2026-08-20/statistical_replication_stage1_10seed/20401265_Tr_counters_counters_orig_novh_c.1_s1510771779_STATREP10_STAGE1.txt	RUNNING	6	48G	1-00:00:00
counters-off-923500475-stage1-train-primary	20401266	Tr_counters_counters_orig_novh_c.1_s923500475_STATREP10_STAGE1	counters	off	923500475	/home/hersco/training_new_domains/2026-08-20/statistical_replication_stage1_10seed	/home/hersco/training_new_domains/2026-08-20/statistical_replication_stage1_10seed/20401266_Tr_counters_counters_orig_novh_c.1_s923500475_STATREP10_STAGE1.txt	RUNNING	6	48G	1-00:00:00
counters-off-1972442430-stage1-train-primary	20401267	Tr_counters_counters_orig_novh_c.1_s1972442430_STATREP10_STAGE1	counters	off	1972442430	/home/hersco/training_new_domains/2026-08-20/statistical_replication_stage1_10seed	/home/hersco/training_new_domains/2026-08-20/statistical_replication_stage1_10seed/20401267_Tr_counters_counters_orig_novh_c.1_s1972442430_STATREP10_STAGE1.txt	RUNNING	6	48G	1-00:00:00
counters-on-1963100312-stage1-train-primary	20401268	Tr_counters_counters_orig_vh_c.1_s1963100312_STATREP10_STAGE1	counters	on	1963100312	/home/hersco/training_new_domains/2026-08-20/statistical_replication_stage1_10seed	/home/hersco/training_new_domains/2026-08-20/statistical_replication_stage1_10seed/20401268_Tr_counters_counters_orig_vh_c.1_s1963100312_STATREP10_STAGE1.txt	RUNNING	6	48G	1-00:00:00
counters-on-2011206605-stage1-train-primary	20401269	Tr_counters_counters_orig_vh_c.1_s2011206605_STATREP10_STAGE1	counters	on	2011206605	/home/hersco/training_new_domains/2026-08-20/statistical_replication_stage1_10seed	/home/hersco/training_new_domains/2026-08-20/statistical_replication_stage1_10seed/20401269_Tr_counters_counters_orig_vh_c.1_s2011206605_STATREP10_STAGE1.txt	RUNNING	6	48G	1-00:00:00
counters-on-1073581256-stage1-train-primary	20401270	Tr_counters_counters_orig_vh_c.1_s1073581256_STATREP10_STAGE1	counters	on	1073581256	/home/hersco/training_new_domains/2026-08-20/statistical_replication_stage1_10seed	/home/hersco/training_new_domains/2026-08-20/statistical_replication_stage1_10seed/20401270_Tr_counters_counters_orig_vh_c.1_s1073581256_STATREP10_STAGE1.txt	RUNNING	6	48G	1-00:00:00
counters-on-1239739722-stage1-train-primary	20401271	Tr_counters_counters_orig_vh_c.1_s1239739722_STATREP10_STAGE1	counters	on	1239739722	/home/hersco/training_new_domains/2026-08-20/statistical_replication_stage1_10seed	/home/hersco/training_new_domains/2026-08-20/statistical_replication_stage1_10seed/20401271_Tr_counters_counters_orig_vh_c.1_s1239739722_STATREP10_STAGE1.txt	RUNNING	6	48G	1-00:00:00
counters-on-1472491096-stage1-train-primary	20401272	Tr_counters_counters_orig_vh_c.1_s1472491096_STATREP10_STAGE1	counters	on	1472491096	/home/hersco/training_new_domains/2026-08-20/statistical_replication_stage1_10seed	/home/hersco/training_new_domains/2026-08-20/statistical_replication_stage1_10seed/20401272_Tr_counters_counters_orig_vh_c.1_s1472491096_STATREP10_STAGE1.txt	RUNNING	6	48G	1-00:00:00
counters-on-534933607-stage1-train-primary	20401273	Tr_counters_counters_orig_vh_c.1_s534933607_STATREP10_STAGE1	counters	on	534933607	/home/hersco/training_new_domains/2026-08-20/statistical_replication_stage1_10seed	/home/hersco/training_new_domains/2026-08-20/statistical_replication_stage1_10seed/20401273_Tr_counters_counters_orig_vh_c.1_s534933607_STATREP10_STAGE1.txt	RUNNING	6	48G	1-00:00:00
counters-on-2082152039-stage1-train-primary	20401274	Tr_counters_counters_orig_vh_c.1_s2082152039_STATREP10_STAGE1	counters	on	2082152039	/home/hersco/training_new_domains/2026-08-20/statistical_replication_stage1_10seed	/home/hersco/training_new_domains/2026-08-20/statistical_replication_stage1_10seed/20401274_Tr_counters_counters_orig_vh_c.1_s2082152039_STATREP10_STAGE1.txt	RUNNING	6	48G	1-00:00:00
counters-on-1510771779-stage1-train-primary	20401275	Tr_counters_counters_orig_vh_c.1_s1510771779_STATREP10_STAGE1	counters	on	1510771779	/home/hersco/training_new_domains/2026-08-20/statistical_replication_stage1_10seed	/home/hersco/training_new_domains/2026-08-20/statistical_replication_stage1_10seed/20401275_Tr_counters_counters_orig_vh_c.1_s1510771779_STATREP10_STAGE1.txt	RUNNING	6	48G	1-00:00:00
counters-on-923500475-stage1-train-primary	20401276	Tr_counters_counters_orig_vh_c.1_s923500475_STATREP10_STAGE1	counters	on	923500475	/home/hersco/training_new_domains/2026-08-20/statistical_replication_stage1_10seed	/home/hersco/training_new_domains/2026-08-20/statistical_replication_stage1_10seed/20401276_Tr_counters_counters_orig_vh_c.1_s923500475_STATREP10_STAGE1.txt	RUNNING	6	48G	1-00:00:00
counters-on-1972442430-stage1-train-primary	20401277	Tr_counters_counters_orig_vh_c.1_s1972442430_STATREP10_STAGE1	counters	on	1972442430	/home/hersco/training_new_domains/2026-08-20/statistical_replication_stage1_10seed	/home/hersco/training_new_domains/2026-08-20/statistical_replication_stage1_10seed/20401277_Tr_counters_counters_orig_vh_c.1_s1972442430_STATREP10_STAGE1.txt	RUNNING	6	48G	1-00:00:00
