relative_path,sha256,bytes
asnets/asnets/__init__.py,e3b0c44298fc1c149afbf4c8996fb92427ae41e4649b934ca495991b7852b855,0
asnets/asnets/checkpointing.py,5f562d823fa36b6e4a049fe0cad86a8142d7b81ce2046c4243a74496bbc5f7c8,4455
asnets/asnets/domain_specific/__init__.py,22e0e72ff341c2ddcdf868e1912e2c3647af4a280acb98733586f26f2db3ab50,995
asnets/asnets/domain_specific/gold_miner.py,e2cec7fa793d18e47767cb31659a4eefa7e6f5932450b2769399753683d52564,25440
asnets/asnets/explorer.py,2928de2ff7877f6f16e400b5db158f713abcfa5a39df37eeb22322b36685bf9c,16187
asnets/asnets/explorer_spawn_grads.py,8e298bd0f3e304ed0c5afff9592b82f30a0dfd7a1da0daa040f91ad157fbe284,18591
asnets/asnets/freeze_overfit_test.py,bc7d4ee11120df4261c092354d259fbbad18ab1a449e5fc71cbfb37b5ab8b0af,15518
asnets/asnets/heur_inputs.py,e3cffabd1b4ff6d5d4a99ac7668f28d793173941bf3964789b3717db3db8ff44,17366
asnets/asnets/heuristic_value_transform.py,728091cd5aa39fcc0ffff1d4f9dc1939155550160331a5bf2b60b790a10ce811,499
asnets/asnets/interfaces/__init__.py,e3b0c44298fc1c149afbf4c8996fb92427ae41e4649b934ca495991b7852b855,0
asnets/asnets/interfaces/enhsp_interface.py,f237c75f7fcbe25bd5a7e52a94b4a191806433339bdd38ece940928755619ad7,3796
asnets/asnets/interfaces/fd_interface.py,fbb1135affc4fb2e3984f7076068c1e54c234c3f9eb6e1217688df3a0a77a3cd,26287
asnets/asnets/interfaces/jpddl_interface.py,1160c28d1b8cfc44b2435da3471821ab1fbd22e9111d031f46baa45951439538,6955
asnets/asnets/interfaces/metricff_interface.py,b7491114e8d1c32c297176ebfd0d7aaf4bbc3c8ba2cefd7c051e4171b6c143a7,4535
asnets/asnets/interfaces/ssipp_interface.py,bfbd8731698b55b3597359189da2f5b8bf73368b42754623b7adea689d89a412,7735
asnets/asnets/loss_fn_test.py,fe10820c72280c056c1dc74a1fdbc34757a5d7c7422e07a9d97bb596d24cdf04,1050
asnets/asnets/mcts_mechanism_trace.py,9e24b868c40cedea2ed6e7cd1d9d106546a2bb87e277e21505a4a6c2fcbcab70,5499
asnets/asnets/models.py,8e595ebb91733177580489ef938ad6982dd8f581649e99997f6c191961cef865,49257
asnets/asnets/network_modules.py,64dca6a4b3b90bb04504b15675138a0e897c4ec603172e5c4bd42402ba1aeeaa,23416
asnets/asnets/ops/__init__.py,e3b0c44298fc1c149afbf4c8996fb92427ae41e4649b934ca495991b7852b855,0
asnets/asnets/ops/asnet_ops.py,b52b499db9bd94d6fc577113023b955e317d6930d60c3bd71baa256555cbbff3,10783
asnets/asnets/ops/test_asnet_ops.py,74973227d678c7bab518c794701fbd2a29c6cc49362c64a3be0aeef0f662c20a,13295
asnets/asnets/parllel_explore_spawn_grads.py,253d8137a81c6ef0bc9cee3cf23adfdd1af837c569a2939f5cbe99f5f9410b2d,38595
asnets/asnets/prob_dom_meta.py,db0af87205426cbdfd2da0077ed89d1312f909b94901fd8cd868d3f7a1109a1c,65899
asnets/asnets/scripts/__init__.py,e3b0c44298fc1c149afbf4c8996fb92427ae41e4649b934ca495991b7852b855,0
asnets/asnets/scripts/ablation_coverage_plot.py,12f93bbc68ed14b9e54f7a4803445a991fff959331a84674ca0b1d172b01ff10,4173
asnets/asnets/scripts/bw_collate_vis.py,1dc13a97e1de07516283c37401f71f2c5a213e9ee73c076a4afcfd3623cfad18,14462
asnets/asnets/scripts/collate_baselines.py,6840c56206ba0c6d3968d5af38796bd249acefe51685333f73250ad1f4d20f46,4910
asnets/asnets/scripts/collate_det_baselines.py,7d826f4ba5d940ec5ab841b5b336f5dd40986b7c7f080f1ba17a725a5cc2d92c,4072
asnets/asnets/scripts/collate_num_baselines.py,cd0c9577bfb70363409c7ff96035b3c804de2ce5836ed21c048164574e3eeb6b,4691
asnets/asnets/scripts/collate_results.py,85add964f6fb8d1927bdd1371f67704a382ba1bd55ca70436b3f16b6f6e21537,11745
asnets/asnets/scripts/correct_num_plans.py,55bce24cc5e489bc61de31c13a42daef03f5b5ebcae64c2346fd26f2564cc245,3381
asnets/asnets/scripts/counter_instances_type.py,7b1caa373633b81d69b5c29838bd5541f28d458ec68c136a29e4fdc1401795ef,1556
asnets/asnets/scripts/coverage_table.py,8b7c802e89a880ca36ec9610366d721b6bc4b4370eac6cc83ddf5655b0006fd3,6217
asnets/asnets/scripts/cross_vis.py,61af4aad566f1d0e422929332dc36f7811fe64171e2eb67bbcc32c2695d939a4,3554
asnets/asnets/scripts/cumulative_solved_plot.py,3912923f45b86a696671e6b872606313ec0b846e7d1337e324abbb12a0e9cfdb,12383
asnets/asnets/scripts/get_times.py,fa44c86b9358b7b809e3e7d44c1bc8474c690f803b3e9e700dbbdcde9fe9da87,8636
asnets/asnets/scripts/hype.py,921f27371adb14f6c89663143545de2c38eb8d9549ba6102dfbfed144fb32994,6699
asnets/asnets/scripts/hype_analysis.py,dd0d1eee34be382ef3117d6c554f1b210ff509aecebb13eb198b60042804a359,3431
asnets/asnets/scripts/isolate_bottleneck.py,392e2a28c8e6ab38001c03999ad1e7e9d3d6aaf5a1d8dd2615705ba6bebeef7f,10319
asnets/asnets/scripts/make_bw_large_table.py,b332b6f0939cb9fb25f26009f1660a93a2b69cc58c4857b9656b3b055b9ffcf3,1629
asnets/asnets/scripts/pbw_solve.py,bd43b72d65f492bb4c5ce950940b4ec5ec48d95c93b3355e77fac95899ac085e,20203
asnets/asnets/scripts/run_asnets.py,07af0d6a6ab843e79630d22b9163a8c577038fe3cc9e431611eb4fa35632ed09,55351
asnets/asnets/scripts/run_det_baselines.py,2a875df086ea875cb72641419614ab4507eaffc6bb569c3d63e583a12c1eca58,5581
asnets/asnets/scripts/run_experiment.py,b3bc102e4037cc3b8be388b8fe013faa1df85ed333669d5dee94270edee8c7c1,46224
asnets/asnets/scripts/run_learning.py,f52583b9ceb01b6626c36839537e76d21d2e8803368f583dbcc94bdaaaf054cf,16424
asnets/asnets/scripts/run_metricff_baseline.py,708bbd8c5ec3f0ab5ffb35d90ea91f756ed5b06b4fa9247dd4911d1abbc7606c,3910
asnets/asnets/scripts/run_num_baselines.py,dc7a4fd5be606c4de1cb261ddc5cce3730df751f0ae8498c42ac9341acdf41b5,3990
asnets/asnets/scripts/run_planning.py,13958376210052758ac948977cc7645486c31fecc7e32c72d45841856103b2ef,15864
asnets/asnets/scripts/run_prob_baselines.py,766e7cb3ddf8bf1bb59f7d3eeeca09dbb0e97b274476927e3134f95791b967a0,12226
asnets/asnets/scripts/single_domain_coverage_table.py,912e1d30222109e5731862e54ad4e00ee27dd4cd24e694603d5cf6f92f631174,5817
asnets/asnets/scripts/solution_time_plot.py,1aaed29ef8b8c503c203fe47ad22d150bcdf84005b9296b68b618470e46f9d3a,15081
asnets/asnets/scripts/sparse_activation_vis.py,022fcc76cddd796cbf0579a9e6488246db090e90e0f6954acc4828f5f96a5d1c,35120
asnets/asnets/scripts/test_sylvie_hypothesis.py,315fe5627abba68402c41fc744ebe2d481c3114a15c7c6b651b4eb4ac0edadd9,5651
asnets/asnets/scripts/validate_num_baseline.py,0a3a444547c715732e7247db5d6190fb3571c3c4443ee15c43783b2cd0da1607,4254
asnets/asnets/scripts/weights2equations.py,7efc6519a769477ff86a593fc9e385b3aec23181450e0f581e1ef0953b245cef,18540
asnets/asnets/spawn_context.py,4833a5f2ce145f52922a50ba34f2e6ff18e85ded83f05c7bfd03f15578f7c305,4199
asnets/asnets/spawn_train_worker.py,d2d6c309888440cb1da4ae65ff64d729300d69cb2b346b0345db5ed66f95bfb0,72365
asnets/asnets/ssipp-solver/build.py,6f84db8b6b96fb97d2f59458e437e49d12fa823da07d50d5ad8b9c91e1cbf0f4,30537
asnets/asnets/ssipp-solver/setup.py,019e537ca58eb1032076a2d3a10bc199f32a222562bd0da3c834fafd250ecfa8,2091
asnets/asnets/state_reprs.py,adc3e59442530c1aa06a0972df65b673b3877dbcd5a8a82b21b56c1b2b6dc75b,35137
asnets/asnets/supervised.py,a101bddbc506e3cca880f80e1772c97471370a9579f68dec87faad33a4b65aaf,81517
asnets/asnets/teacher.py,78d1e280ff2b11a4ea48c5f77b1f7de2a2c30b023c64df3baed730a7969a2984,31086
asnets/asnets/teacher_cache.py,6dddaf86385c11c435ad41916f379c60257d9e649d276da043aea464a91031ce,9707
asnets/asnets/tf_cpu_preload.py,ae93638458cfeaa28389126e1187395e412c9d36bccfe7e37fac050b48b33ad1,442
asnets/asnets/tf_preload.py,4b3d7c9d40ef1c78b3423e571b77bfc6b6b4b42a5bcb5f554378bb37714d305c,219
asnets/asnets/uct.py,9a2fc8905484529e6f3fcb509ebc4e5ce7214072890b004badbad95308ec62f3,30042
asnets/asnets/utils/generator_utils.py,5bdf4b3a8dd7fcedf268f5e500a7d701749b675da603b7b3ab6016712c5f88af,19831
asnets/asnets/utils/jpddl_utils.py,9d3fa8577bd48296475c2647c241614564d5b15c838d71200e458b570f05276c,1778
asnets/asnets/utils/mdpsim_utils.py,77bc2ae5ff7d20f408b438a55fb12f6c37b8021ed525ba759800d22afc8477a2,2065
asnets/asnets/utils/pddl_utils.py,fec634a271c113140fcf6f2bf242a58561887f8cc8ad965700f4e17a5a56e111,13955
asnets/asnets/utils/prof_utils.py,79d22f4d51ee1e90b5ec9adfb0680a858d7396f3dcec0488b73649b399bfbee0,2181
asnets/asnets/utils/py_utils.py,461fc01e1dbf06498d2c7763a1ae700e3873326175b5b129dcee134fc19200cf,10059
asnets/asnets/utils/rpyc_utils.py,816d265d31b344e23a4b7b64ef53179d968a517ae03602819f0b9f46a6a0a204,5085
asnets/asnets/utils/tf_utils.py,f544fc543a59ceb57ee8def3d07e4226265851eef1a14bd44291417f504dbda9,7026
asnets/asnets/validation_state.py,7fd7678475f856f54ac1eee6af771aaa73107fff396e87d8208783643a307fb7,5120
asnets/experiments_numeric/architecture/actprop_2l_all.py,b4c46705972c58c13bbb42bb72c5bae1f4dd1b6a7e029275271823cc3d544b35,58
asnets/experiments_numeric/architecture/actprop_2l_all_dynamic.py,1f28222daf27d2c7427d1f3d3d5cc9f085e5d8e51ee012df4e3339ffb0d5ab3b,66
asnets/experiments_numeric/architecture/actprop_2l_all_dynamic_contribution.py,c947c7e360552377f4edd879f937bff49f090e179d886ccaab19892adff066b6,65
asnets/experiments_numeric/architecture/actprop_2l_all_dynamic_cuts.py,3105e899e70becf321d1416118c7ab6011d990adf6bc527f7d8bbb1400cd5874,66
asnets/experiments_numeric/architecture/actprop_2l_all_dynamic_cuts_contribution.py,dbec81f04104b434d4bfed124ca2e59aae5453a256219ba226e290e0bf62cd01,62
asnets/experiments_numeric/architecture/actprop_2l_all_mcts.py,8d98528edfebb06f20cc7b474d3f7865a90565a818a73ae63ca3a656584fafe9,61
asnets/experiments_numeric/architecture/actprop_2l_all_mcts_hadd_astar.py,41f8a03a0dac4ab7b9a87f3520de7e24306008f2e177f6abd635c283180910ab,64
asnets/experiments_numeric/architecture/actprop_2l_all_mcts_hadd_gbfs.py,2c44d2f92ff11079e00da86fee4433f3d2dfd9c2467720ded895a2b0b3a13454,63
asnets/experiments_numeric/architecture/actprop_2l_all_mcts_hmrp_ha_gbfs.py,7543bf912e73df7caec037cdaae8a207173e180136bf6aeae1aafdbf617f3739,66
asnets/experiments_numeric/architecture/actprop_2l_comparison.py,89ba4dba12377727476e359cd422275c0bde217c20dc899320a107e954bf19ec,2898
asnets/experiments_numeric/architecture/actprop_2l_comparison_dynamic.py,cf1eae81dae5e4ecd51bb2c2499c139c62df35ff89366b2a17bfefa95dcec3db,132
asnets/experiments_numeric/architecture/actprop_2l_comparison_dynamic_contribution.py,eecb59984c5321d400f8ad2e39196122212574cafa974a3c561e833bafc7e175,74
asnets/experiments_numeric/architecture/actprop_2l_comparison_dynamic_cuts.py,cc7d346be24d5d411a6cab13acd3229582d3aa729cba8875eb464128a5c14e31,73
asnets/experiments_numeric/architecture/actprop_2l_comparison_dynamic_cuts_contribution.py,cba597cbceb99f5954d58a21059f9e61cf7cd60079c4eb9f2d4a073249ac0b96,88
asnets/experiments_numeric/architecture/actprop_2l_comparison_dynamic_no_landmarks.py,302e78aa35b706befc10a4686f8d2b8dc31181d26f500dfead33d69e32e45401,77
asnets/experiments_numeric/architecture/actprop_2l_comparison_enhsp.py,6cafaa1c13bbb166014186e8bca3423683e295b2ad68ae2f0d14a88ae59b71de,98
asnets/experiments_numeric/architecture/actprop_2l_comparison_mcts.py,fffa5b1bd9c310e99748a71d62cb34011a9bc575d92212d1099dda7edf0a5044,705
asnets/experiments_numeric/architecture/actprop_2l_comparison_mcts_50.py,7443fa3166d19826ae619b660b2cfe3253c932106a7a3687a60371fd8f6d30c4,62
asnets/experiments_numeric/architecture/actprop_2l_comparison_mcts_hadd_astar.py,a51dc79b3ae123c659945a1488f7c1b7fdbb14f91aadcc697367fde35ca056c3,71
asnets/experiments_numeric/architecture/actprop_2l_comparison_mcts_hadd_gbfs.py,211834d9ce199dc0314c69280127f28791943931cbf62727cd1ce1d60eb2234f,70
asnets/experiments_numeric/architecture/actprop_2l_comparison_mcts_onehot.py,35d51bde7dbe7325d195f3fe6b5faebdd6c388261b930b1b5abae0f6235844e1,87
asnets/experiments_numeric/architecture/actprop_2l_comparison_mcts_valid.py,630e3aea681df63f063a8f1e2bfcaae87ddecdf0a2fa5c549fc197cc27e48e6e,108
asnets/experiments_numeric/architecture/actprop_2l_comparison_policy_valid.py,86bf4707fbdb5a966d3c94bb800f72d44cf857cc1036d054b4a7e674fc270348,110
asnets/experiments_numeric/architecture/actprop_2l_fluent.py,bfcd590bf1eb92069f9316f50ea3f854af248a2995cdd4f0eeed07fce6d25de3,85
asnets/experiments_numeric/architecture/actprop_2l_fluent_dynamic.py,088b2c5d9044ce169ca3f6d0288055b08dc4a7c0fc55f543a10b2ef7b3f8c10d,124
asnets/experiments_numeric/architecture/actprop_2l_fluent_dynamic_contribution.py,4d5356e754406edd8bb1a063bcded1e01ca3f78796319b844424dc8a30005ed8,70
asnets/experiments_numeric/architecture/actprop_2l_fluent_dynamic_cuts.py,4895b9d62ef3726e1ab514f15f82c26eeea2b74d750264fa2d5e11c59c68db3d,71
asnets/experiments_numeric/architecture/actprop_2l_fluent_dynamic_cuts_contribution.py,63cd97d7e1e3444598442364bc518e71a460e84660b3aad9eec0e29958c5c325,84
asnets/experiments_numeric/architecture/actprop_2l_fluent_dynamic_no_landmarks.py,5a095088c8880058f7cab8c7735efcdf185292b0ee265e63caaaae14958391bb,73
asnets/experiments_numeric/architecture/actprop_2l_fluent_mcts.py,36facb092cc8496e18a83a3bf2c077676f697845cef4a40652bdf53d7066b1ba,85
asnets/experiments_numeric/architecture/actprop_2l_fluent_mcts_hadd_astar.py,67c804ded488f6439dccc061a26ab3110dc73cea2c89836db8ac9348c3370e86,67
asnets/experiments_numeric/architecture/actprop_2l_fluent_mcts_hadd_gbfs.py,8382d4f420df46cf31693bbe03fc5c52d3af20160237cc1035c4d129903c50fe,66
asnets/experiments_numeric/architecture/actprop_2l_none.py,fe584d844475dcd7e3bb0cf103acef42c197739e247ff7037017c40316b5f24f,96
asnets/experiments_numeric/architecture_2/block_grouping.py,e1ef57cf844f83529dd876738f638b197bffdb9ee5adfc274e73ba3b5f6be277,87
asnets/experiments_numeric/architecture_2/block_grouping_mcts.py,1863e8dbb0d25b4eb4b864c38591c32a93c2f1e82fde839debf42903482c253e,229
asnets/experiments_numeric/architecture_2/counters.py,2ade0557e66666305f6d9602f8c1db92d1447358835b95e74f0750b9167ee675,82
asnets/experiments_numeric/architecture_2/counters_mcts.py,8442f4068adbe396650ca3dfecc98ec95d544247ed4cfc28344683b27e88f994,223
asnets/experiments_numeric/architecture_2/delivery.py,8d959ff3789eac18e78a0801196f74e6758fdde5e5bcece275752fc87f5416fe,118
asnets/experiments_numeric/architecture_2/delivery_mcts.py,3a2cd55b776e7457f0a3ea58c0e41a136622a50bcbad37a9800a50c06dfa3668,223
asnets/experiments_numeric/architecture_2/drone.py,0cef77152a3f4a818c0cbd5b4379bba7fc1a5ec7bf0a40b0aca686236b07795f,111
asnets/experiments_numeric/architecture_2/drone_mcts.py,6ebd9a26800e4d9b43278a162773d8a3d83c98daaf00aeae494ed0460ab83217,220
asnets/experiments_numeric/architecture_2/fo_counters.py,ff7158e7d036ad294d39249aaaddc77754ed57b628fbeeb1cfe66a5ea3e2bb9e,78
asnets/experiments_numeric/architecture_2/fo_counters_mcts.py,4f7b623e96fdc7be14f15b8d835d6661c8a8f691deab28d26441e030e8a855bc,226
asnets/experiments_numeric/architecture_2/mprime.py,8406fddbcaa3dd495bd4fcf5f3fda9cdbe23a717c06665a795f0032eb95b0226,116
asnets/experiments_numeric/architecture_2/mprime_mcts.py,4a14f1d8725e79f39831a8022a7cf98bfdd7bfbe608733866601162e81b67d8f,221
asnets/experiments_numeric/architecture_2/rover.py,1d3ca5afdc6bd8327b2d9f8d3b7aa74b69584a44231ca82988ed4ac08ab83e82,113
asnets/experiments_numeric/architecture_2/rover_mcts.py,a6bb70ba61c0e079349df2f460becacc43d073a87a078c7457c8f62278936609,220
asnets/experiments_numeric/architecture_2/tpp.py,e9b99bd9b01d639b91b2a742ac20510e952db41d309eb25802f962af47957043,109
asnets/experiments_numeric/architecture_2/tpp_mcts.py,1d7a2183321d9c3f8f89e79202d4b4710f78031ff59c9e78df846ad47604a6fc,218
asnets/experiments_numeric/architecture_2/zenotravel.py,11d81fbbed10c8cdc9f1185a30a3b737cfcda37feb9f5f5d914d6875ccfa4055,117
asnets/experiments_numeric/architecture_2/zenotravel_mcts.py,580d5cc1bf5fd50da51d88352d66d1d789daaa44b9a762967278b7a7b9e0ae14,225
asnets/experiments_numeric/domain/block_grouping.py,7902ef08c9e876187b73b5284377044dde7ba9b6343b8c6462895ab547d9043b,1656
asnets/experiments_numeric/domain/counters.py,ac5486c899f2cfe3a6073b060e25f46eeb4bb752c075c30e9eca15c2093f56b7,669
asnets/experiments_numeric/domain/delivery.py,8e22e5a4927eec25ab9bc9dcf32216f9a57113cd021ff6808c5c63f7c6b23bff,1362
asnets/experiments_numeric/domain/drone.py,b62c59293f51da1a7c5f9331f5e9f5c87b9acef4a880b294edd031b2f1e2f9ce,1557
asnets/experiments_numeric/domain/expedition.py,c1264a7927db57e733df557a7cade60fcccbe04ce98147f3354d6732596a3f5b,1176
asnets/experiments_numeric/domain/ext_plant_watering.py,e949dd329a76607ad8bdd108ecc0dfcd607824c883ee5f1d77a7b2719df27edf,1393
asnets/experiments_numeric/domain/farmland.py,e38ff12e8970224d2f0544d13c21854b7472e490860ee807fef6ef2661b3340e,1368
asnets/experiments_numeric/domain/fn_counters.py,5f313b3b2a33757fa8ff147c4095ef1b5212061f6f330ba1c91a039e789bfb38,2040
asnets/experiments_numeric/domain/fo_counters.py,b5154126e316103cad347571aa9e0abd7100634bb638aed676e6dfa28847c7d0,1444
asnets/experiments_numeric/domain/fo_farmland.py,027cc7c208deb0ec29c62e31bd9f69381d2e8017a9c73cf2d099c02d44b105c7,1416
asnets/experiments_numeric/domain/hydropower.py,723f1c14bedb632220369ad43d418da59fbec6855b3fe9a834366eae4a1b97c4,1165
asnets/experiments_numeric/domain/markettrader.py,24f8db1ea023d54db39f1bac5e256eef1dd3fc471e8ea7394286f7f9fe42c524,1170
asnets/experiments_numeric/domain/mprime.py,44dd611f9da07e2e7b6e6395e677f3ded7df23c62f642e0c429ffa485bb70452,1450
asnets/experiments_numeric/domain/mprime_validation_ipc_scale_v1.py,f76f39f473f57b014ce174dadbfc803eec44406bef5f9976b201040dd88d979f,775
asnets/experiments_numeric/domain/pathwaysmetric.py,599151f13d7234e4ca2efd95523b6c55ea6dc0e57354070cad6d12870b29ff99,1218
asnets/experiments_numeric/domain/plant_watering.py,570465963e17d2b5a9d047e41ddefeb5c5a86846bf603859508ab6ff4413f150,1195
asnets/experiments_numeric/domain/problem_module_divided/block_grouping/00_pddl_instance_5_25_6_1.py,8c9a705d12060d0d095b34f672e8de331bf69bd78d76d2cf12bb1c7a6a4b9a50,322
asnets/experiments_numeric/domain/problem_module_divided/block_grouping/01_pddl_instance_7_10_2_1.py,f350a9d773d399bda0a4244a26e30c29bc35e0d45ddb51824a14a44142edaa5f,322
asnets/experiments_numeric/domain/problem_module_divided/block_grouping/02_pddl_instance_11_10_2_3.py,3eb66f45a4cf204d0249463f85d2b83bef1e565970ced0b9d4f0839e90ef2777,323
asnets/experiments_numeric/domain/problem_module_divided/block_grouping/03_pddl_instance_11_30_7_2.py,35e2008fe3d9f23afd1ee8b60ee739cfeadb7f43e2642a5e1e97d0be2cc1f194,323
asnets/experiments_numeric/domain/problem_module_divided/block_grouping/04_pddl_instance_11_35_8_3.py,985d64ce03bc767e18bcbe78c7d515686d17f93665ede494b6673277b4f283c2,323
asnets/experiments_numeric/domain/problem_module_divided/block_grouping/05_pddl_instance_11_40_10_1.py,9d96c840b12951ced6c280ca89647f07a8bc8c6ba6845f6cf1151d611666e7ea,324
asnets/experiments_numeric/domain/problem_module_divided/block_grouping/06_pddl_instance_15_10_2_3.py,ea9c4d32a88d383d5c737f849f5309f1aa57f81b4c446121e7349fa99b6f3bc8,323
asnets/experiments_numeric/domain/problem_module_divided/block_grouping/07_pddl_instance_15_25_6_3.py,bf65012039691cd4a05f7ab6eab622bc7001fc9fa8e8cb5623a3c41598301970,323
asnets/experiments_numeric/domain/problem_module_divided/block_grouping/08_pddl_instance_20_5_2_1.py,0af308e05c3f347a99cd67fd34d31ae04248e3c54a2cab7c24c8fccf576b7ef4,322
asnets/experiments_numeric/domain/problem_module_divided/block_grouping/09_pddl_instance_20_5_2_2.py,d643b236291f0843f4988ae11538e2b288a7b47874e5824df3879c4528e98e76,322
asnets/experiments_numeric/domain/problem_module_divided/block_grouping/10_pddl_instance_20_10_2_1.py,1447602c9b47e06fb1b9c92e1caf0afd82490d3adc48eebca15e479c00b0faef,323
asnets/experiments_numeric/domain/problem_module_divided/block_grouping/11_pddl_instance_20_10_2_3.py,95a6571851ba3d077cf6e9b5a838e2a33c164767279b27f6b92409e3978e8cb4,323
asnets/experiments_numeric/domain/problem_module_divided/block_grouping/12_pddl_instance_20_15_3_2.py,bdf66f434a8867382e3f15f137d09fddc56f9835222c5c8080c0a350e7daa22f,323
asnets/experiments_numeric/domain/problem_module_divided/block_grouping/13_pddl_instance_20_30_7_2.py,6cf5d6c0de5471a18b55777a5994969ac6ae1c94ddc4422ceefda31153221e68,323
asnets/experiments_numeric/domain/problem_module_divided/block_grouping/14_pddl_instance_20_40_10_2.py,b9f8578edffe7b00b441d8c41898159103b795ceb2164c54486ef32edf3fc3fd,324
asnets/experiments_numeric/domain/problem_module_divided/block_grouping/15_pddl_instance_25_15_3_1.py,876d0b28c0ee25d581f92f2607110f54fa8653f31c91c27134c0e8a6d84189b4,323
asnets/experiments_numeric/domain/problem_module_divided/block_grouping/16_pddl_instance_25_35_8_1.py,46fff07700e744d155d1d552e76689a78135e68424883be39145e8fbef43ce60,323
asnets/experiments_numeric/domain/problem_module_divided/block_grouping/17_pddl_instance_25_40_10_3.py,758e612f763c634b49743b8c9ff4c98eacf14469635a76f00b3c8f3dedda47a1,324
asnets/experiments_numeric/domain/problem_module_divided/block_grouping/18_pddl_instance_100_20_5_1.py,275ce8ce20383706202f036fafb86f090377633260e2fba2d6a0aa77dc1973a7,324
asnets/experiments_numeric/domain/problem_module_divided/block_grouping/19_pddl_instance_100_25_6_2.py,acfc90507252fc9db85df7e47378890df7f0bf6ead0fc440bccca2a1dca5d514,324
asnets/experiments_numeric/domain/problem_module_divided/counters/00_pddl_fz_instance_2.py,96e4e65673d53f26fbff8c9518ddbb7257deaafb7b7035fb46c83aa4eaef3471,265
asnets/experiments_numeric/domain/problem_module_divided/counters/01_pddl_fz_instance_3.py,5d04262d98ab69c610b890829579efd23ceb08d15f53d6b64013bd93726774b1,265
asnets/experiments_numeric/domain/problem_module_divided/counters/02_pddl_fz_instance_4.py,56e9d4d32fe2620202c52851745db95675dc34805037f8d8228bb44ded8f19a9,265
asnets/experiments_numeric/domain/problem_module_divided/counters/03_pddl_fz_instance_5.py,fd3f9202f5adb019c1574db59830ab49e853761b38c1b42267399fe64b0e55bc,265
asnets/experiments_numeric/domain/problem_module_divided/counters/04_pddl_fz_instance_6.py,e85789efc629cb1a2058504e1308183c371e80097e422fdbdbf42f57164a131c,265
asnets/experiments_numeric/domain/problem_module_divided/counters/05_pddl_fz_instance_7.py,79ec3e690a17e4338951717869aecb701d3759d7a5c6f15c3f55583f40f7bdb8,265
asnets/experiments_numeric/domain/problem_module_divided/counters/06_pddl_fz_instance_8.py,7baedd77557243c3b01ebd21d0bac93d40487269a7e8612c26ab0b569147fc98,265
asnets/experiments_numeric/domain/problem_module_divided/counters/07_pddl_fz_instance_9.py,943b2bda79ae983af9f2788f7a2a8418a0754cc591cf13fc5291b91371f1f712,265
asnets/experiments_numeric/domain/problem_module_divided/counters/08_pddl_fz_instance_10.py,5e087e66b26fa2f3748526e6de17043d2e453b32a6fe6fdbde4078fc15c39d34,266
asnets/experiments_numeric/domain/problem_module_divided/counters/09_pddl_fz_instance_11.py,43fa5c95facd141e232b6c39e109d378056a558f303fe6b2e131b3e6ce934685,266
asnets/experiments_numeric/domain/problem_module_divided/counters/10_pddl_fz_instance_12.py,c94816c9805cc73609991462e3c756ae12b5ab4b22f9675585e3a2b0e4186874,266
asnets/experiments_numeric/domain/problem_module_divided/counters/11_pddl_fz_instance_13.py,7c02148a78351d781fe2ae3f4cfe889da60d1785489a51edae5e2f63469a8423,266
asnets/experiments_numeric/domain/problem_module_divided/counters/12_pddl_fz_instance_14.py,1d7ac0dcb3c374a6059e144d39af6fa3e3504f3ff68f886fe38f668993fcc68c,266
asnets/experiments_numeric/domain/problem_module_divided/counters/13_pddl_fz_instance_15.py,e98a509f90864aac5bab428ad9036678767590993875f2ce5efe66255534aaf6,266
asnets/experiments_numeric/domain/problem_module_divided/counters/14_pddl_fz_instance_16.py,3de6b660924db7ae632a820869d162aa563e0f44eb03fd5308f04b3c65e11bb8,266
asnets/experiments_numeric/domain/problem_module_divided/counters/15_pddl_fz_instance_17.py,4049898d2e85306918dd02b7177eb63ad0b23a9ffdc0dfdb9bd3a56ee302c139,266
asnets/experiments_numeric/domain/problem_module_divided/counters/16_pddl_fz_instance_18.py,f3e491808ae52de6317b079e7335cc1750f67524ae2af301f3b1f987b43b4a12,266
asnets/experiments_numeric/domain/problem_module_divided/counters/17_pddl_fz_instance_19.py,1ac7247f0c287b08ca3b1e59499715c3db355ffdbe62074d8995fd562988e1fc,266
asnets/experiments_numeric/domain/problem_module_divided/counters/18_pddl_fz_instance_20.py,d3f3bfd4aa2eff1a0d383366689f19d07f66d0460f0fbded1714707fd92348ba,266
asnets/experiments_numeric/domain/problem_module_divided/counters/19_pddl_fz_instance_21.py,2e7e2814fb03082384bced6f4ee5c7b5897cbea9e09d2bb01f5db0c926a56459,266
asnets/experiments_numeric/domain/problem_module_divided/counters/20_pddl_fz_instance_22.py,7d504c71593460efa4f43bb983dbf012fa27d23d9e9eb6a2385a473a97d0ea28,266
asnets/experiments_numeric/domain/problem_module_divided/counters/21_pddl_fz_instance_23.py,4aaed478c4dd8846510f6bd2c98d122ae870adb170808c48d66bf0f46f39d260,266
asnets/experiments_numeric/domain/problem_module_divided/counters/22_pddl_fz_instance_24.py,88d40ca0a4b1d18fc6e1dceaef6a231f5ea203ebec7ea2d25a43cb54a290de9f,266
asnets/experiments_numeric/domain/problem_module_divided/counters/23_pddl_fz_instance_25.py,680feba84b9180f48aeff1be265b22743813b78fd8b429c05fab1599922815c7,266
asnets/experiments_numeric/domain/problem_module_divided/counters/24_pddl_fz_instance_26.py,26cf07e4daef9d0ae34a2300eab92f0b9d74aaa63741e03aa8d679b935c1bcab,266
asnets/experiments_numeric/domain/problem_module_divided/counters/25_pddl_fz_instance_27.py,e9ae13cf58babd7afd602054ee8464cd42b0681d47d0befe3724b4be81c347b1,266
asnets/experiments_numeric/domain/problem_module_divided/counters/26_pddl_fz_instance_28.py,2210de9410ba0588ed5c61c81e30ae661295b54229c9ea0000f446482a24a29d,266
asnets/experiments_numeric/domain/problem_module_divided/counters/27_pddl_fz_instance_29.py,12bb8524629952ae72cecf3a33f4c191fd8607020c9e7321544a3a26173e535f,266
asnets/experiments_numeric/domain/problem_module_divided/counters/28_pddl_fz_instance_30.py,15f037cddd37210e8764a12c5edbf641470d75527d2f7331cabafbb2a794f3ac,266
asnets/experiments_numeric/domain/problem_module_divided/counters/29_pddl_fz_instance_31.py,2b4fd8ae0c0961afb2410e76183fbccf520db2f5e61d870523e7ede9c77b3801,266
asnets/experiments_numeric/domain/problem_module_divided/counters/30_pddl_fz_instance_32.py,4a49fc7d76d42e141a92dd00cd6044de7723fe452e3ece5fc8e1a663329c65be,266
asnets/experiments_numeric/domain/problem_module_divided/counters/31_pddl_fz_instance_33.py,c0ef4fb7feffe87b73e5c09dad7aa4f0fbe2e6a256d1c762c4d263b9c14f5771,266
asnets/experiments_numeric/domain/problem_module_divided/counters/32_pddl_fz_instance_34.py,76a8597c9894ec0a299760b04f7e10bdf635ed24ca75151210b737500268fabf,266
asnets/experiments_numeric/domain/problem_module_divided/counters/33_pddl_fz_instance_35.py,b2bb7c14a35c5218be45ffddf06f54a544c47d5733ef9d3a3359022b00593180,266
asnets/experiments_numeric/domain/problem_module_divided/counters/34_pddl_fz_instance_36.py,12844743390652a9f7c949d74e9914101ce3c8096eeef1eb4ef9c70615fa8927,266
asnets/experiments_numeric/domain/problem_module_divided/counters/35_pddl_fz_instance_37.py,ed00e95d354f66b91611ef188ec8bc165ecd637621e6f5926f87556f7c553b05,266
asnets/experiments_numeric/domain/problem_module_divided/counters/36_pddl_fz_instance_38.py,41f9b56c2eda413f518c2221a0c1dfbc38c02a3fe7f5dd5c7ac4abde0e788e89,266
asnets/experiments_numeric/domain/problem_module_divided/counters/37_pddl_fz_instance_39.py,00bde8cd43ac872183794557b0f6662c97a8d984c92693d5e8253e2a348636cf,266
asnets/experiments_numeric/domain/problem_module_divided/counters/38_pddl_fz_instance_40.py,2719ad121d427096f191a8ae315032b4985a57da90dd23d0a06959ebf2b69690,266
asnets/experiments_numeric/domain/problem_module_divided/counters/39_pddl_fz_instance_41.py,d9798eb6632867e39d2fc1014c446751a8f47ef004caaf9e26eba90c78062767,266
asnets/experiments_numeric/domain/problem_module_divided/counters/40_pddl_fz_instance_42.py,d3e057c95612b105c45a9840cef07ab2d159fe9b80e4dfa90a6a90d7551792de,266
asnets/experiments_numeric/domain/problem_module_divided/counters/41_pddl_fz_instance_43.py,8fb180844c813ee4258c1632ef86c7986cb6de908e962c5b558dab5664812064,266
asnets/experiments_numeric/domain/problem_module_divided/counters/42_pddl_fz_instance_44.py,bec1880919860486026738a314ff83ec51bc6699337598a82502fbc56310488d,266
asnets/experiments_numeric/domain/problem_module_divided/counters/43_pddl_fz_instance_45.py,9c063119c207b338bd7d4eecdc118f7aac6755971fc4382be2f072b621455741,266
asnets/experiments_numeric/domain/problem_module_divided/counters/44_pddl_fz_instance_46.py,6dfa2e1d7bd4f0c0fca0487f92b8b7141462409fe21707dcded7e7e5f8181e21,266
asnets/experiments_numeric/domain/problem_module_divided/counters/45_pddl_fz_instance_47.py,c78b7b3f091beea69a4c891d72c940016ed81979b767e6ee85da61aaed2c3eeb,266
asnets/experiments_numeric/domain/problem_module_divided/counters/46_pddl_fz_instance_48.py,ca354d917dbe9507f0ed74a5da9cf63381bda217280382af2cc6a7e557af506b,266
asnets/experiments_numeric/domain/problem_module_divided/counters/47_pddl_fz_instance_49.py,54f2e12697a6e91576db96f3535770538dad9d6a8cb118503b669e96f76600ec,266
asnets/experiments_numeric/domain/problem_module_divided/counters/48_pddl_fz_instance_50.py,674988335bdc1aee985de8fec7f14a0d5cb2ee8d790684b7a6d1df477af76f40,266
asnets/experiments_numeric/domain/problem_module_divided/counters/49_pddl_fz_instance_51.py,75b110db14b06d07fe0136193d30ad10278a5550653fbbbb369d02e74b0fdb15,266
asnets/experiments_numeric/domain/problem_module_divided/counters/50_pddl_fz_instance_52.py,09edbf1c5657a67157819d642868a6eb160dfdf6644cdb20064ed21872c81ffe,266
asnets/experiments_numeric/domain/problem_module_divided/counters/51_pddl_fz_instance_53.py,5e41f6e8cce305cdb48a57b2bb08017b3392c7ab4046b22114463e2bafbb28f9,266
asnets/experiments_numeric/domain/problem_module_divided/counters/52_pddl_fz_instance_54.py,259b2ee005fc0ef73fa802ee50454f312688d6dd2adb77e242ef9da4808ffe9a,266
asnets/experiments_numeric/domain/problem_module_divided/counters/53_pddl_fz_instance_55.py,4d61d730d750764e565810d8dfaf60109d6b3931f6e08f5e447fe5116b15cf80,266
asnets/experiments_numeric/domain/problem_module_divided/counters/54_pddl_fz_instance_56.py,efd12b76ff151cc6a8e03eec5dd9563e452220e16f2471be4e2d1ca6390cb165,266
asnets/experiments_numeric/domain/problem_module_divided/counters/55_pddl_fz_instance_57.py,fddbee322f953b633b091b12491e6a816ca3b9690f18447689caa2df8a59aa54,266
asnets/experiments_numeric/domain/problem_module_divided/counters/56_pddl_fz_instance_58.py,2c25177ec0906f72f216e6154c07a9964304c4d4a785039440429bea2382202e,266
asnets/experiments_numeric/domain/problem_module_divided/counters/57_pddl_fz_instance_59.py,757591e9be9b5103d2c944d5a15d654f630a074f0c03af6d21c01af8c6cbe564,266
asnets/experiments_numeric/domain/problem_module_divided/counters/58_pddl_fz_instance_60.py,ca9e6432a08f3c3254178d8e8f3af94ce5f76c20b16d35cadd1a9f676fb24b8e,266
asnets/experiments_numeric/domain/problem_module_divided/delivery/00_pddl_prob01.py,d2fb8f66d420484a764ff124caa577db352ea4991f836199de6a6756eff676c8,260
asnets/experiments_numeric/domain/problem_module_divided/delivery/01_pddl_prob02.py,f66e0965c25220e3251bb3f129a6bee9a4023efae0bc8269ca9e31d3310412cf,260
asnets/experiments_numeric/domain/problem_module_divided/delivery/02_pddl_prob03.py,f026eb3b1f6fa13b22ab7bc914a5420277ae50be720aaf7b12b83817afd505a1,260
asnets/experiments_numeric/domain/problem_module_divided/delivery/03_pddl_prob04.py,26775486df662fefaf0a39e55f4d08906a67a40b8dd60ecbd64a4b8b4c51beb0,260
asnets/experiments_numeric/domain/problem_module_divided/delivery/04_pddl_prob05.py,bcfad4a22c2e8929449adacf10c82fccf26721246ee3da56f061e8e7e872bdf3,260
asnets/experiments_numeric/domain/problem_module_divided/delivery/05_pddl_prob06.py,937a33e3c894d8b58bc534e292d2ae0bd91eab05e7b27df119ad733b19cd92af,260
asnets/experiments_numeric/domain/problem_module_divided/delivery/06_pddl_prob07.py,4edf4338875a449f8904eb4ac6459c536fa84e36dbefe8ac39c66e6d23c0ed7c,260
asnets/experiments_numeric/domain/problem_module_divided/delivery/07_pddl_prob08.py,11a7f9c87c64fecd603c099a2785516640e61eb6a2fb4de4b38aebf3d54c0373,260
asnets/experiments_numeric/domain/problem_module_divided/delivery/08_pddl_prob09.py,dca95fadb688ae1f453b3dacc4a236e0f50a756ce3ffea4ae28e49b1488c886c,260
asnets/experiments_numeric/domain/problem_module_divided/delivery/09_pddl_prob10.py,c58d6a92b8592832bd5e5c247d3f4c6c3d52e9dd6f31c4ac43a2137487862c2e,260
asnets/experiments_numeric/domain/problem_module_divided/delivery/10_pddl_prob11.py,a17982a0143d25a22f78447cab8d4b71eb63282afd4771a79d2649c8e07191d2,260
asnets/experiments_numeric/domain/problem_module_divided/delivery/11_pddl_prob12.py,62478a197d552f174d444ca2651e94a35a4d17f903c31407e431fffe987b3e77,260
asnets/experiments_numeric/domain/problem_module_divided/delivery/12_pddl_prob13.py,882c402f844a8d8f09ce4933ada633d8cb32a2688e08e273abdea81ed053239f,260
asnets/experiments_numeric/domain/problem_module_divided/delivery/13_pddl_prob14.py,a5fa0b05cb2fa311c6160c16ebd8f110fefd0e5d481a884c10d9fbbe11283b4f,260
asnets/experiments_numeric/domain/problem_module_divided/delivery/14_pddl_prob15.py,2df6948d4c8ed319e9e61c66f1c9538d0900bdd6ba359182231965c55336eb7e,260
asnets/experiments_numeric/domain/problem_module_divided/delivery/15_pddl_prob16.py,51977d4b0b094493a59fba9cd5b24b4969a5db98e2c344050925ae3136c1dec5,260
asnets/experiments_numeric/domain/problem_module_divided/delivery/16_pddl_prob17.py,a95e30da55651e08fbb1ab287f9d856334eea3182d45937171c7cedff86eab30,260
asnets/experiments_numeric/domain/problem_module_divided/delivery/17_pddl_prob18.py,5f3b6fdd7a7f84fb6af4eecc572cffe248493ed06c772a6a2438be57f86ab5fe,260
asnets/experiments_numeric/domain/problem_module_divided/delivery/18_pddl_prob19.py,03c09ab078acf212ac54c4fa9781c452ff1b4155d0ca7070b9930bafda7d9708,260
asnets/experiments_numeric/domain/problem_module_divided/delivery/19_pddl_prob20.py,3a2a0d53820066527edd02b373d29951bbbb5b17f2ac2cb6c48726b960fa8975,260
asnets/experiments_numeric/domain/problem_module_divided/drone/00_pddl_problem_1_1_2.py,206cb1cc8b2165d5689147b44ad35daff62aa7c796b29e66336ed96c411e29ca,292
asnets/experiments_numeric/domain/problem_module_divided/drone/01_pddl_problem_1_1_4.py,a819fd9fe27b1ada92004988f21b25266e3e813b38afc01cd745d4f0946cb7a9,292
asnets/experiments_numeric/domain/problem_module_divided/drone/02_pddl_problem_1_8_1.py,819cfb765f43b447e63860d736d2185ba5a19c2eef1cf7b59cd01d630e0b0b63,292
asnets/experiments_numeric/domain/problem_module_divided/drone/03_pddl_problem_1_9_3.py,c4186b9319f270aaf84a57b2b82a3557495e8b34e194c34dbe9039969eecb26e,292
asnets/experiments_numeric/domain/problem_module_divided/drone/04_pddl_problem_2_5_4.py,7d9b26d1e558c73d28921bc8113e5cccd3020bfb12a2f1d1c3893e151c14251f,292
asnets/experiments_numeric/domain/problem_module_divided/drone/05_pddl_problem_2_8_3.py,16f1b9d86fcbb50b918bc1f9e8f455cff4c5a41aa942267a53b3c9375ebfcbab,292
asnets/experiments_numeric/domain/problem_module_divided/drone/06_pddl_problem_2_9_1.py,008dcd5dc22dddbda3732afb6204576053febf2583b4a60fbb38ead88b63db19,292
asnets/experiments_numeric/domain/problem_module_divided/drone/07_pddl_problem_3_3_4.py,684518bcdb63564e0898750ee276c7f93c39ee3bea9429e9400be37132c18818,292
asnets/experiments_numeric/domain/problem_module_divided/drone/08_pddl_problem_4_2_5.py,80d8c66bd721eb721a9842293e18990c5ea4e3266b0727f3f1cc0b1f979acc08,292
asnets/experiments_numeric/domain/problem_module_divided/drone/09_pddl_problem_4_9_5.py,a36641894ed9a93dc42f6c3263388f56b9c0623fb29c03c056fb289de3604d4c,292
asnets/experiments_numeric/domain/problem_module_divided/drone/10_pddl_problem_5_2_2.py,ad6194ecea219c6cfe77c76be63344709a146f42dff0b822602c5c824ec9b7ff,292
asnets/experiments_numeric/domain/problem_module_divided/drone/11_pddl_problem_5_10_1.py,7310933d51012d09725594964d9a6755713c5c2e8d493a12365918c325fff85d,293
asnets/experiments_numeric/domain/problem_module_divided/drone/12_pddl_problem_6_8_1.py,d973602e1121684bcdd081846bbec40894a34cc42746b816141d563d912dbaa2,292
asnets/experiments_numeric/domain/problem_module_divided/drone/13_pddl_problem_7_6_4.py,a8d14fa03e0d8085ef1fecd45bf47c63dd17322c6f62945319cd7d0c149dd858,292
asnets/experiments_numeric/domain/problem_module_divided/drone/14_pddl_problem_8_1_2.py,e65b4fb2540948e9df86da7075476b365d7611748dc6f0b46d62ba2a014afe85,292
asnets/experiments_numeric/domain/problem_module_divided/drone/15_pddl_problem_8_1_4.py,932e9912d69ee0655119ec8d8b062d856546c33cea45c53f16abe94ac7882818,292
asnets/experiments_numeric/domain/problem_module_divided/drone/16_pddl_problem_8_1_5.py,df8df0e2bdb358642c8725cd375e7e8dcd134b8c65f529e8302f941f94acb1c6,292
asnets/experiments_numeric/domain/problem_module_divided/drone/17_pddl_problem_8_7_1.py,12d0665adf951dbf40dac12e90fd62363a2882d6d524d767d9b8063d022f487d,292
asnets/experiments_numeric/domain/problem_module_divided/drone/18_pddl_problem_9_7_3.py,3ef9553654ff45bc06dc14c05184b99659aabcf0ab27e5a7dee124d25a13bdba,292
asnets/experiments_numeric/domain/problem_module_divided/drone/19_pddl_problem_10_10_3.py,c6955af5638464ba7ce856af6ec3b530f5e0ac85e1ddeb9ab4e61d581a46ce82,294
asnets/experiments_numeric/domain/problem_module_divided/fo_counters/00_pddl_instance_2.py,5829b851b9158d1a64d503378e033fb6f8049e39621770047cef71bcb9c9e5ee,254
asnets/experiments_numeric/domain/problem_module_divided/fo_counters/01_pddl_instance_3.py,c6d6430cfd6eb6a980118c1ba35dff962c243bc15b96c158e485e56f606797dd,254
asnets/experiments_numeric/domain/problem_module_divided/fo_counters/02_pddl_instance_4.py,5c9a9900b3d78bab9fc2dc06f937bbfc129ab74cb80cf20c0610a044956b03ad,254
asnets/experiments_numeric/domain/problem_module_divided/fo_counters/03_pddl_instance_5.py,a5ec07d4e52b1aefce859df834d1073fafee23bc94d29bf69990bc89bc34951f,254
asnets/experiments_numeric/domain/problem_module_divided/fo_counters/04_pddl_instance_6.py,7efcb84e89dab8f21cc856ec8448b41c6690ae04e4e6fee67c5c56244884e8ca,254
asnets/experiments_numeric/domain/problem_module_divided/fo_counters/05_pddl_instance_7.py,38779e2b304d0abd39a5f7b09c8681b2570d631564d0bf503e9c7cd9b018dda3,254
asnets/experiments_numeric/domain/problem_module_divided/fo_counters/06_pddl_instance_8.py,fc5864c6f244b7b3e502d471c87e56eeb53ca45ffd93ab0eae703faa3fcab3d9,254
asnets/experiments_numeric/domain/problem_module_divided/fo_counters/07_pddl_instance_9.py,28b958caa2ca3eea103a7dae27f5ecd600167ac1e1be9a0bbf34cb4291ef27a9,254
asnets/experiments_numeric/domain/problem_module_divided/fo_counters/08_pddl_instance_10.py,2c9df48ba79cbf6662561aababf488771b3f34219353a2c90974d97bb7b94b34,255
asnets/experiments_numeric/domain/problem_module_divided/fo_counters/09_pddl_instance_11.py,4240f0356f516f85120c34c7aa97faf5e461b2e987485c19929f6d9416454544,255
asnets/experiments_numeric/domain/problem_module_divided/fo_counters/10_pddl_instance_12.py,5947cfb43d89c0b902e0ecdb0000bb34ee0b5382e43ce0a494783960f0234a57,255
asnets/experiments_numeric/domain/problem_module_divided/fo_counters/11_pddl_instance_13.py,6a9ffd85dfa637924fcdfd5a2cc45e400d81e588032fd2fda0e8ed59fead76c2,255
asnets/experiments_numeric/domain/problem_module_divided/fo_counters/12_pddl_instance_14.py,dc270c9118782ac141a1f2e49efbb078fdf93103cb65dbd8debb1e4a36f913a5,255
asnets/experiments_numeric/domain/problem_module_divided/fo_counters/13_pddl_instance_15.py,831499e962e2d469b98faf78802e49542d8c69016c4c71b677f40d92558566b5,255
asnets/experiments_numeric/domain/problem_module_divided/fo_counters/14_pddl_instance_16.py,7bdba560261f9c820f6783a7cc3b8b74aeca3768cac3c80c683e5abc541962d1,255
asnets/experiments_numeric/domain/problem_module_divided/fo_counters/15_pddl_instance_17.py,24c197d66fa232f09c22dd40644a1075963ecbb78244285eaaa4d9b4f461a5aa,255
asnets/experiments_numeric/domain/problem_module_divided/fo_counters/16_pddl_instance_18.py,1e9e828212e96aadc5eafd894d9e23578543e4d666dbf69d1ab6611466f2b8d7,255
asnets/experiments_numeric/domain/problem_module_divided/fo_counters/17_pddl_instance_19.py,08b859a653ad846a01c5cd1a552cad3aae9c76cb26bf79394a84c722e01f30e6,255
asnets/experiments_numeric/domain/problem_module_divided/fo_counters/18_pddl_instance_20.py,33677863495c4167161ee2d1a18bce8bdf666f511d83b5eb076043fc6e370feb,255
asnets/experiments_numeric/domain/problem_module_divided/fo_counters/19_pddl_instance_21.py,24aa2fe5661993b932d422a085500aab35049dafb08354025ab5534fb6d9a948,255
asnets/experiments_numeric/domain/problem_module_divided/mprime/00_pddl_pfile01.py,5ad10fa4224d02936a74d23d1b9b8ed479b12a520cb6c92d7eab65c280e79aab,263
asnets/experiments_numeric/domain/problem_module_divided/mprime/01_pddl_pfile02.py,15f51997c065a959197d6e19283c07a769c2af67ad54b1e693c07e3d260752fd,263
asnets/experiments_numeric/domain/problem_module_divided/mprime/02_pddl_pfile04.py,9a39cbc5ad5cd7675e21e5b7d45afa368fbd4eae6963d30824cd58d10210e818,263
asnets/experiments_numeric/domain/problem_module_divided/mprime/03_pddl_pfile05.py,75eb36d866695bcea992dd2276525c8286095cf5b4fce7ee2b233e5da28b444e,263
asnets/experiments_numeric/domain/problem_module_divided/mprime/04_pddl_pfile09.py,d235efd7018299319d3e2315d2a44f8d2d94df7c585ff335d8ab142a4e68ed43,263
asnets/experiments_numeric/domain/problem_module_divided/mprime/05_pddl_pfile13.py,02f25d7b5d73bac5404ce66864b02b64db99fbd991f6ffb685afb5ff00529df9,263
asnets/experiments_numeric/domain/problem_module_divided/mprime/06_pddl_pfile14.py,6ee327855730b19ac286c0ac57d5bf4d65c0f87fb7b2f024502b9c5805459be1,263
asnets/experiments_numeric/domain/problem_module_divided/mprime/07_pddl_pfile15.py,36b2fd8746702e9db37b223f7523f4e4e1d78a6dfcfa8b28309c76c81fa6d5fb,263
asnets/experiments_numeric/domain/problem_module_divided/mprime/08_pddl_pfile16.py,3980c24110346723c38803549dfd88ebbb1d6cf7a3bb16c757a60cf72610819b,263
asnets/experiments_numeric/domain/problem_module_divided/mprime/09_pddl_pfile18.py,6e2ce025313be2feec156c3f27c53b1c19854a49864d61e00062390a5b319d12,263
asnets/experiments_numeric/domain/problem_module_divided/mprime/10_pddl_pfile19.py,db9e33d007ba1b931c41e677c816e3be5e0f5051526cfc5a53f008905fa144f0,263
asnets/experiments_numeric/domain/problem_module_divided/mprime/11_pddl_pfile20.py,b8e46eb2e4b0de853ea800c8fbbc482062505e1e9bd3c1e1eed1b7d0c4b4868d,263
asnets/experiments_numeric/domain/problem_module_divided/mprime/12_pddl_pfile21.py,050409489cab178efdf5df2bd02fc2e56a2ffb37a4e231cbaa751d5b921a7a4a,263
asnets/experiments_numeric/domain/problem_module_divided/mprime/13_pddl_pfile22.py,9a060f6e79ac27fec3ac6bc623dd9f43150fe66dab0929253790d95b3f6cc50a,263
asnets/experiments_numeric/domain/problem_module_divided/mprime/14_pddl_pfile23.py,66c923229abae139656a1b3d86552b46bedda767c2a58646135ef557f2a41a9e,263
asnets/experiments_numeric/domain/problem_module_divided/mprime/15_pddl_pfile24.py,d29ebf31839381edf49413f335a32ff47cac13ae448e04d9b40861d40828c534,263
asnets/experiments_numeric/domain/problem_module_divided/mprime/16_pddl_pfile25.py,b659161e21127223d7b4915f3753494fc207d464be064fec672bbe95156fcae7,263
asnets/experiments_numeric/domain/problem_module_divided/mprime/17_pddl_pfile26.py,3e2a42c74c533bbc765d54eda9d1730ff4a5742bad80378b1c5f8f25f49b3f6b,263
asnets/experiments_numeric/domain/problem_module_divided/mprime/18_pddl_pfile27.py,c90e19c504f020a39d32ff2bff35de924ebd7941d6af3d3999bde1b343beb65b,263
asnets/experiments_numeric/domain/problem_module_divided/mprime/19_pddl_pfile28.py,1146b2d394922277148b64afb9125f8d392f39eaba9f010e9b1be3161e94ea2e,263
asnets/experiments_numeric/domain/problem_module_divided/rover/00_pddl_pfile1.py,a9c46708983ce8c1c0e416e84e156cdd7038617385e55e3f0b3eafdd822419bf,252
asnets/experiments_numeric/domain/problem_module_divided/rover/01_pddl_pfile2.py,b79db2a92654e21f86da7ada4a10b24fd7a59d13bd4bb2717946e44ce3615a74,252
asnets/experiments_numeric/domain/problem_module_divided/rover/02_pddl_pfile3.py,bc858ab5b2dda10a3ea0a2a1b32901655701092aaf8ee6ff86cf1fdda45bdc8d,252
asnets/experiments_numeric/domain/problem_module_divided/rover/03_pddl_pfile4.py,e6b045cb60a0ccea864fd83865ab9a7e9ff551640e241d945ea384a9a3ce20a2,252
asnets/experiments_numeric/domain/problem_module_divided/rover/04_pddl_pfile5.py,b97fdafffa8580483f1d619c9d9afef19fd3ff3195b210cba69f9b794b24f05a,252
asnets/experiments_numeric/domain/problem_module_divided/rover/05_pddl_pfile6.py,80cc495965512fadc24734eeafcfcaa7b1046b190149b5abb0adbf864c0c279f,252
asnets/experiments_numeric/domain/problem_module_divided/rover/06_pddl_pfile7.py,278687650ce7d60b1c19b5c1cd791b79af8dbc5a0346bb1ffd947519d50c7833,252
asnets/experiments_numeric/domain/problem_module_divided/rover/07_pddl_pfile8.py,7f94a4fb1858a4177b35147d42fbbd4342489d1603dc9208524502f51c3d5fb8,252
asnets/experiments_numeric/domain/problem_module_divided/rover/08_pddl_pfile9.py,754964a94b6f90f515269e25e9525fb886040bf9811f24f8449e501fc27a7184,252
asnets/experiments_numeric/domain/problem_module_divided/rover/09_pddl_pfile10.py,d918bedc5761bcd5a5e571ed426838e75d738f47143939fbf84ad28a6a2c0e6b,253
asnets/experiments_numeric/domain/problem_module_divided/rover/10_pddl_pfile11.py,3ff4c04fec367b3b5b1dd35a557daf7952b5ebfa6ee3df0b46c136049163e473,253
asnets/experiments_numeric/domain/problem_module_divided/rover/11_pddl_pfile12.py,af612e9d262ff630ddce217f7227823f77cb90076dc81731df3c57761fd755a5,253
asnets/experiments_numeric/domain/problem_module_divided/rover/12_pddl_pfile13.py,3aa2b932503ac56736b8d88962c697056b118df752f491de60054724cb3c97a3,253
asnets/experiments_numeric/domain/problem_module_divided/rover/13_pddl_pfile14.py,24afe0c2c52961c0c99cdfe757143be6890cc6a367e844a65a8ce6e7baa690be,253
asnets/experiments_numeric/domain/problem_module_divided/rover/14_pddl_pfile15.py,685d49c587e55d70a3627d53e72d1d6f20a0c3e63fc894727b419f917aecd36c,253
asnets/experiments_numeric/domain/problem_module_divided/rover/15_pddl_pfile16.py,88e00c807ad3524f7225bdd040ba01bdef55c523bbd9205cbb085427ec6db3f9,253
asnets/experiments_numeric/domain/problem_module_divided/rover/16_pddl_pfile17.py,02bb225625cabb6f375579245d47a7554253e94e0488fe197bed3af87770bfba,253
asnets/experiments_numeric/domain/problem_module_divided/rover/17_pddl_pfile18.py,8b364e6fc5fc9ae33fc84da7012b1d27e312632ac13cf1e5bf269a3608895f87,253
asnets/experiments_numeric/domain/problem_module_divided/rover/18_pddl_pfile19.py,c8ad0bf5380fe78092bcf8968c763a02349543e7272fd80fbdd7af95c336ba93,253
asnets/experiments_numeric/domain/problem_module_divided/rover/19_pddl_pfile20.py,22a4facd49b0d4c6fc062470243ae5f909542a90b41ec697f396fed9bca99039,253
asnets/experiments_numeric/domain/problem_module_divided/tpp/00_pddl_pfile1.py,62f1f1ab5ee4378d80977f474dabbe56f4f22f2341f8460442040b83e480b155,230
asnets/experiments_numeric/domain/problem_module_divided/tpp/01_pddl_pfile2.py,ae210084a5acb937bdb351185a8a79105ca8150eb5d13680101d9af2e7fff2ae,230
asnets/experiments_numeric/domain/problem_module_divided/tpp/02_pddl_pfile3.py,715a88ce1df5c6ecd861bdb7a8651e892a60e9924f87907fbad1abea994f538e,230
asnets/experiments_numeric/domain/problem_module_divided/tpp/03_pddl_pfile4.py,d542d9fe84c8194d4ce3b8b657d21ba26b00aa134735dcd84d6a4fa5618c8ff7,230
asnets/experiments_numeric/domain/problem_module_divided/tpp/04_pddl_pfile5.py,c19b7bc43db20cb1586f110e7fa3bf1f3e348d06c4fbc21ad911cce7aed82e2d,230
asnets/experiments_numeric/domain/problem_module_divided/tpp/05_pddl_pfile6.py,0c2ce55e6177ca5b5757f84565bb7d6cfecca77805a5934d54345e3b64f7a541,230
asnets/experiments_numeric/domain/problem_module_divided/tpp/06_pddl_pfile7.py,79be766d5f95f8f9c6447bad16710300dee94cb593ad198f55b0f5caea7d7c78,230
asnets/experiments_numeric/domain/problem_module_divided/tpp/07_pddl_pfile8.py,be49d29ad874aa4769ed7ea690ab9388c86ac1b1a224f71d7f18f7ed6ecc7871,230
asnets/experiments_numeric/domain/problem_module_divided/tpp/08_pddl_pfile9.py,50e1bc08ab874d80ed6337dd6907855cc81c69c1dee4388d3994b7806f46c2c1,230
asnets/experiments_numeric/domain/problem_module_divided/tpp/09_pddl_pfile10.py,ea4f25265065b551382453e36c5c379521ed2d072b1f1080b9dbb22f11f90f07,231
asnets/experiments_numeric/domain/problem_module_divided/tpp/10_pddl_pfile11.py,60968650d0cb9f4cb4ccda2e0b3650887e001f78d0d9b9ac1f95937050dab2e5,231
asnets/experiments_numeric/domain/problem_module_divided/tpp/11_pddl_pfile12.py,aa0ae2a98e5cb7382b1602b367f37286fdbb9ea6bb76e0a113122ab9c067a6e7,231
asnets/experiments_numeric/domain/problem_module_divided/tpp/12_pddl_pfile13.py,7675a550613319f2d3bc140b091868e1ba193e8443a6bbd92a84428d2a0b1701,231
asnets/experiments_numeric/domain/problem_module_divided/tpp/13_pddl_pfile14.py,75c9e7f814b4bdff289dcc312895df6baad2027ead89be793a4e85a50920eaf3,231
asnets/experiments_numeric/domain/problem_module_divided/tpp/14_pddl_pfile15.py,c880d265faf1715a2d36085e2489f73eea896a92aa9a8d7bfed51bf3c8b3aeac,231
asnets/experiments_numeric/domain/problem_module_divided/tpp/15_pddl_pfile16.py,90d3a509cce2ba36db1f489c9f2ac5042ecf7bc467c6c3a6f3fa8dbafeb7ae2d,231
asnets/experiments_numeric/domain/problem_module_divided/tpp/16_pddl_pfile17.py,33dce8cb2e6623fe4fad0d1e753fa0271bcd0fd9571e5eaa3677184f2aa9387e,231
asnets/experiments_numeric/domain/problem_module_divided/tpp/17_pddl_pfile18.py,7460795cf6c8be202e608a613628cc75dd69792dfc0ec25e29658c878f32cd1b,231
asnets/experiments_numeric/domain/problem_module_divided/tpp/18_pddl_pfile19.py,68d2a41ffdccba7de4adc3c64b89b18c640652e7e145d64ffabc1468e421d1ac,231
asnets/experiments_numeric/domain/problem_module_divided/tpp/19_pddl_pfile20.py,93d642be772098e79f1793d8a778aac773b70739ca0d2dc49ce2c900a6be0bff,231
asnets/experiments_numeric/domain/problem_module_divided/zenotravel/00_pddl_pfile1.py,c50bb02d3facc039e93ae4a6096d635705e8d2e11955b7d7989338d9f9d5e66e,312
asnets/experiments_numeric/domain/problem_module_divided/zenotravel/01_pddl_pfile2.py,bce6ca149294877559a37df8b9f43adf1a125d1d5f4b40eac41503cbf42bc015,312
asnets/experiments_numeric/domain/problem_module_divided/zenotravel/02_pddl_pfile3.py,e4c0f0d10de5c52d75cc34c30b5ca4f030ad61df46e082abe83681c5b303460d,312
asnets/experiments_numeric/domain/problem_module_divided/zenotravel/03_pddl_pfile4.py,b90187aa66b3e509b965ea83f4d0bbd81c09ee102de90d9cb824e15fad4cccd6,312
asnets/experiments_numeric/domain/problem_module_divided/zenotravel/04_pddl_pfile5.py,85acc8e95410f55f4cf6dcded84e58483488c124edae3a34875d975fd42ffed5,312
asnets/experiments_numeric/domain/problem_module_divided/zenotravel/05_pddl_pfile6.py,0776518d33a589b3f9debe82a12cce1ffabb8e0d961684847537ed8d6aaf36e8,312
asnets/experiments_numeric/domain/problem_module_divided/zenotravel/06_pddl_pfile8.py,49e45043851830b77da3c96c8807fc4b7711b987a72aed894769ae0c561b12d0,312
asnets/experiments_numeric/domain/problem_module_divided/zenotravel/07_pddl_pfile10.py,4dfdcd053a99fdd836738006b2c4cf3292215b01cb885dd6ab43d057036d124c,313
asnets/experiments_numeric/domain/problem_module_divided/zenotravel/08_pddl_pfile11.py,c73031fa5508dc37efa79343e05048c2f9ab3de297ad63086aa924b6917ac0d4,313
asnets/experiments_numeric/domain/problem_module_divided/zenotravel/09_pddl_pfile12.py,9d2afeb2fa134d6f01c1d1e66492e55ba0a3e1dd835eb9d5cd7e6cb1266e14da,313
asnets/experiments_numeric/domain/problem_module_divided/zenotravel/10_pddl_pfile13.py,69fcc5f90d8c008c8861b3fa14fbe5f4b55e1381a8e738ad5e2700e5d207d36c,313
asnets/experiments_numeric/domain/problem_module_divided/zenotravel/11_pddl_pfile15.py,8ce9ea276f4ce2f18b582f0421a7f3ecc49eeb343022c3f323a7cf650c42f773,313
asnets/experiments_numeric/domain/problem_module_divided/zenotravel/12_pddl_pfile16.py,5b2005745987e83a1b06b6aeca68b8dd665d9bf15908edd234d2d9a56cc536e6,313
asnets/experiments_numeric/domain/problem_module_divided/zenotravel/13_pddl_pfile17.py,eb20739c43a869e16988228f1c84c8e5ca9920e0d91fb931834d49a5cf204539,313
asnets/experiments_numeric/domain/problem_module_divided/zenotravel/14_pddl_pfile18.py,b71342a9fa4955ab9692236a7d300d7e004a88097d60cc11291f3a5f93f1bad6,313
asnets/experiments_numeric/domain/problem_module_divided/zenotravel/15_pddl_pfile19.py,ff3f377eab3566335e7b1c21f04a6e142ea56701094dbcac0eba0225b77a8fe3,313
asnets/experiments_numeric/domain/problem_module_divided/zenotravel/16_pddl_pfile20.py,27b1a461a411e77a34c0238e06544b874b2540e00d47d417cdb49146638fe3a8,313
asnets/experiments_numeric/domain/problem_module_divided/zenotravel/17_pddl_pfile21.py,5d4d627ee58a4df5449d3a2992b6b1bdb64365bd968d680da0191293e10dd93c,313
asnets/experiments_numeric/domain/problem_module_divided/zenotravel/18_pddl_pfile22.py,3b7db583b94c9ab4510e296cf97041d62790713036e23f771f87f041fd3ee5d4,313
asnets/experiments_numeric/domain/problem_module_divided/zenotravel/19_pddl_pfile23.py,d2488a3cd9ae963247a4bcd5e733df1eab87ab15020d8a113849ee5aac6d1188,313
asnets/experiments_numeric/domain/rover.py,ca3471bda3808499e5fc02059e4cee62248aab1ae4392f390136b8e4ef6dc155,1410
asnets/experiments_numeric/domain/sailing.py,1994e2796098420b94f66de481f9952a431e8a594553264c815e21290ae13e85,1354
asnets/experiments_numeric/domain/settlers.py,afe91a21ee73a63af235411e263cbe671cb7be1fe150dfa90db10592f65cc337,1171
asnets/experiments_numeric/domain/sugar.py,3a6680a0037d8d3217bff29d10bfb690eaecc8b84ae901593ffd783f3447d588,1165
asnets/experiments_numeric/domain/tpp.py,64dd03f96ad20548da684eb7ee6b7fce45a8826b66bf28d99bdffd194ffd0b91,1396
asnets/experiments_numeric/domain/zenotravel.py,0cc4d31c15010afb9d62095106c4b4645379f2c66d40478846cbc5ebf20f9428,1502
post_training/__init__.py,e3b0c44298fc1c149afbf4c8996fb92427ae41e4649b934ca495991b7852b855,0
post_training/action_selection_policy.py,bcd0722cd0152aee1810d138289e937d88419e4cd6f26c57ce883a55dfc8d2a0,13302
post_training/enhspwrapper.py,31818308e6d41e5355397d5412c38842be3f2fdbefdbf141bd972da7fd409312,9103
post_training/monte_carlo_tree_search.py,51042f46ac9b66ee664ff313f7cd4e852a66276f27efa9f4208e1034661e2b09,33720
post_training/training_mcts.py,0e1dca36cf199db269c99306bc4e743d60093f2f4f29cf95e4bf5b84b92160d1,27834
asnets/run_experiment,b5f6ec4d7c11bf1386c55c75264a453821c2f45298e5b2e44a276ec9769998d9,114
problems/numeric/counters/domain.pddl,12b637d6d9f581b5642fba66df5d8b42ae00db467e1f5fd04b9a1155f638f8e6,1027
problems/numeric/counters/instances/fz_instance_12.pddl,83b4bb82cca75623f7ccb470e9b42bc3c518c3dad9eb70a478d16255a3155793,905
problems/numeric/counters/instances/fz_instance_4.pddl,2a11b9347eb442cc7a5a427e8598bb7e100f01bd3eb25643cdb9a4e9642803f6,440
problems/numeric/counters/instances/fz_instance_40.pddl,404632a1be35e79addee44da5c4908d198916e73c1bb9fc696e991058d5b3a34,2571
problems/numeric/counters/instances/inv_instance_12.pddl,74a2eac01dd8a380662f958be9297364875767c7f4b1069d66e664a90386b7ce,902
problems/numeric/counters/instances/inv_instance_16.pddl,099560d937070ca13ef01a43b23a0d24055f6eb3bb468e586158b33610931e9a,1146
problems/numeric/counters/instances/inv_instance_36.pddl,78fb4bc4f4977bc6e3bb9e23eb92cb6ad464edfdbe8c8015ca34958e49d71aad,2366
problems/numeric/counters/instances/inv_instance_4.pddl,3e56fc4d3f338477c82d09303876a6e9ed36483c568790af199251abf1d363d8,438
problems/numeric/counters/instances/rnd_instance_12_3.pddl,b19c1642172d82ba3c9363d9a5a68ed033a926da8f89c72dfef00ed745093ec2,900
problems/numeric/counters/instances/rnd_instance_20_1.pddl,f83dc1aea5c847e292ffd8aea176cc34854f44e4392a75e991492c87352a1efc,1389
problems/numeric/counters/instances/rnd_instance_24_1.pddl,2e13c3dd17ce9cc7dfb2c3acfa896541b411d188b17c99575bec3b160510f05a,1633
problems/numeric/counters/instances/rnd_instance_28_1.pddl,a40e8fcc25e547480a7f67b95d7c1b1729ff4ac17545221e7fdc238eeff745ec,1879
problems/numeric/counters/instances/rnd_instance_32_1.pddl,cb2e8855a60bcabba284b517ccbaf6f5537adf6712e78d4ca26899209923437b,2119
problems/numeric/counters/instances/rnd_instance_32_2.pddl,3abeeb53eec248fd4faa650abfb04562ce5ad063f08dab59e0e5def779482f4e,2119
problems/numeric/counters/instances/rnd_instance_36_2.pddl,8d32c636701f7de897d4b1aa38cdb7740b442db9462828b13d54d7d3f700e205,2362
problems/numeric/counters/instances/rnd_instance_40_1.pddl,7d0c00c9bfc1899cc9f9da6bad6a78c1ba6b69c5dfd64ebb97a94e9dfa5b803d,2610
problems/numeric/counters/instances/rnd_instance_40_2.pddl,edf9373885f67205c98e07fe0ba427e0c56dc2591fdfb770bf32d6a0a894c96b,2610
problems/numeric/counters/instances/rnd_instance_40_3.pddl,f26da2e46d77f6c016cead3cd20a13b9b2ef72607b5d3d7fa3785f2bf93eaa11,2613
problems/numeric/counters/instances/rnd_instance_4_1.pddl,1ff9843d63570c84beb73f487a86622a2bd0a23d814894dda271831ccdd5f57b,436
problems/numeric/counters/instances/rnd_instance_8_2.pddl,f76af4f3079b44c1ce8713c98254a0a3a65d339000c4f48e23865c3583e25f6b,664
problems/numeric/counters/instances/rnd_instance_8_3.pddl,13719eb665d5f14ee869ccc18f505f29a9a81a674056810a89cfef475a9023fc,664
problems/numeric/counters/valid_easy/pfile_1.pddl,90c670905779a74aa650ce955d7efd1a508c1e18b1c532208f1d4b160166671e,426
problems/numeric/counters/valid_easy/pfile_10.pddl,48c5629bc702debecb89a038248531b4faf0228f4b749a4d00f5d1d7b0b12638,369
problems/numeric/counters/valid_easy/pfile_2.pddl,178f981f2378634eb4daee7c15ea364650329c256cd62bc54a567badd683e7c1,370
problems/numeric/counters/valid_easy/pfile_3.pddl,7b90c5b13a28b89724cfc0c203fd4f16b2ee13402c18163e4ee46b45b02eb097,369
problems/numeric/counters/valid_easy/pfile_4.pddl,f24a18b380d83281daea1bb50f8f36280acb36653f50492bfe28db728082d7b2,368
problems/numeric/counters/valid_easy/pfile_5.pddl,be06df8a0af7ba9ed77a65c08a488e3fe03e5085175673ca1607711dde33ff03,369
problems/numeric/counters/valid_easy/pfile_6.pddl,44e610e2926c417891fa2c410104f68be26b8f9daa157c7941f9990d2a23172b,368
problems/numeric/counters/valid_easy/pfile_7.pddl,8c119c119c0342144ee1477f22b09523160c3c5fa53d7aaf10b62c841f70c177,369
problems/numeric/counters/valid_easy/pfile_8.pddl,41eca25f12b9d66ca4e96fbc10073bbe1ae88bb8d17b3f98686d1b4929c66f09,367
problems/numeric/counters/valid_easy/pfile_9.pddl,add2ec557fddbcd6cfa52a4c43f4983293e6e05158deea83f2358d302275532e,423
problems/numeric/counters/valid_hard/pfile_1.pddl,ac3b2a6251e1d7d80bf752692cf9edd73b39c57a3474448149cb9cf257beb8d6,596
problems/numeric/counters/valid_hard/pfile_10.pddl,11572397ea95830048b23e4e35783ac47b2e3a4e9eed22b5a2e0806c4fd6f8fa,764
problems/numeric/counters/valid_hard/pfile_2.pddl,99d6ec0ef4bcfc05cda185636516bf2b0d701b5607807171d127c13b8b9a5dd7,765
problems/numeric/counters/valid_hard/pfile_3.pddl,a78e0a095c3b36d90dfb6e20465dbc51cd3956d993869a05b3fa608893efd5f2,652
problems/numeric/counters/valid_hard/pfile_4.pddl,2113247568bfd18ea4c162e0d840e4aa03e80d4835712f08f3bf32b5bfcc5298,765
problems/numeric/counters/valid_hard/pfile_5.pddl,0e5a482674e66e986944e6da9250229b0ab7e64d58366ee3e036ace68e3da549,651
problems/numeric/counters/valid_hard/pfile_6.pddl,23865a5a9e3c05de5f4f0829026a42cee72c4129ba79a5b978842e392abfbdaf,652
problems/numeric/counters/valid_hard/pfile_7.pddl,70d24204d11bcd8b5a3061a73928d52366d2e891fd274f8ba863adcd7bf61360,651
problems/numeric/counters/valid_hard/pfile_8.pddl,92f27c5dbdef6cf72087e75eddf2fe853d537fb7c5ecdec4f1a4047a986b3a91,652
problems/numeric/counters/valid_hard/pfile_9.pddl,3e929eca3dc5268020bdbec7bb97ba77fb7bd665ef41ca4979a665d5645dc168,764
problems/numeric/counters/valid_medium/pfile_1.pddl,1535b6d4c47a55d09ca52d2d47148bb86707869d12d279eabe9e330e2bd5bab6,536
problems/numeric/counters/valid_medium/pfile_10.pddl,02b8a12e9fc0bcab65fd99151463ec302ab84117375936ccf0e2a7c1f11f26a8,535
problems/numeric/counters/valid_medium/pfile_2.pddl,be35c092aab913064bd5db8ad9a7b0308f620d5024ffe42ff1a9fad1b0a8675e,481
problems/numeric/counters/valid_medium/pfile_3.pddl,1929ba34955c2ef7c97d479e66a5143871d64fe67f2d44a93691e9c4c2980672,536
problems/numeric/counters/valid_medium/pfile_4.pddl,681136e73760e6d310a0050ff25764b10c16f8e02a53dab7c89bf58cd6b49f86,481
problems/numeric/counters/valid_medium/pfile_5.pddl,de5a3249c1a25da0385540f62b23e8314654e28f37f494567cdbb4ce84aa51b0,480
problems/numeric/counters/valid_medium/pfile_6.pddl,05522fa14dfed55c9bc04d30810f18b46089c16e5d153acf0aa34312b757bcf3,537
problems/numeric/counters/valid_medium/pfile_7.pddl,f8e14a4d41c00cae55db23e1eea09bd070e46ad5387607c604732605c93da1dd,482
problems/numeric/counters/valid_medium/pfile_8.pddl,505c8d41560db988de2981981c6bc6cf2e89f914a9518247ce49f5d08d3deb31,479
problems/numeric/counters/valid_medium/pfile_9.pddl,4b4fd3b237736eb3ab8fbb57c211b9ab0805e9a41b8be29192411bc006077bc0,534
problems/numeric/counters/vanilla/fz_instance_10.pddl,79fa9381f2dec9e24a29b3f8fff6472fe712c2e8ed7bf224240a5f141755cc73,844
problems/numeric/counters/vanilla/fz_instance_11.pddl,911f730ab58ec479c911ff191346703140fdb8dbc98b60c640247a45fadf1b4b,918
problems/numeric/counters/vanilla/fz_instance_12.pddl,233c415958f36c419714dbf17dccc760cf3f2ba72165ae1408f0034daf949052,993
problems/numeric/counters/vanilla/fz_instance_13.pddl,7765ec4192499f5cae5eec4f0e5c2a820284b6f0e0062cafc7e986b7d5522fd6,1068
problems/numeric/counters/vanilla/fz_instance_14.pddl,a1069ec43c342b58ada06c37f67fe218ef1218e951591b83da0b2136d59751db,1143
problems/numeric/counters/vanilla/fz_instance_15.pddl,ec02001392d225e41ba21d826d044ebada181e3acf1f9efbdef80ababd4214a3,1218
problems/numeric/counters/vanilla/fz_instance_16.pddl,af1184326e360fa1de7449f4f5555e496ade425850f599c471e3411a1ca256ab,1293
problems/numeric/counters/vanilla/fz_instance_17.pddl,1b1023a48011ca90696bdd5a2d431c324dbaed2f35e101bc60c239a7a3d3aec8,1368
problems/numeric/counters/vanilla/fz_instance_18.pddl,fddc3a4fa5eaab35cecd6672b14c4a5948de8764b207b997b93283d1b2de2a82,1443
problems/numeric/counters/vanilla/fz_instance_19.pddl,f69c0748478f58a18e401745c9f679fc67766c58b0d9c78489fc7847d2d24799,1518
problems/numeric/counters/vanilla/fz_instance_2.pddl,8e2b3f4d9a397c62d02d286bacdb87c26a4ea869f0d6930917c19ed9e52953b2,274
problems/numeric/counters/vanilla/fz_instance_20.pddl,3d9ec7c2e9fa948c2f65b5120a82e7555c75db8ced3b56755715661c663a6cfe,1593
problems/numeric/counters/vanilla/fz_instance_21.pddl,e0214ddf741a4e26b1e5f649e7f4a2ed76ccedfd6acb967fa45e253950488ede,1668
problems/numeric/counters/vanilla/fz_instance_22.pddl,33c645129ff8f46ec0123bafd1fd28090e3ad8811e1703718acd4997e417f81f,1743
problems/numeric/counters/vanilla/fz_instance_23.pddl,c01563dedc80c4f228cf83c46832f616a50c3baa442b302161d65894c9b0af89,1818
problems/numeric/counters/vanilla/fz_instance_24.pddl,8484be03aee277e525054375bac18015e1c24f81ab9e90bb7d688030c2e73577,1893
problems/numeric/counters/vanilla/fz_instance_25.pddl,3f8938032e7ceee2865c4f889f39a7d176c2c07cedebea1bff916eab18abf088,1968
problems/numeric/counters/vanilla/fz_instance_26.pddl,350b0ba18fdeb0942c90628037a8cad6fa48346b6e746cba072c87010d546b7b,2043
problems/numeric/counters/vanilla/fz_instance_27.pddl,b46b55a74fd16fcb2b860d507598d7ab29f7c75f120eb9e79d0d3f70d120a90b,2118
problems/numeric/counters/vanilla/fz_instance_28.pddl,2302a3663c1cd1a99584b583d14e218b136f8330172cc8e8f40b5ee2db81aa1e,2193
problems/numeric/counters/vanilla/fz_instance_29.pddl,414bdd8f6a62e27db1cf0f0c6bd86abfed7d1249b9db4580e6a66060546e425a,2268
problems/numeric/counters/vanilla/fz_instance_3.pddl,662e4c2cd1743fd9e277d680c7c7967a0411f667f7acfe1d2ec11b1f0bf0ffa7,345
problems/numeric/counters/vanilla/fz_instance_30.pddl,3973ba6e7bc04aff8d4f81bee6fe4220f33abfca506cf857452f79eaad2d0c71,2343
problems/numeric/counters/vanilla/fz_instance_31.pddl,fd574001d5607330e26e0d1f8f0a0b9d333d3091f8fbd3fb1426a356977eb815,2418
problems/numeric/counters/vanilla/fz_instance_32.pddl,9c2378e4156f416071eea05de53d765cc907154f8e217a3560d141c38c48a0ec,2493
problems/numeric/counters/vanilla/fz_instance_33.pddl,44c8f6de2a108616565aa92aa81922ff3e4ec2c6adfcdfd77fd852e39826d45c,2568
problems/numeric/counters/vanilla/fz_instance_34.pddl,47cb0deeadd1784f92fe049a674c22cb7b7c8c676e15d663f103dcca1c20d8ea,2643
problems/numeric/counters/vanilla/fz_instance_35.pddl,2ffe2b3f0aabf4acffe841f0a8b92e2f6a4ff610bd0f9f2f22a4e248bbbea244,2718
problems/numeric/counters/vanilla/fz_instance_36.pddl,825c2bf14b4a26f35ed3fc64eb538fdf919ce24c639f62134cab613bc85c5fe1,2793
problems/numeric/counters/vanilla/fz_instance_37.pddl,e2a9d5cfdcd466b62a36d035db3d2df8808e727c340baa816820df370101e7b7,2868
problems/numeric/counters/vanilla/fz_instance_38.pddl,22294f581a7b751dfeb13a560e207533ce651429107bcd2e43d17771239bdbcd,2943
problems/numeric/counters/vanilla/fz_instance_39.pddl,356b2fa9cceaf272790f430a757432d83b577e6d41a9d8b942d029d05786992c,3018
problems/numeric/counters/vanilla/fz_instance_4.pddl,2c60b7d937aadf8b2c42958389f46e735062db49cbaee6953282d903710ccceb,416
problems/numeric/counters/vanilla/fz_instance_40.pddl,64c8723100ea3f71e0ab3d4af7e77b7ac48c1be91c347b5f6a712718ec5c7a51,3093
problems/numeric/counters/vanilla/fz_instance_41.pddl,477884845b5f6ff509b15bbd62cce24d473453bf8809edaf1d414d0e23e08b9f,3168
problems/numeric/counters/vanilla/fz_instance_42.pddl,47d48fd73beef18579de46bb7e5eb9cc17b23e5e56a9367a1880c94bba42cf7e,3243
problems/numeric/counters/vanilla/fz_instance_43.pddl,568a4fb12542606d8e08d5c40f5bf922344d1960f1ff2ba766d15fc273aec9e0,3318
problems/numeric/counters/vanilla/fz_instance_44.pddl,de6a43fb8733b482bffd8dc4e378f22c04f614918ceb8373e9f11b97298a0875,3393
problems/numeric/counters/vanilla/fz_instance_45.pddl,9cb9cae10cd83a827d3b1bceab039ca75fd3cb68584c3e419ca0cf7e41b1d84d,3468
problems/numeric/counters/vanilla/fz_instance_46.pddl,9e8577f22c69436e271d9489624321073424ade3aed437c0b637c0fb6ff22a2c,3543
problems/numeric/counters/vanilla/fz_instance_47.pddl,1c47ae76fe5789a1a486a7eb62dc53bbbc3534ed8351af8393324ff549ebfa03,3618
problems/numeric/counters/vanilla/fz_instance_48.pddl,3e5c4061d24b08d2e3b60e95e607994e44742e50f8e6b08e58528dad8142cb3d,3693
problems/numeric/counters/vanilla/fz_instance_49.pddl,17b14c3635b3cafd9905e39b74d0ed958f84beba1c9b13a2d5f142b4d16f428d,3768
problems/numeric/counters/vanilla/fz_instance_5.pddl,0ce283d2e8c4478bc0ed6e7e12e23c02d3710f12e5fc285484624e925118cee0,488
problems/numeric/counters/vanilla/fz_instance_50.pddl,b6dec6249586c2da7a7ef9d6ba7375cd370d9d44a4edd819d3628cfb5bacf9ba,3844
problems/numeric/counters/vanilla/fz_instance_51.pddl,e2c103214f756e75cdeed3656e43f8f2e28323dbe997554304413abbdbe4f8fc,3919
problems/numeric/counters/vanilla/fz_instance_52.pddl,b626d568689d547cc758d7283c278cdcce568a1109652eba5c5e2693da74406d,3994
problems/numeric/counters/vanilla/fz_instance_53.pddl,99b63ccb7951c5a812050927e58264edfcd7cdd47e3cf6f7675cc9d8fcaaf365,4069
problems/numeric/counters/vanilla/fz_instance_54.pddl,d99c32826178834e354759c84cf91df0997a372fba199962a4f841865f5b4f28,4144
problems/numeric/counters/vanilla/fz_instance_55.pddl,62af8a8adf1afad2a584582036d8f7ae1484e184b6a032d36be85c20eb510269,4219
problems/numeric/counters/vanilla/fz_instance_56.pddl,0cacf2706d71334f44269cfad1cc3e2299292c354b6a19f1dcc8e8c01b7ff619,4294
problems/numeric/counters/vanilla/fz_instance_57.pddl,9b8bdfbaf088ba4f029293c676dc443ec187ac3b8ae41de295184cc65e7a84c5,4369
problems/numeric/counters/vanilla/fz_instance_58.pddl,c861e62a7665cdf7040091bc11ce8fdf073c2836e20238177350753716531519,4444
problems/numeric/counters/vanilla/fz_instance_59.pddl,ed08f5ac976adc69bc482e34131461416c8e5cba9d50ff68de2267ed0920b5ab,4519
problems/numeric/counters/vanilla/fz_instance_6.pddl,c44cf16243b776212fafd5ba71b9bb57490c89117c5e226d4f2dfa4ead5455eb,559
problems/numeric/counters/vanilla/fz_instance_60.pddl,cb7a227dba1f159dbf1d737ef7194dec333fd1bfd490c28615ac3387de106f1f,4594
problems/numeric/counters/vanilla/fz_instance_7.pddl,7007e7bd01b7cf6419aee9b876bf62e0e74002ef3d23c376d5d6d7adfd801ed4,630
problems/numeric/counters/vanilla/fz_instance_8.pddl,71fdb2fc499fcb9f6bc4b2fb6c7c3fb83a97cce23509bccf9af4dc60ed2485c3,701
problems/numeric/counters/vanilla/fz_instance_9.pddl,88c12574349ac48a0ba2099cc0ddc0cd04b14e4e5cb5f090cc754229c681445a,772
problems/numeric/drone/domain.pddl,616dbcc0721e29df102aadd94169b7fddefc23a2624e182d6089e181a740de4c,3409
problems/numeric/drone/instances/problem_10_10_3.pddl,f8f0b48404dfb186678a6558df7af665da983e7314433cba6a4cdd14b62e1b29,28574
problems/numeric/drone/instances/problem_1_1_2.pddl,bbdf59ce8298f67440062f61d89902b780af57b53d0ab65e9279621eb2164a48,554
problems/numeric/drone/instances/problem_1_1_4.pddl,a413848e083f938252541eef677e6646e8741372b07ff457a850a31344c3b13b,744
problems/numeric/drone/instances/problem_1_8_1.pddl,dcfce66cda3e06a433a9d2571ce095138df674c5cdff9e3cc3c8aeef2ce12e47,1120
problems/numeric/drone/instances/problem_1_9_3.pddl,5264991c948d0c3d1feaa3d0f8100e55db16490164718cf6759d5b5b260a2765,2906
problems/numeric/drone/instances/problem_2_5_4.pddl,bda95c468e30d06f6c1de957632ac749d585d1d7f10ff2ff0175def6eb6fc19f,4128
problems/numeric/drone/instances/problem_2_8_3.pddl,6ba34d2baaf9ccb706595b3b3ed820665cb5868b32395403487ae18228c41673,4880
problems/numeric/drone/instances/problem_2_9_1.pddl,9b51f6fe57a3352d4e652c38f85acfd1c48b0cc1c6e0c82134f779ad24dc4968,2060
problems/numeric/drone/instances/problem_3_3_4.pddl,a412d7996073328dbc05ac283b8fb00e668706b28537a7faa3cdf3d545f9db33,3752
problems/numeric/drone/instances/problem_4_2_5.pddl,4b075e20c056db084bdd87d595b820fc51e1522bb9732eb4fb72c636e40c9dcc,4128
problems/numeric/drone/instances/problem_4_9_5.pddl,5620fc328d04634eff84d4ed2c813f3ffb53fad570ecd8dbef00d470df52220e,17288
problems/numeric/drone/instances/problem_5_10_1.pddl,bb6f85b989a1b94445c894cb35fe14172e0247f042cd167c78df1c45762dbafc,5071
problems/numeric/drone/instances/problem_5_2_2.pddl,728aec6fb797f859e2032a0becc18b1959bd64dfe1dc1b180718d7346bf10b01,2248
problems/numeric/drone/instances/problem_6_8_1.pddl,b7191c590c38879ef8d07eea94dce40cfdeb62b44675a62bd98c6851a907c373,4880
problems/numeric/drone/instances/problem_7_6_4.pddl,2dc80292ced8cc0ff784c035e0d98f3dc90c5592874df34bf579108777610fe5,16160
problems/numeric/drone/instances/problem_8_1_2.pddl,d2190f753c460602b9fef2d905140f752d8869a74077eb4de229ecfc79acf9a1,1872
problems/numeric/drone/instances/problem_8_1_4.pddl,842541b4f39521d354fc2ae110482c4f61d5fcd79808521f99a73773df08512a,3376
problems/numeric/drone/instances/problem_8_1_5.pddl,9fca334b24792524a63f6a3dda471b73c3375670370f20437fe3e26113fb0e22,4128
problems/numeric/drone/instances/problem_8_7_1.pddl,e582578b98373d0e6001c6c26cfdbf0b1c4ef8ee231648f452bf208141fac58f,5632
problems/numeric/drone/instances/problem_9_7_3.pddl,d73c19e87319f39f46a97b3b36da169b3c4f200dda356ecd5feb5f77a7afd57e,18134
problems/numeric/drone/train/problem_1_1_4.pddl,a413848e083f938252541eef677e6646e8741372b07ff457a850a31344c3b13b,744
problems/numeric/drone/train/problem_1_4_1.pddl,2f02616b7ed0a1ff683677743ac98025d23722c696089e401c13135dffb44f6e,744
problems/numeric/drone/train/problem_2_2_2.pddl,70bd11c1e190fbb92d45d689328868c3107bf17b883d79048685229d53ac808b,1120
problems/numeric/drone/train/problem_4_1_1.pddl,6841a51367695aa47fea3b1666cf6f5cefc09ec60bff47f0637e99125dec8959,744
problems/numeric/drone/valid_easy/pfile0.pddl,336f2dd52166bbf354cdccd283cf8210be1af314cfd13516e33c4989283eb70a,521
problems/numeric/drone/valid_easy/pfile1.pddl,860a6834db58a4b190be6226ed2b02a395bcca25d7128ed24ab3f56ed9996154,521
problems/numeric/drone/valid_easy/pfile2.pddl,ee9700a0ea758c2a31c47fc307e1e2bffa238dec5cb9d9abbe5c11a5bc924412,679
problems/numeric/drone/valid_easy/pfile3.pddl,6d3347dd2d8dde854e1c31fbc550097b5f14290a3381ae990e02ce8c4ac6b3c3,991
problems/numeric/drone/valid_easy/pfile4.pddl,900391d11efbb96c2648d22949bfd7587dff8283f81d28644d37f4b7086622fd,521
problems/numeric/drone/valid_easy/pfile5.pddl,2dd0416a1e7a9315e461af8d8e91f6136e4adae06aad815418c3f0ea1d456374,679
problems/numeric/drone/valid_easy/pfile6.pddl,c5d453adf1804ef512897205aa0880a38dbe426fb36186d928fcad3b2e363145,521
problems/numeric/drone/valid_easy/pfile7.pddl,c51dc08912c88d79ae4095f134eed7f9dc52505614beaf63c987d747f65a63f5,679
problems/numeric/drone/valid_easy/pfile8.pddl,6ebe20fc3bc0f0c7240cebcf5bbaa884311a721347be13f40a1cc2cdee273b6a,991
problems/numeric/drone/valid_easy/pfile9.pddl,7a1e78fe363cc5747d501ad3c4c41f70cb6ceab0b1482956dc145f03267e9677,679
problems/numeric/drone/valid_hard/pfile0.pddl,8f9a7421ea63d8a52e3d32bdfc52ea069e6d7a8d967e8cdcc07e7598032b1fac,6607
problems/numeric/drone/valid_hard/pfile1.pddl,aab7e23910ddf9ec5e9cc2583191aabc729c805b588f7194dd4753e0eb1a7c7e,8167
problems/numeric/drone/valid_hard/pfile2.pddl,d64ef17e51627ed547e40c4b76d39ab93ec0f62b466850e7aa82c456a72135d4,6919
problems/numeric/drone/valid_hard/pfile3.pddl,195c9be4516af64cf1021e50837283f1ee1dcb2fbd47b2394ae246d41b1c41ab,11287
problems/numeric/drone/valid_hard/pfile4.pddl,bb78820c652b83d545ddc3f9bef8d1b369daae532a2a58bf8fb9058d57656bbb,8167
problems/numeric/drone/valid_hard/pfile5.pddl,6dac67a8b1f5b464584cb2dbee5280a9997232ec6436ac75f332e4af970d9ac0,5047
problems/numeric/drone/valid_hard/pfile6.pddl,2ed97c4126bd2ca8a92bd1ac87715751d69afdbba8bba478e19cf26101494075,12847
problems/numeric/drone/valid_hard/pfile7.pddl,b3fb81223cf1f10b777144ce11b00d4a33869f67f0a3e00103060df386b126ef,8557
problems/numeric/drone/valid_hard/pfile8.pddl,50df845cb564534bb35b3ebf44765ef31bb0a283f2518bc559afcca9c3c1c4a5,10195
problems/numeric/drone/valid_hard/pfile9.pddl,fe7e1b3470440503f9bc8bccc26cac7d8dccd5c47bf06de37948e1a359a4d090,7855
problems/numeric/drone/valid_medium/pfile0.pddl,babc583931d055abb221f56965ddbd574f37bfa1eae27b8007c3256c6626d904,1303
problems/numeric/drone/valid_medium/pfile1.pddl,615562e6c73523f5497f0500828b807440497527405acc36c83a0099369fc009,1615
problems/numeric/drone/valid_medium/pfile2.pddl,1ceba3308e8a8aeb4b861b20b1b6fe2e72f7a777382081848981fcd121158759,1771
problems/numeric/drone/valid_medium/pfile3.pddl,82fc13e53ed7d3b432b6e2d30164ed044e8ffa6d9e894bca6163aba300a99832,1303
problems/numeric/drone/valid_medium/pfile4.pddl,8b21edb1a7b1fdea81018b437008601e6b23255614257b681c756b4613784361,3175
problems/numeric/drone/valid_medium/pfile5.pddl,271733e76eab56ca0703235ab6fef7eceaddc2e0233bd5f527ef7c06b6a0d743,1771
problems/numeric/drone/valid_medium/pfile6.pddl,413276e92988015dfacdbeafc3bf5d99c57f312d9c51cb9088eee20b629a6382,2863
problems/numeric/drone/valid_medium/pfile7.pddl,9ac94f47dea6257e9f984c6cb69888f26de272aa1eed96a722330553f41a8ebe,1303
problems/numeric/drone/valid_medium/pfile8.pddl,d28ed1d90da0b6e52d9d5f8623ccb14eef63078645a1f6593dc489a00863a7db,1303
problems/numeric/drone/valid_medium/pfile9.pddl,90ac72f6ae0d82ccb806f201ec0a344a41f2c04a3c0d261b9f15769a1038281a,2863
problems/numeric/mprime/domain.pddl,1d79bea5993eb7faeeecbf40cf239fd829f478451fd218051c8a45beffea3fe0,1822
problems/numeric/mprime/instances/pfile01.pddl,e4f33f6b3d47f7cf510836a2ce941999d8bf3979780d658bd3617a2a2b276cff,934
problems/numeric/mprime/instances/pfile02.pddl,430474e3428b3d3840e08264f5148593a0c15d6225db041a5df74f81f999a9a8,2270
problems/numeric/mprime/instances/pfile04.pddl,ad72dc812a026ae5e4bf449676691817ef3fde2bb21478bc0c119551b28b2c82,1830
problems/numeric/mprime/instances/pfile05.pddl,1535558adb508374d77e2ba9e89a02e184f8841e21e6e77fa4f0b8b64444f1fa,2131
problems/numeric/mprime/instances/pfile09.pddl,c429538d4be1ee08f7cdf3c9ba349c1e02835329e862ebd351ab7c6cef12d6fd,1835
problems/numeric/mprime/instances/pfile13.pddl,31e8f59ccaae77c9d5581f7cedf39cd80cd2171fc14035373e32d126b792bc5c,5491
problems/numeric/mprime/instances/pfile14.pddl,f4273f5438902510ac40303f12a910248d03ddac9da455977151c5c86494e181,5706
problems/numeric/mprime/instances/pfile15.pddl,0e08074047f5cf7459029ca0fdf18e87ed462e9a9fd71561e9e57a593deedd6b,3535
problems/numeric/mprime/instances/pfile16.pddl,ce9acdfc9d550cebd4c1eff1217cf8e4b321f23550c5ba77f8552ec45e423221,2387
problems/numeric/mprime/instances/pfile18.pddl,2950dae4bf58200cc878d9935080a7099df83a82ccd7e4f8cc4fb977eadedce1,3644
problems/numeric/mprime/instances/pfile19.pddl,705c07aca0413622d1058636588cec58e182804e90a2aa36a9d9b642362d0438,3211
problems/numeric/mprime/instances/pfile20.pddl,c15621747aaeb29e192f67975cbde0ca9264efcb8fc33647760e26dcbefc6517,3366
problems/numeric/mprime/instances/pfile21.pddl,340d06cc33ec9cacc42909ab831a525862438368f73d61a648cfe389e8898eab,3668
problems/numeric/mprime/instances/pfile22.pddl,06e4ec6b5f2800d4ce8b7eef161f38a6850d9adbc3872593903ada24ac237365,4985
problems/numeric/mprime/instances/pfile23.pddl,9f710aad27055a099be9411f5a356cd34672af35465319615510262bd5907d5c,3696
problems/numeric/mprime/instances/pfile24.pddl,3544a1c995775bf3d02be7e5548d7d63ff8abdce4b32f2f5a6e4cdd7a605139e,4021
problems/numeric/mprime/instances/pfile25.pddl,3c96808326904b3300cc8f27402e3dfc895885fc5547b82168207aac5afa4872,880
problems/numeric/mprime/instances/pfile26.pddl,46821c9d9c31fdd3109622683db954ae01aa3c8bb30f5a28f3dd263818920c48,2356
problems/numeric/mprime/instances/pfile27.pddl,7a9a2f1e6c533ddb83dc47387ea420b6a28aa43a152b1b74d082f5d76fcaee6b,1499
problems/numeric/mprime/instances/pfile28.pddl,0ed8486a7365d5a5147cb722bad8628fe383eb4760406a9aee066c84fd7e7498,1128
problems/numeric/mprime/valid_easy/pfile0.pddl,3d59bb5da71ec67d937552cec02258a195c1d04c9bee3c530ac6a9f3c9f404eb,918
problems/numeric/mprime/valid_easy/pfile1.pddl,8c1cc83493c2d708603534e36e3a28e9ea5fbf53d6dad8417e5b1e286fd80d76,1012
problems/numeric/mprime/valid_easy/pfile2.pddl,e076a622f4d90e8bc10211bbcd2efd3415a64424b7e188438e51228a08db473a,782
problems/numeric/mprime/valid_easy/pfile3.pddl,eca197ea557a658b4152025313546dafb63f8f2e21daa14288ff1c0950bb9362,944
problems/numeric/mprime/valid_easy/pfile4.pddl,7e151fe3ab49f123c7d850adfa4573c4b0cffef228434487c68309d727f0da3e,794
problems/numeric/mprime/valid_easy/pfile5.pddl,ca4f996526cd8dd2ffc980c7d9fe0010fef0352b4e667505bac575e5daa416f2,950
problems/numeric/mprime/valid_easy/pfile6.pddl,878c18eefe24eaf851840edaa94235157bf265a59f3b7d70cf558000ab9bdf73,908
problems/numeric/mprime/valid_easy/pfile7.pddl,10235c146d8be703e6ffbd658a2b812cbee0eac409acf29e6b5a60915b33caad,944
problems/numeric/mprime/valid_easy/pfile8.pddl,e6b5a80ec665d0f460ecb462378c1d326bb9ea678278dc0a0f3277b05e65b224,927
problems/numeric/mprime/valid_easy/pfile9.pddl,3729502a909dd6a8e9a0365933da2bb44e22661b2d4f9a58dd3fd7a649997fc1,844
problems/numeric/mprime/valid_hard/pfile0.pddl,d01e2b702a168db93605a0e2e2ea15b1cfeb49a36cefcff89c2af143bac70c14,1067
problems/numeric/mprime/valid_hard/pfile1.pddl,0edfbfdfbf5df4cdf610e9f1f790492ced7046a965ef78fe2a33b2d708a6bfe2,1642
problems/numeric/mprime/valid_hard/pfile2.pddl,31e8abff50e0c4f0466942d5118665c68f99ef217b8b3d5b18f1a456afda4e3f,1695
problems/numeric/mprime/valid_hard/pfile3.pddl,1a8c2aab1b1dd31b136b88272f602627f89eb3634e5864adf89724375410ca16,1579
problems/numeric/mprime/valid_hard/pfile4.pddl,45300705e647c0c69c148d6574cde045c03e3b850a0a77d4d5281062d6923ebb,1229
problems/numeric/mprime/valid_hard/pfile5.pddl,36c6b7ae0d8c131201db6782f279efd3fb10a053ea3d88891e68579e92437b9e,1425
problems/numeric/mprime/valid_hard/pfile6.pddl,5435d1a09f51a6896ef1aab79c9ecc94cdd4e37d6671d81bcf054b4dc5b46ca4,1401
problems/numeric/mprime/valid_hard/pfile7.pddl,5ce61ba8d9d39ea8a30a0819e7a0ffbfff56e85dbb92a5c03ba2e73cbbc94425,1236
problems/numeric/mprime/valid_hard/pfile8.pddl,13043e0cf155e04b31bacaffa4f8d92ebf8ff959d4fbf0d9b34d54841d37046d,1202
problems/numeric/mprime/valid_hard/pfile9.pddl,ea1052b0ad35d428ea63337fb47f611c9e846554d468460b92e5486244f54935,1407
problems/numeric/mprime/valid_medium/pfile0.pddl,6bd15fc244dc7f2c78036759b55280fe21d55b923cf9f974a4c3b44085951859,1141
problems/numeric/mprime/valid_medium/pfile1.pddl,7c947537ad8061495689a04a4a8eda33697dcf15a2874462b7242ee1ee10cc04,1065
problems/numeric/mprime/valid_medium/pfile2.pddl,d770556e278fe74ef32f5a03614cb387e7b4e217d53f7e8a601bad1e3969d231,1141
problems/numeric/mprime/valid_medium/pfile3.pddl,c35a330c5a284859ab526cef224fe1ba37fee96e9b7fbbd3eb2a92cc587e9bbe,1065
problems/numeric/mprime/valid_medium/pfile4.pddl,65e5fe62fd0bf22f18acee416a27ee20b70dd998f142005c73b7002da4078c13,1132
problems/numeric/mprime/valid_medium/pfile5.pddl,b2eb618e2c1f9eac68cb71ddac62695e5fb581a8454dd3b3c1291e089192de02,1087
problems/numeric/mprime/valid_medium/pfile6.pddl,29a19ef5efb6de2893bec51c8b767d108b4fa9d31aae16a27405024f074b4678,921
problems/numeric/mprime/valid_medium/pfile7.pddl,660f61acf6457b74ae09225899bc31fa825e18ab682e9b483ab77c214669131e,962
problems/numeric/mprime/valid_medium/pfile8.pddl,f725d2e7aa66c3730d076b4d7d09b9899751a9543ae1b2565a8c8d52b661c3ab,1218
problems/numeric/mprime/valid_medium/pfile9.pddl,2e78d91a9be46fc3ed443cf648c0a20a2c629c67c85d1f7c9530df77247937ec,1119
problems/numeric/mprime/validation_ipc_scale_v1/easy/pfile0.pddl,2054441267c1e98ca4af4993ebba847a035245d54df0a0e27769c77b180cf8d8,2028
problems/numeric/mprime/validation_ipc_scale_v1/easy/pfile1.pddl,8ec9b245584e074796d2706e70388746070c0cef0d074a025d73f8308dfde101,1890
problems/numeric/mprime/validation_ipc_scale_v1/easy/pfile2.pddl,3aa37467444ac7d323bc445bff65b67d9c93a2824035005b98b38e0a68013e9c,1516
problems/numeric/mprime/validation_ipc_scale_v1/easy/pfile3.pddl,dfdec5029c685a1cf812ea6dec573f9887633a8507276763fb0926e60daf1d53,1696
problems/numeric/mprime/validation_ipc_scale_v1/easy/pfile4.pddl,4b293bc0150190fb14e40af7009b4fc2cc5fea92f5c279e96d8d2df5e5318b13,1852
problems/numeric/mprime/validation_ipc_scale_v1/easy/pfile5.pddl,f7c23fd4b3897750b4afa31f3b2db6429b440fdb50a5e027c3cb2a530abf71e7,1273
problems/numeric/mprime/validation_ipc_scale_v1/easy/pfile6.pddl,ddca89c63a14ca8537a9cc72621957ca41bc9eca34406ab5558da814049af978,1775
problems/numeric/mprime/validation_ipc_scale_v1/easy/pfile7.pddl,8a3d07025f2c0f7f939ef0d359b3039fe4439b046de44fe4e1badeab265d21bc,1877
problems/numeric/mprime/validation_ipc_scale_v1/easy/pfile8.pddl,fb398705772c504b08aa1d140442d9cfef4cb6297111a12fa930e4bf49a11eea,1750
problems/numeric/mprime/validation_ipc_scale_v1/easy/pfile9.pddl,79d92d2adb8a5ced046b3e01c5e50385344e9259988f99bfa4f3635a4a1eb967,1870
problems/numeric/mprime/validation_ipc_scale_v1/hard/pfile20.pddl,023e10152456ff00da875e2ab1af4b8c4adbaf0ef39b36dd63e3852bf8c2b315,3681
problems/numeric/mprime/validation_ipc_scale_v1/hard/pfile21.pddl,b3b1f94da2f57063a59873a5ac44117a1eb6486f2ac486eb2068ac6f2ee34525,3102
problems/numeric/mprime/validation_ipc_scale_v1/hard/pfile22.pddl,c70c3a74f8e457e7267d37126978d67ee2a512ba2b1e9dcd42e70385b93edca0,3993
problems/numeric/mprime/validation_ipc_scale_v1/hard/pfile23.pddl,73983d7718923db1c2f8aecdee604f831d45a345c618d1a3cb5e7765eb264e37,4406
problems/numeric/mprime/validation_ipc_scale_v1/hard/pfile24.pddl,afdebf855e18e81d5949a66dd9efb3d576ab7e974f46499baac55f618c1ca9cc,4943
problems/numeric/mprime/validation_ipc_scale_v1/hard/pfile25.pddl,9948e8f540d4ae6682080e0e36761c2734902d4ee0107fad167ef201dcc515b6,3726
problems/numeric/mprime/validation_ipc_scale_v1/hard/pfile26.pddl,6cf78e448845c1afd66ba4c028a81042ca7455b20c43ad0c8a89e5e75c5cfa68,3380
problems/numeric/mprime/validation_ipc_scale_v1/hard/pfile27.pddl,aa0901a9cdb9721f70a5b4f47164f626b5ddcac1f22fd9477f5596126f9d733d,4616
problems/numeric/mprime/validation_ipc_scale_v1/hard/pfile28.pddl,1d56e1f2edca971c276265ab88de4f57947dcf06ec2b516a192321ab1cf4db34,4060
problems/numeric/mprime/validation_ipc_scale_v1/hard/pfile29.pddl,e72ad6bd77d5e9bc1ecc864a59ff8ee1a5b2b85a2f9f4ed933a9960639cced2a,3889
problems/numeric/mprime/validation_ipc_scale_v1/medium/pfile10.pddl,9dde004df23ea5d816880edc0378598e41d9ee17ae1823af617c9ce7f203bd29,3201
problems/numeric/mprime/validation_ipc_scale_v1/medium/pfile11.pddl,ce702dfc7076ba8265aad3220fe575cab5198a235dd1de142f0480cb3a81ce11,2789
problems/numeric/mprime/validation_ipc_scale_v1/medium/pfile12.pddl,57cabdc7e6d1037ad3bcd9c3fc624b6a15281915c73a569c0563204b655932b5,2866
problems/numeric/mprime/validation_ipc_scale_v1/medium/pfile13.pddl,13f1640d89605043fe8cd2f3aedfb9664d0d761bfe58e4042eb8485e068a27e1,2235
problems/numeric/mprime/validation_ipc_scale_v1/medium/pfile14.pddl,ea935f74dab08fdceafb3101dca4d4f6b6ab922b650a696d909dd86095d3bfa8,2404
problems/numeric/mprime/validation_ipc_scale_v1/medium/pfile15.pddl,872e6cd48b6fbfdbdadc6310e1e5b2a32738bd1c5cc882edc83f92e384411224,2338
problems/numeric/mprime/validation_ipc_scale_v1/medium/pfile16.pddl,d1564c7d0ff80926d8cef18052c9db26fe94eaef43fb4339928521b85e66453e,2638
problems/numeric/mprime/validation_ipc_scale_v1/medium/pfile17.pddl,5260b6aea407074e6cf00dc3544e78f935c6be8b8bdd74c800d4ecd41086307c,2416
problems/numeric/mprime/validation_ipc_scale_v1/medium/pfile18.pddl,26c1d207b4d396b45843ecb7ed1f963f10930ed3e116579dcee9c66f40d12a13,2677
problems/numeric/mprime/validation_ipc_scale_v1/medium/pfile19.pddl,cc20169f1035bbbf75ff4ec683ef7f136be16eb4fb516c0ec443da7f8b8e79e6,3183
problems/numeric/rover/domain.pddl,69c201e4d000029bfb69b359a66849e75e415d64a470761fa5ab11ade36411c5,4763
problems/numeric/rover/problems/pfile1.pddl,c3e806f112f3e19588b3418af143195927cdc0dcd77c1be3b99364bd57cfa891,2036
problems/numeric/rover/problems/pfile10.pddl,f699a03dd0f39931a81e479db7e9babcab2a862c55b26f6291199ae761657337,6040
problems/numeric/rover/problems/pfile11.pddl,0d081623a8e0f774c91c1d2b542098b7c3eda0e1c264547e29f6165815c37400,6936
problems/numeric/rover/problems/pfile12.pddl,bf93c83d090358217ecb4de4c20c0f57eaed53a6c1a01fd079ad1837dbe110d3,6623
problems/numeric/rover/problems/pfile13.pddl,2affe3419946a45af1300a2e32d04681c1f376beb1286a9f070b720a1106674b,8062
problems/numeric/rover/problems/pfile14.pddl,8c585e3722f46e8bc5dc84926e5f97437f018b36eca9783ca467078cf5ff049f,8593
problems/numeric/rover/problems/pfile15.pddl,e71b0a04ad11c11dfffa1b6ab5167610bc506dbd8b7492b0721f00d7b9faddfc,10031
problems/numeric/rover/problems/pfile16.pddl,cbcdfd0109bd464d1ad44c6d3bc0d0326e98c628871740d7177d0422c1655ed1,10649
problems/numeric/rover/problems/pfile17.pddl,55c54ead41c870d1c7c7f45d7ec8e45c49b69b2d29619b50556777209c4fb598,15918
problems/numeric/rover/problems/pfile18.pddl,bea956a66d1020254b39c1c762bb39fe4a311b34ef0bd260cdbbfa58e29847cc,22299
problems/numeric/rover/problems/pfile19.pddl,33d33d3a1e27731f3d873645358216aa6a0be4820dbee5cc6838d62d3dd87951,23240
problems/numeric/rover/problems/pfile2.pddl,de856d0469af32920a97425b2cddf97e871439004926d5e4ff021bcc93890362,1925
problems/numeric/rover/problems/pfile20.pddl,69598fee921a69559e6fb9e62c5d1be81a71d0c3959751c094ad97ff04a83b18,33965
problems/numeric/rover/problems/pfile3.pddl,91c050819efbb36cc147aa6dd7cc87e1f438a1b44e6e028d5ed1edaa539a549a,2408
problems/numeric/rover/problems/pfile4.pddl,c22460b52d5380c87eb7217e4fc32456f270a1f344ccd163bada5c6885c4a86d,2463
problems/numeric/rover/problems/pfile5.pddl,82be06a8cac180c7f84b1bba18523b45737211e47408b725cb540f0af5341e76,2911
problems/numeric/rover/problems/pfile6.pddl,37861c52da80c2f57a30a4ce0c6a799b74299dd85e05989ffce19d5df647bad2,3794
problems/numeric/rover/problems/pfile7.pddl,6ce427559433af643668142e3b41cec88ea7e2e393c308d43a4f4743c96d9e2f,4118
problems/numeric/rover/problems/pfile8.pddl,3c2e2c7f6004fed9989e91f301d8c9ce5f0827ab4509943aba9809e2e314ea69,5354
problems/numeric/rover/problems/pfile9.pddl,4152f701d70e15e255f6b3585aa2eecb9ba518638bc281c0d79c8c8480ef5620,6248
problems/numeric/rover/valid_easy/pfile0.pddl,eadecf3d059df3ee41fc34a9624617f393bf94f3c05b673a7b9c67b0e8980291,2960
problems/numeric/rover/valid_easy/pfile1.pddl,ef0f6bfc7493b072d31f7dad86dd348d87e3d4c797629b177d0a0883e131f456,3231
problems/numeric/rover/valid_easy/pfile2.pddl,f9540fa2bd39af97cd2b36d6748a4049aee9a11693fcb25571589349f81e4592,1856
problems/numeric/rover/valid_easy/pfile3.pddl,92867dc81b0316133e95333acc51c2e40e0776862e838a16a65f59303ad596a6,2333
problems/numeric/rover/valid_easy/pfile4.pddl,6c80781b66a47db020f9ae2b8a130e0d9e5ce2db57b4ddf6219169c856bca642,3139
problems/numeric/rover/valid_easy/pfile5.pddl,d2819efec97ed804263d142796e6ee404017253e05592efddf8dbbf290040db1,2602
problems/numeric/rover/valid_easy/pfile6.pddl,f3ba31da67522113f8cb790864576baa0ef3de6ada4761046599a5006446c075,2008
problems/numeric/rover/valid_easy/pfile7.pddl,0cac0cd6ce1392680228ebc93ca6a8fac8f6d64b2ee8a18714a94b63739f8f68,2812
problems/numeric/rover/valid_easy/pfile8.pddl,d699e50110c7763a459ce10560056f67098a51f87604cbd9e3cabbb46b4a3975,3475
problems/numeric/rover/valid_easy/pfile9.pddl,5806b257cc321dd86ddf1459bc21d61bb541496531f238c45fa3de0c8c081c09,3285
problems/numeric/rover/valid_hard/pfile0.pddl,6573e488be67d383a4dba14faf97449f7aa43b1ccf1972b926446af88d152ace,10724
problems/numeric/rover/valid_hard/pfile1.pddl,60a1ef809413739fd87b34640d11913ce1dc594b5d7265c7cdfaf1e31ad17315,17712
problems/numeric/rover/valid_hard/pfile2.pddl,e0e6c09a5531ea81571995357691b2c5945677c088b72756cc98bb4f589d0ce7,8384
problems/numeric/rover/valid_hard/pfile3.pddl,1a13c0cab6c5857f6e1815857ea65d9e570a907f1427aaac341ecb79f4d6b4fa,9320
problems/numeric/rover/valid_hard/pfile4.pddl,17887d898803d52fa9e044a2b99525782f2ee69b5e4351935de806eb4b3bdf36,7696
problems/numeric/rover/valid_hard/pfile5.pddl,1c6cfa9048490074c517608fb4963e81a0b6048982ba9a5fe68258e15e0ddc62,9497
problems/numeric/rover/valid_hard/pfile6.pddl,e33e0c20a2bd9f2e754439af9075abc0c188a3326ed54c57f1d9b93b54dbb6fe,12027
problems/numeric/rover/valid_hard/pfile7.pddl,994ec3405c589cebfb834d129e76eca6991ced3c051c3cee5bbc68fa169c4956,16431
problems/numeric/rover/valid_hard/pfile8.pddl,c7bafa6bf770e36926ee0447f6fb030c1f7802971f5ee208e571106033050112,15838
problems/numeric/rover/valid_hard/pfile9.pddl,42574f136b708ed4778f840f7dc1ab5b880a647729a02b634c5fb7af08b7ef11,10701
problems/numeric/rover/valid_medium/pfile0.pddl,f108b8ab8c247ef63b74972bdf53a49a20ecdbf4045826fad991dfcf4e66f51e,4184
problems/numeric/rover/valid_medium/pfile1.pddl,4816f1642e8f2cbbee47b8567110c548e21260bd96aeb67248012e9ca397cd2d,5721
problems/numeric/rover/valid_medium/pfile2.pddl,b8f21786a76cb3073938e5139451226a5dff026fd9174b4815eb737acca2e7b5,4571
problems/numeric/rover/valid_medium/pfile3.pddl,4239bece8d3a71a4f92c84097089ad1c25800d506ac42986dd98b599a65de255,4750
problems/numeric/rover/valid_medium/pfile4.pddl,da972bb5bf4dbd0c60219cfe8249ca13ddd8bd2f1f5e0bb6cd7e96df03b95c27,5204
problems/numeric/rover/valid_medium/pfile5.pddl,19a7e7622ac2a85d1ae88f0a05e46c1c7c6d296aeb942695ff842dd7d78ee277,3988
problems/numeric/rover/valid_medium/pfile6.pddl,39dd6051413b199d820afac7334b6ef1c0f00cd2a97f44beef93436a84f71b67,5815
problems/numeric/rover/valid_medium/pfile7.pddl,c83da45c4055c45cae8d0bf90875a2c556dea2ef7393ee0f903b9a69f000f219,3568
problems/numeric/rover/valid_medium/pfile8.pddl,9418f1aa4379c47f59277722b6da369560469aaf5df6160d4e4b6496961ff711,5453
problems/numeric/rover/valid_medium/pfile9.pddl,88e8eefcaea259a3b2e131dd34a426b1a5b4a050ffc71ca26aef301c2ab2154f,3756
