axis_id,axis,choices_or_distinction,evidence,current_disposition,source_report,current_evidence,status_source
S1,"Expansion/admission: which actions enter the search, and when?",Fixed top-k; partial/full expansion; PW with kmin/c/alpha/kmax,Fixed normal/narrow comparisons; Drone PW pilot and kmin sensitivity; ten-seed FO/Rover PW70; five-seed Counters PW70; complete MPrime Stage2 fixed/PW,complete historical and side comparisons,docs\configuration_axes_evidence_20260930.md,"Fixed/PW tested across domains; MPrime S2 off16.6->17.9,on16.0->17.2; FO K10 off fixed8.5/PW10.0, K0 fixed9.0/PW7.5. No universal PW winner.",campaign_snapshot_20261004_followup/README.md; sealed completed comparisons retained; current active inference11:43:02IDT
S2,Simulation allocation: how much search per executed action?,Explicit20/70/140/200; historical automatic rule,Rover selected-checkpoint70→200; Drone PW70→140; PW20/PW70 diagnostics; automatic0 versus explicit budgets in training logs,bounded screens concluded,docs\configuration_axes_evidence_20260930.md,"Selected Rover70->200:6->8; two DronePW70->140 cells unchanged6->6,2->2. Narrow5x20 and normal20x70 are compound width/budget settings.",campaign_snapshot_20261004_followup/README.md; sealed completed comparisons retained; current active inference11:43:02IDT
S3,Tree selection score: which admitted edge gets the next simulation?,PUCT and its exploration c; classical UCT prototype,PUCT.1 mainline; limited BG c1 reproduction; existing Q/U root diagnostics,main complete; alternatives untested,docs\configuration_axes_evidence_20260930.md,PUCT.1 main; selected BG coefficient/width reproductions; no isolated UCT-vs-PUCT efficacy test.,campaign_snapshot_20261004_followup/README.md; sealed completed comparisons retained; current active inference11:43:02IDT
S4,Q backup: how are sampled returns aggregated?,Incremental arithmetic mean; proposed max-Q backup,"Active code uses Q←Q+(v−Q)/N; max-Q discussed, no matched experiment",mean tested; max untested,docs\configuration_axes_evidence_20260930.md,Arithmetic-mean Q backup used; root max-Q tie rule is not max-Q backup. No matched max backup test.,campaign_snapshot_20261004_followup/README.md; sealed completed comparisons retained; current active inference11:43:02IDT
S5,Leaf evaluation: what predicts value before reaching a terminal state?,Policy rollout; network; ENHSP; mixture; heuristic/transform/blend schedule,Main end-to-end results; multi-domain source ablations with unequal outcome coverage; independent VH benchmark pilot; six-case source decomposition; Counters HMRP evaluations,mixed completed and active estimator evidence,docs\configuration_axes_evidence_20260930.md,"Historical6360/6360; intendedDrone452/800,FO S1361/400/S2171/400,CountersoffS2466/590; DroneoffS1 complete6.9/20 historical=intended; CountersoffS1 historical25.7 versusHMRP25.4; V212000/12000; transform32/32,zero gains/losses.",campaign_snapshot_20261004_followup/README.md; sealed completed comparisons retained; current active inference11:43:02IDT
S6,External action rule: what actually executes after search?,Highest visits; action-ID/Q/policy tie-break; sampling/temperature; goal chase,"Three-case Counters tie pilot and ten-seed strict confirmation; inspected primary workers use ArgmaxGoalChasePathDuplicatePenaltyPolicy with distance_threshold=inf, so goal chase is enabled (activation counts unknown); no matched goal-chase efficacy comparison",concluded tie screen; activation frequency not exported,docs\configuration_axes_evidence_20260930.md,"Three selected tie cases0->3 rescued; ten-seed strict confirmation25.5->25.3/59. Goal chase enabled by current worker code, no required on/off ablation.",campaign_snapshot_20261004_followup/README.md; sealed completed comparisons retained; current active inference11:43:02IDT
S7,State identity/reuse: when can search nodes share statistics and predictions?,Physical-state key; physical+action-history context; proposed physical+horizon,SAFE-CONTEXT ten matched pairs; context/policy-disagreement witnesses; SAFE2 horizon-indexed design untested,bounded context screen concluded,docs\configuration_axes_evidence_20260930.md,"SAFE-CONTEXT Drone off8.8->8.4,on10.8->7.4/20, five seeds/VH. Horizon-indexed identity not tested.",campaign_snapshot_20261004_followup/README.md; sealed completed comparisons retained; current active inference11:43:02IDT
S8,Eligibility/safety: which candidate actions are forbidden or restored?,Path-duplicate filter; terminal-non-goal exclusion; safe duplicate fallback; proposed visit-ratio override,One preserved harmful duplicate-ban case; SAFE1 rescues2/4 selected Drone failures; six-source decomposition; joint BG/Counters trace pilot,diagnostics complete; safety expansion optional,docs\configuration_axes_evidence_20260930.md,"SAFE1 rescued2/4 failure cases, successful controls not screened. Completed BG/Counters traces show exhausted eligibility masks and repeats, not a proven universal cause.",campaign_snapshot_20261004_followup/README.md; sealed completed comparisons retained; current active inference11:43:02IDT
S9,Executable horizon: how deep can search go relative to actions remaining?,Horizon-unaware; remaining-action cutoff; proposed horizon-specific statistics,Drone same-build aware/unaware20arms; Counters four-checkpoint aware/unaware pilot; boundary regression tests,bounded screen concluded,docs\configuration_axes_evidence_20260930.md,"Drone off8.8->8.8,on10->10, five seeds/VH; Counters selected horizon pilot had no coverage change.",campaign_snapshot_20261004_followup/README.md; sealed completed comparisons retained; current active inference11:43:02IDT
S10,Search-engine organization/efficiency,Ordinary select-expand-backup; bilevel best-first expansion; tree collapsing; path-batched PW; parallel generation,Bilevel and path-batched PW considered but not run; BG PW20 profiling exists,profiling complete; alternatives future work,docs\configuration_axes_evidence_20260930.md,"BG profile:successor generation55.2%,estimation32.4%,selection4.4%; bilevel/path batching/full-engine variants not implemented.",campaign_snapshot_20261004_followup/README.md; sealed completed comparisons retained; current active inference11:43:02IDT
T1,Training target construction,"What loss target is learned: visit distribution versus hard one-hot target,temperature/value target","Visit-target main campaign; one-hot prototypes/history, no isolated current matched result",main complete; hard-target efficacy untested,docs\configuration_axes_evidence_20260930.md,Visit-distribution target used by main campaign; one-hot prototypes do not establish a matched superiority result.,campaign_snapshot_20261004_followup/README.md; sealed completed comparisons retained; current active inference11:43:02IDT
T2,Tree Sampling K,Adds internal tree-state examples under the original goal,"Historical K−1 vsK0:28 cells,two underlying seeds; BG+1.0,FO+.5,Drone/Rover0; mixed VH effects. Selected-anchor source endpoints/checkpoints restored; downstream policy and fixed/PW evaluations submitted30September. Completed K0/K10 training used automatic iterations0; new inference tests explicitly use70 except narrow BG20",concluded screen; no broad expansion before deadline,docs\configuration_axes_evidence_20260930.md,"K10 versusK0 two-seed screen:BG off fixed14.5->15,on11->16.5; FO off fixed9->8.5/PW7.5->10,on5->3/PW7->5. FO second offPW seed6<8 gate; no expansion.",campaign_snapshot_20261004_followup/README.md; sealed completed comparisons retained; current active inference11:43:02IDT
T3,HER relabelling,Changes goal-directed supervision rather than just adding original-goal states,"Genuine future-HER implemented; all12 selected-anchor trainings completed30September, policy and fixed/PW downstream submitted; no selected-anchor efficacy conclusion yet. Original anchor0 screen retained separately; pseudo-HER/no-op not valid HER evidence",concluded screen; no broad expansion before deadline,docs\configuration_axes_evidence_20260930.md,HER MPrime onPW19->20 both seeds; offPW18.5->18.5; Roveron fixed5->4/PW4.5->4; all24 endpoints complete.,campaign_snapshot_20261004_followup/README.md; sealed completed comparisons retained; current active inference11:43:02IDT
T4,Stage1 anchoring strength,Coefficient lambda weights the policy-anchor KL penalty against the MCTS training target,Seven-coefficient validation grids and recovered per-domain/VH selections; not evidence about stochastic-versus-deterministic KL semantics,selection/training complete; inference active,docs\configuration_axes_evidence_20260930.md,"Anchor10 selected; ten repairedCountersS2 trainings/policy complete33.5/59; fixed6/10,PW4/10 endpoints;1026/1180 durable. No final search mean.",campaign_snapshot_20261004_followup/README.md; sealed completed comparisons retained; current active inference11:43:02IDT
T5,Anchor objective/current-policy semantics,Changes the current-policy distribution in that same KL term: dropout-sampled training mode versus deterministic inference mode,Completed stochastic-current versus deterministic-current KL studies; mixed Drone/FO results and selected TPP multirng protection,concluded,docs\configuration_axes_evidence_20260930.md,"KL stochastic/deterministic:Drone policy5.5/5.5,fixed5/6,PW5.5/6.5;FO policy3/2.5,fixed9/7,PW8.5/8. Domain-specific screen, stochastic retained.",campaign_snapshot_20261004_followup/README.md; sealed completed comparisons retained; current active inference11:43:02IDT
T6,Replay/optimization schedule,"Failed-episode inclusion,reuse,estimator decay,rollback/LR safeguards affect training data/update behaviour","Historical prototypes exist; TPP guard rescue confounded by KL semantics, adaptive-KL activation failed scale condition. No general isolated benefit","development evidence, no new broad experiment",docs\configuration_axes_evidence_20260930.md,Replay/failed-episode/decay/rollback prototypes; no generally isolated causal benefit. Training resume option preserves saved weights/optimizer/state.,campaign_snapshot_20261004_followup/README.md; sealed completed comparisons retained; current active inference11:43:02IDT
A1,Network architecture/input,"VH enabled/disabled,depth/width,fluents/comparisons/action history determine representation,not search effort",Main VH factorial already measured; fixed module matrix; no general depth/width or action-history ablation completed,main VH complete; architecture extensions untested,docs\configuration_axes_evidence_20260930.md,VHoff/on six-domain main factorial and independent same-state V2 complete; no broad network-depth/width/action-history ablation.,campaign_snapshot_20261004_followup/README.md; sealed completed comparisons retained; current active inference11:43:02IDT
