problem,grounded_actions,grounded_propositions,grounded_fluents,grounded_comparisons,seconds,domain,instance,domain_path,problem_path,problem_local,problem_sha256,objects,paper_classification,projected_state_bound,projected_log10_state_bound,state_bound_kind,full_state_space_status,state_space_notes
instance_5_25_6_1,100,0,56,100,0.00666499137878418,block_grouping,1,/home/hersco/bershco-nu-asnets/numeric-asnets/problems/numeric/block-grouping/domain.pddl,/home/hersco/bershco-nu-asnets/numeric-asnets/problems/numeric/block-grouping/instances/instance_5_25_6_1.pddl,C:\Users\roeeh\Desktop\School\Meitar\Thesis\Code\numeric-asnets\problems\numeric\block-grouping\instances\instance_5_25_6_1.pddl,a3433f4f16a8d73ee49a53df235a57d38aec4d07e7342d7e3582af62730dca98,25,heavily numeric; simple,25^25,34.948500216800944,exact reachable coordinate states,finite,Independent bounded unit moves; no collision ban; static bounds excluded.
instance_7_10_2_1,40,0,26,40,0.002994537353515625,block_grouping,2,/home/hersco/bershco-nu-asnets/numeric-asnets/problems/numeric/block-grouping/domain.pddl,/home/hersco/bershco-nu-asnets/numeric-asnets/problems/numeric/block-grouping/instances/instance_7_10_2_1.pddl,C:\Users\roeeh\Desktop\School\Meitar\Thesis\Code\numeric-asnets\problems\numeric\block-grouping\instances\instance_7_10_2_1.pddl,a563122759cf04aaf2bf331a5032c803572cb8c31fc42c30855e601b792fc64f,10,heavily numeric; simple,49^10,16.901960800285135,exact reachable coordinate states,finite,Independent bounded unit moves; no collision ban; static bounds excluded.
instance_11_10_2_3,40,0,26,40,0.0027763843536376953,block_grouping,3,/home/hersco/bershco-nu-asnets/numeric-asnets/problems/numeric/block-grouping/domain.pddl,/home/hersco/bershco-nu-asnets/numeric-asnets/problems/numeric/block-grouping/instances/instance_11_10_2_3.pddl,C:\Users\roeeh\Desktop\School\Meitar\Thesis\Code\numeric-asnets\problems\numeric\block-grouping\instances\instance_11_10_2_3.pddl,47ce3915409bb77cb8ed27b65cc7386b54f80ce93f94a863934eeeaffbadca92,10,heavily numeric; simple,121^10,20.827853703164504,exact reachable coordinate states,finite,Independent bounded unit moves; no collision ban; static bounds excluded.
instance_11_30_7_2,120,0,66,120,0.006585836410522461,block_grouping,4,/home/hersco/bershco-nu-asnets/numeric-asnets/problems/numeric/block-grouping/domain.pddl,/home/hersco/bershco-nu-asnets/numeric-asnets/problems/numeric/block-grouping/instances/instance_11_30_7_2.pddl,C:\Users\roeeh\Desktop\School\Meitar\Thesis\Code\numeric-asnets\problems\numeric\block-grouping\instances\instance_11_30_7_2.pddl,6e43d2c581da17c9f49708f24e4dd6470413954381476865ada1b44ce9c737b7,30,heavily numeric; simple,121^30,62.48356110949351,exact reachable coordinate states,finite,Independent bounded unit moves; no collision ban; static bounds excluded.
instance_11_35_8_3,140,0,76,140,0.008699178695678711,block_grouping,5,/home/hersco/bershco-nu-asnets/numeric-asnets/problems/numeric/block-grouping/domain.pddl,/home/hersco/bershco-nu-asnets/numeric-asnets/problems/numeric/block-grouping/instances/instance_11_35_8_3.pddl,C:\Users\roeeh\Desktop\School\Meitar\Thesis\Code\numeric-asnets\problems\numeric\block-grouping\instances\instance_11_35_8_3.pddl,369f579b57d1b43841bcef531391ad5960e9eed28089b58d78f6dac7e1494de2,35,heavily numeric; simple,121^35,72.89748796107575,exact reachable coordinate states,finite,Independent bounded unit moves; no collision ban; static bounds excluded.
instance_11_40_10_1,160,0,86,160,0.012003183364868164,block_grouping,6,/home/hersco/bershco-nu-asnets/numeric-asnets/problems/numeric/block-grouping/domain.pddl,/home/hersco/bershco-nu-asnets/numeric-asnets/problems/numeric/block-grouping/instances/instance_11_40_10_1.pddl,C:\Users\roeeh\Desktop\School\Meitar\Thesis\Code\numeric-asnets\problems\numeric\block-grouping\instances\instance_11_40_10_1.pddl,a679649405c8f4b5b82746e1df5c1a550eb90e8d09af41c7aa51e3454bf1fa5d,40,heavily numeric; simple,121^40,83.31141481265801,exact reachable coordinate states,finite,Independent bounded unit moves; no collision ban; static bounds excluded.
instance_15_10_2_3,40,0,26,40,0.003113269805908203,block_grouping,7,/home/hersco/bershco-nu-asnets/numeric-asnets/problems/numeric/block-grouping/domain.pddl,/home/hersco/bershco-nu-asnets/numeric-asnets/problems/numeric/block-grouping/instances/instance_15_10_2_3.pddl,C:\Users\roeeh\Desktop\School\Meitar\Thesis\Code\numeric-asnets\problems\numeric\block-grouping\instances\instance_15_10_2_3.pddl,2d3220e58b7f026066a1b5edf02a5af7a073e0d5c5bb08d6d755491ac212e706,10,heavily numeric; simple,225^10,23.521825181113627,exact reachable coordinate states,finite,Independent bounded unit moves; no collision ban; static bounds excluded.
instance_15_25_6_3,100,0,56,100,0.006704568862915039,block_grouping,8,/home/hersco/bershco-nu-asnets/numeric-asnets/problems/numeric/block-grouping/domain.pddl,/home/hersco/bershco-nu-asnets/numeric-asnets/problems/numeric/block-grouping/instances/instance_15_25_6_3.pddl,C:\Users\roeeh\Desktop\School\Meitar\Thesis\Code\numeric-asnets\problems\numeric\block-grouping\instances\instance_15_25_6_3.pddl,fb52e0bd9370cebde418bb6f3baca8cf8b1e6fce0ab0717e85b948bd7f2de0b8,25,heavily numeric; simple,225^25,58.80456295278407,exact reachable coordinate states,finite,Independent bounded unit moves; no collision ban; static bounds excluded.
instance_20_5_2_1,20,0,16,20,0.0031070709228515625,block_grouping,9,/home/hersco/bershco-nu-asnets/numeric-asnets/problems/numeric/block-grouping/domain.pddl,/home/hersco/bershco-nu-asnets/numeric-asnets/problems/numeric/block-grouping/instances/instance_20_5_2_1.pddl,C:\Users\roeeh\Desktop\School\Meitar\Thesis\Code\numeric-asnets\problems\numeric\block-grouping\instances\instance_20_5_2_1.pddl,52dba995b29ec640c29b6dea2c4828a9e4697eb37fc76a31aa006f7f1091039d,5,heavily numeric; simple,400^5,13.010299956639813,exact reachable coordinate states,finite,Independent bounded unit moves; no collision ban; static bounds excluded.
instance_20_5_2_2,20,0,16,20,0.002906322479248047,block_grouping,10,/home/hersco/bershco-nu-asnets/numeric-asnets/problems/numeric/block-grouping/domain.pddl,/home/hersco/bershco-nu-asnets/numeric-asnets/problems/numeric/block-grouping/instances/instance_20_5_2_2.pddl,C:\Users\roeeh\Desktop\School\Meitar\Thesis\Code\numeric-asnets\problems\numeric\block-grouping\instances\instance_20_5_2_2.pddl,a43c0d4c3555481a894de30ba6fae48d2d9fd24ec13201c3d8c6949c32143ea4,5,heavily numeric; simple,400^5,13.010299956639813,exact reachable coordinate states,finite,Independent bounded unit moves; no collision ban; static bounds excluded.
instance_20_10_2_1,40,0,26,40,0.0040454864501953125,block_grouping,11,/home/hersco/bershco-nu-asnets/numeric-asnets/problems/numeric/block-grouping/domain.pddl,/home/hersco/bershco-nu-asnets/numeric-asnets/problems/numeric/block-grouping/instances/instance_20_10_2_1.pddl,C:\Users\roeeh\Desktop\School\Meitar\Thesis\Code\numeric-asnets\problems\numeric\block-grouping\instances\instance_20_10_2_1.pddl,0b65beca792b95c3b25af74dfc264af1c2b6e0151543aa1205c42a17f3eab2a4,10,heavily numeric; simple,400^10,26.020599913279625,exact reachable coordinate states,finite,Independent bounded unit moves; no collision ban; static bounds excluded.
instance_20_10_2_3,40,0,26,40,0.0028297901153564453,block_grouping,12,/home/hersco/bershco-nu-asnets/numeric-asnets/problems/numeric/block-grouping/domain.pddl,/home/hersco/bershco-nu-asnets/numeric-asnets/problems/numeric/block-grouping/instances/instance_20_10_2_3.pddl,C:\Users\roeeh\Desktop\School\Meitar\Thesis\Code\numeric-asnets\problems\numeric\block-grouping\instances\instance_20_10_2_3.pddl,a61a0b9d801843db9ea630a32554daec286fe33fe471a635c04bbb47647f6416,10,heavily numeric; simple,400^10,26.020599913279625,exact reachable coordinate states,finite,Independent bounded unit moves; no collision ban; static bounds excluded.
instance_20_15_3_2,60,0,36,60,0.003459453582763672,block_grouping,13,/home/hersco/bershco-nu-asnets/numeric-asnets/problems/numeric/block-grouping/domain.pddl,/home/hersco/bershco-nu-asnets/numeric-asnets/problems/numeric/block-grouping/instances/instance_20_15_3_2.pddl,C:\Users\roeeh\Desktop\School\Meitar\Thesis\Code\numeric-asnets\problems\numeric\block-grouping\instances\instance_20_15_3_2.pddl,f3428ed107f4d0170c18314b78f24ce8b600ff09af4deaee8ac0dad0cb730e9e,15,heavily numeric; simple,400^15,39.03089986991944,exact reachable coordinate states,finite,Independent bounded unit moves; no collision ban; static bounds excluded.
instance_20_30_7_2,120,0,66,120,0.008938312530517578,block_grouping,14,/home/hersco/bershco-nu-asnets/numeric-asnets/problems/numeric/block-grouping/domain.pddl,/home/hersco/bershco-nu-asnets/numeric-asnets/problems/numeric/block-grouping/instances/instance_20_30_7_2.pddl,C:\Users\roeeh\Desktop\School\Meitar\Thesis\Code\numeric-asnets\problems\numeric\block-grouping\instances\instance_20_30_7_2.pddl,42c495e1509b04b9f1d026d8c3ae9d03631bb9c6fdfe041a4cbb3810bf5306f6,30,heavily numeric; simple,400^30,78.06179973983888,exact reachable coordinate states,finite,Independent bounded unit moves; no collision ban; static bounds excluded.
instance_20_40_10_2,160,0,86,160,0.01090097427368164,block_grouping,15,/home/hersco/bershco-nu-asnets/numeric-asnets/problems/numeric/block-grouping/domain.pddl,/home/hersco/bershco-nu-asnets/numeric-asnets/problems/numeric/block-grouping/instances/instance_20_40_10_2.pddl,C:\Users\roeeh\Desktop\School\Meitar\Thesis\Code\numeric-asnets\problems\numeric\block-grouping\instances\instance_20_40_10_2.pddl,1c5b1584fa66aabdb704beeb6ee5f615e9f744fca9e7a72af932fcd5a224cb20,40,heavily numeric; simple,400^40,104.0823996531185,exact reachable coordinate states,finite,Independent bounded unit moves; no collision ban; static bounds excluded.
instance_25_15_3_1,60,0,36,60,0.003442049026489258,block_grouping,16,/home/hersco/bershco-nu-asnets/numeric-asnets/problems/numeric/block-grouping/domain.pddl,/home/hersco/bershco-nu-asnets/numeric-asnets/problems/numeric/block-grouping/instances/instance_25_15_3_1.pddl,C:\Users\roeeh\Desktop\School\Meitar\Thesis\Code\numeric-asnets\problems\numeric\block-grouping\instances\instance_25_15_3_1.pddl,13e42a931ffa0de2e82102f0177ac3f50a232b57a5ebb0b4067800095ed3743c,15,heavily numeric; simple,625^15,41.93820026016113,exact reachable coordinate states,finite,Independent bounded unit moves; no collision ban; static bounds excluded.
instance_25_35_8_1,140,0,76,140,0.011207103729248047,block_grouping,17,/home/hersco/bershco-nu-asnets/numeric-asnets/problems/numeric/block-grouping/domain.pddl,/home/hersco/bershco-nu-asnets/numeric-asnets/problems/numeric/block-grouping/instances/instance_25_35_8_1.pddl,C:\Users\roeeh\Desktop\School\Meitar\Thesis\Code\numeric-asnets\problems\numeric\block-grouping\instances\instance_25_35_8_1.pddl,85d9e71540d5045baf176b9858a9be3e58710670fcd6f6ed12724d0bcb2c4c0d,35,heavily numeric; simple,625^35,97.85580060704264,exact reachable coordinate states,finite,Independent bounded unit moves; no collision ban; static bounds excluded.
instance_25_40_10_3,160,0,86,160,0.013427019119262695,block_grouping,18,/home/hersco/bershco-nu-asnets/numeric-asnets/problems/numeric/block-grouping/domain.pddl,/home/hersco/bershco-nu-asnets/numeric-asnets/problems/numeric/block-grouping/instances/instance_25_40_10_3.pddl,C:\Users\roeeh\Desktop\School\Meitar\Thesis\Code\numeric-asnets\problems\numeric\block-grouping\instances\instance_25_40_10_3.pddl,a37811df15e10fde437978ce7e9bae54b70e70f0d41dc5476be79c0dd6de5362,40,heavily numeric; simple,625^40,111.83520069376301,exact reachable coordinate states,finite,Independent bounded unit moves; no collision ban; static bounds excluded.
instance_100_20_5_1,80,0,46,80,0.0048770904541015625,block_grouping,19,/home/hersco/bershco-nu-asnets/numeric-asnets/problems/numeric/block-grouping/domain.pddl,/home/hersco/bershco-nu-asnets/numeric-asnets/problems/numeric/block-grouping/instances/instance_100_20_5_1.pddl,C:\Users\roeeh\Desktop\School\Meitar\Thesis\Code\numeric-asnets\problems\numeric\block-grouping\instances\instance_100_20_5_1.pddl,906e83f6d665e3b8e57c5fb00e3e1d5475582ff839ac5a521242e73b477d17bc,20,heavily numeric; simple,10000^20,80.0,exact reachable coordinate states,finite,Independent bounded unit moves; no collision ban; static bounds excluded.
instance_100_25_6_2,100,0,56,100,0.006725788116455078,block_grouping,20,/home/hersco/bershco-nu-asnets/numeric-asnets/problems/numeric/block-grouping/domain.pddl,/home/hersco/bershco-nu-asnets/numeric-asnets/problems/numeric/block-grouping/instances/instance_100_25_6_2.pddl,C:\Users\roeeh\Desktop\School\Meitar\Thesis\Code\numeric-asnets\problems\numeric\block-grouping\instances\instance_100_25_6_2.pddl,622b3c7d1cdef9cd125effcef203414047b40067743e312b3e0b09f5b1763a79,25,heavily numeric; simple,10000^25,100.0,exact reachable coordinate states,finite,Independent bounded unit moves; no collision ban; static bounds excluded.
instance_2,4,0,5,4,0.003757476806640625,counters,1,/home/hersco/bershco-nu-asnets/numeric-asnets/problems/numeric/counters/domain.pddl,/home/hersco/bershco-nu-asnets/numeric-asnets/problems/numeric/counters/vanilla/fz_instance_2.pddl,C:\Users\roeeh\Desktop\School\Meitar\Thesis\Code\numeric-asnets\problems\numeric\counters\vanilla\fz_instance_2.pddl,8e2b3f4d9a397c62d02d286bacdb87c26a4ea869f0d6930917c19ed9e52953b2,2,heavily numeric; simple,5^2,1.3979400086720377,exact reachable counter-value states,finite,Each integer counter independently spans0..max_int; reversible +/-1.
instance_3,6,0,6,6,0.0037021636962890625,counters,2,/home/hersco/bershco-nu-asnets/numeric-asnets/problems/numeric/counters/domain.pddl,/home/hersco/bershco-nu-asnets/numeric-asnets/problems/numeric/counters/vanilla/fz_instance_3.pddl,C:\Users\roeeh\Desktop\School\Meitar\Thesis\Code\numeric-asnets\problems\numeric\counters\vanilla\fz_instance_3.pddl,662e4c2cd1743fd9e277d680c7c7967a0411f667f7acfe1d2ec11b1f0bf0ffa7,3,heavily numeric; simple,7^3,2.5352941200427703,exact reachable counter-value states,finite,Each integer counter independently spans0..max_int; reversible +/-1.
instance_4,8,0,7,8,0.003488302230834961,counters,3,/home/hersco/bershco-nu-asnets/numeric-asnets/problems/numeric/counters/domain.pddl,/home/hersco/bershco-nu-asnets/numeric-asnets/problems/numeric/counters/vanilla/fz_instance_4.pddl,C:\Users\roeeh\Desktop\School\Meitar\Thesis\Code\numeric-asnets\problems\numeric\counters\vanilla\fz_instance_4.pddl,2c60b7d937aadf8b2c42958389f46e735062db49cbaee6953282d903710ccceb,4,heavily numeric; simple,9^4,3.8169700377572995,exact reachable counter-value states,finite,Each integer counter independently spans0..max_int; reversible +/-1.
instance_5,10,0,8,10,0.0024383068084716797,counters,4,/home/hersco/bershco-nu-asnets/numeric-asnets/problems/numeric/counters/domain.pddl,/home/hersco/bershco-nu-asnets/numeric-asnets/problems/numeric/counters/vanilla/fz_instance_5.pddl,C:\Users\roeeh\Desktop\School\Meitar\Thesis\Code\numeric-asnets\problems\numeric\counters\vanilla\fz_instance_5.pddl,0ce283d2e8c4478bc0ed6e7e12e23c02d3710f12e5fc285484624e925118cee0,5,heavily numeric; simple,11^5,5.206963425791126,exact reachable counter-value states,finite,Each integer counter independently spans0..max_int; reversible +/-1.
instance_6,12,0,9,12,0.0021533966064453125,counters,5,/home/hersco/bershco-nu-asnets/numeric-asnets/problems/numeric/counters/domain.pddl,/home/hersco/bershco-nu-asnets/numeric-asnets/problems/numeric/counters/vanilla/fz_instance_6.pddl,C:\Users\roeeh\Desktop\School\Meitar\Thesis\Code\numeric-asnets\problems\numeric\counters\vanilla\fz_instance_6.pddl,c44cf16243b776212fafd5ba71b9bb57490c89117c5e226d4f2dfa4ead5455eb,6,heavily numeric; simple,13^6,6.68366011384102,exact reachable counter-value states,finite,Each integer counter independently spans0..max_int; reversible +/-1.
instance_7,14,0,10,14,0.002192258834838867,counters,6,/home/hersco/bershco-nu-asnets/numeric-asnets/problems/numeric/counters/domain.pddl,/home/hersco/bershco-nu-asnets/numeric-asnets/problems/numeric/counters/vanilla/fz_instance_7.pddl,C:\Users\roeeh\Desktop\School\Meitar\Thesis\Code\numeric-asnets\problems\numeric\counters\vanilla\fz_instance_7.pddl,7007e7bd01b7cf6419aee9b876bf62e0e74002ef3d23c376d5d6d7adfd801ed4,7,heavily numeric; simple,15^7,8.23263881338977,exact reachable counter-value states,finite,Each integer counter independently spans0..max_int; reversible +/-1.
instance_8,16,0,11,16,0.0021910667419433594,counters,7,/home/hersco/bershco-nu-asnets/numeric-asnets/problems/numeric/counters/domain.pddl,/home/hersco/bershco-nu-asnets/numeric-asnets/problems/numeric/counters/vanilla/fz_instance_8.pddl,C:\Users\roeeh\Desktop\School\Meitar\Thesis\Code\numeric-asnets\problems\numeric\counters\vanilla\fz_instance_8.pddl,71fdb2fc499fcb9f6bc4b2fb6c7c3fb83a97cce23509bccf9af4dc60ed2485c3,8,heavily numeric; simple,17^8,9.843591371026191,exact reachable counter-value states,finite,Each integer counter independently spans0..max_int; reversible +/-1.
instance_9,18,0,12,18,0.002249002456665039,counters,8,/home/hersco/bershco-nu-asnets/numeric-asnets/problems/numeric/counters/domain.pddl,/home/hersco/bershco-nu-asnets/numeric-asnets/problems/numeric/counters/vanilla/fz_instance_9.pddl,C:\Users\roeeh\Desktop\School\Meitar\Thesis\Code\numeric-asnets\problems\numeric\counters\vanilla\fz_instance_9.pddl,88c12574349ac48a0ba2099cc0ddc0cd04b14e4e5cb5f090cc754229c681445a,9,heavily numeric; simple,19^9,11.50878240857546,exact reachable counter-value states,finite,Each integer counter independently spans0..max_int; reversible +/-1.
instance_10,20,0,13,20,0.003408670425415039,counters,9,/home/hersco/bershco-nu-asnets/numeric-asnets/problems/numeric/counters/domain.pddl,/home/hersco/bershco-nu-asnets/numeric-asnets/problems/numeric/counters/vanilla/fz_instance_10.pddl,C:\Users\roeeh\Desktop\School\Meitar\Thesis\Code\numeric-asnets\problems\numeric\counters\vanilla\fz_instance_10.pddl,79fa9381f2dec9e24a29b3f8fff6472fe712c2e8ed7bf224240a5f141755cc73,10,heavily numeric; simple,21^10,13.222192947339193,exact reachable counter-value states,finite,Each integer counter independently spans0..max_int; reversible +/-1.
instance_11,22,0,14,22,0.002276182174682617,counters,10,/home/hersco/bershco-nu-asnets/numeric-asnets/problems/numeric/counters/domain.pddl,/home/hersco/bershco-nu-asnets/numeric-asnets/problems/numeric/counters/vanilla/fz_instance_11.pddl,C:\Users\roeeh\Desktop\School\Meitar\Thesis\Code\numeric-asnets\problems\numeric\counters\vanilla\fz_instance_11.pddl,911f730ab58ec479c911ff191346703140fdb8dbc98b60c640247a45fadf1b4b,11,heavily numeric; simple,23^11,14.979006196193522,exact reachable counter-value states,finite,Each integer counter independently spans0..max_int; reversible +/-1.
instance_12,24,0,15,24,0.002160310745239258,counters,11,/home/hersco/bershco-nu-asnets/numeric-asnets/problems/numeric/counters/domain.pddl,/home/hersco/bershco-nu-asnets/numeric-asnets/problems/numeric/counters/vanilla/fz_instance_12.pddl,C:\Users\roeeh\Desktop\School\Meitar\Thesis\Code\numeric-asnets\problems\numeric\counters\vanilla\fz_instance_12.pddl,233c415958f36c419714dbf17dccc760cf3f2ba72165ae1408f0034daf949052,12,heavily numeric; simple,25^12,16.775280104064453,exact reachable counter-value states,finite,Each integer counter independently spans0..max_int; reversible +/-1.
instance_13,26,0,16,26,0.0021114349365234375,counters,12,/home/hersco/bershco-nu-asnets/numeric-asnets/problems/numeric/counters/domain.pddl,/home/hersco/bershco-nu-asnets/numeric-asnets/problems/numeric/counters/vanilla/fz_instance_13.pddl,C:\Users\roeeh\Desktop\School\Meitar\Thesis\Code\numeric-asnets\problems\numeric\counters\vanilla\fz_instance_13.pddl,7765ec4192499f5cae5eec4f0e5c2a820284b6f0e0062cafc7e986b7d5522fd6,13,heavily numeric; simple,27^13,18.607728934066834,exact reachable counter-value states,finite,Each integer counter independently spans0..max_int; reversible +/-1.
instance_14,28,0,17,28,0.002297639846801758,counters,13,/home/hersco/bershco-nu-asnets/numeric-asnets/problems/numeric/counters/domain.pddl,/home/hersco/bershco-nu-asnets/numeric-asnets/problems/numeric/counters/vanilla/fz_instance_14.pddl,C:\Users\roeeh\Desktop\School\Meitar\Thesis\Code\numeric-asnets\problems\numeric\counters\vanilla\fz_instance_14.pddl,a1069ec43c342b58ada06c37f67fe218ef1218e951591b83da0b2136d59751db,14,heavily numeric; simple,29^14,20.473571970585386,exact reachable counter-value states,finite,Each integer counter independently spans0..max_int; reversible +/-1.
instance_15,30,0,18,30,0.0024302005767822266,counters,14,/home/hersco/bershco-nu-asnets/numeric-asnets/problems/numeric/counters/domain.pddl,/home/hersco/bershco-nu-asnets/numeric-asnets/problems/numeric/counters/vanilla/fz_instance_15.pddl,C:\Users\roeeh\Desktop\School\Meitar\Thesis\Code\numeric-asnets\problems\numeric\counters\vanilla\fz_instance_15.pddl,ec02001392d225e41ba21d826d044ebada181e3acf1f9efbdef80ababd4214a3,15,heavily numeric; simple,31^15,22.37042540751409,exact reachable counter-value states,finite,Each integer counter independently spans0..max_int; reversible +/-1.
instance_16,32,0,19,32,0.002357006072998047,counters,15,/home/hersco/bershco-nu-asnets/numeric-asnets/problems/numeric/counters/domain.pddl,/home/hersco/bershco-nu-asnets/numeric-asnets/problems/numeric/counters/vanilla/fz_instance_16.pddl,C:\Users\roeeh\Desktop\School\Meitar\Thesis\Code\numeric-asnets\problems\numeric\counters\vanilla\fz_instance_16.pddl,af1184326e360fa1de7449f4f5555e496ade425850f599c471e3411a1ca256ab,16,heavily numeric; simple,33^16,24.2962230380462,exact reachable counter-value states,finite,Each integer counter independently spans0..max_int; reversible +/-1.
instance_17,34,0,20,34,0.002605915069580078,counters,16,/home/hersco/bershco-nu-asnets/numeric-asnets/problems/numeric/counters/domain.pddl,/home/hersco/bershco-nu-asnets/numeric-asnets/problems/numeric/counters/vanilla/fz_instance_17.pddl,C:\Users\roeeh\Desktop\School\Meitar\Thesis\Code\numeric-asnets\problems\numeric\counters\vanilla\fz_instance_17.pddl,1b1023a48011ca90696bdd5a2d431c324dbaed2f35e101bc60c239a7a3d3aec8,17,heavily numeric; simple,35^17,26.249156753954686,exact reachable counter-value states,finite,Each integer counter independently spans0..max_int; reversible +/-1.
instance_18,36,0,21,36,0.002393484115600586,counters,17,/home/hersco/bershco-nu-asnets/numeric-asnets/problems/numeric/counters/domain.pddl,/home/hersco/bershco-nu-asnets/numeric-asnets/problems/numeric/counters/vanilla/fz_instance_18.pddl,C:\Users\roeeh\Desktop\School\Meitar\Thesis\Code\numeric-asnets\problems\numeric\counters\vanilla\fz_instance_18.pddl,fddc3a4fa5eaab35cecd6672b14c4a5948de8764b207b997b93283d1b2de2a82,18,heavily numeric; simple,37^18,28.22763103320591,exact reachable counter-value states,finite,Each integer counter independently spans0..max_int; reversible +/-1.
instance_19,38,0,22,38,0.0022928714752197266,counters,18,/home/hersco/bershco-nu-asnets/numeric-asnets/problems/numeric/counters/domain.pddl,/home/hersco/bershco-nu-asnets/numeric-asnets/problems/numeric/counters/vanilla/fz_instance_19.pddl,C:\Users\roeeh\Desktop\School\Meitar\Thesis\Code\numeric-asnets\problems\numeric\counters\vanilla\fz_instance_19.pddl,f69c0748478f58a18e401745c9f679fc67766c58b0d9c78489fc7847d2d24799,19,heavily numeric; simple,39^19,30.230227533503484,exact reachable counter-value states,finite,Each integer counter independently spans0..max_int; reversible +/-1.
instance_20,40,0,23,40,0.0024309158325195312,counters,19,/home/hersco/bershco-nu-asnets/numeric-asnets/problems/numeric/counters/domain.pddl,/home/hersco/bershco-nu-asnets/numeric-asnets/problems/numeric/counters/vanilla/fz_instance_20.pddl,C:\Users\roeeh\Desktop\School\Meitar\Thesis\Code\numeric-asnets\problems\numeric\counters\vanilla\fz_instance_20.pddl,3d9ec7c2e9fa948c2f65b5120a82e7555c75db8ced3b56755715661c663a6cfe,20,heavily numeric; simple,41^20,32.25567713439471,exact reachable counter-value states,finite,Each integer counter independently spans0..max_int; reversible +/-1.
instance_21,42,0,24,42,0.0022373199462890625,counters,20,/home/hersco/bershco-nu-asnets/numeric-asnets/problems/numeric/counters/domain.pddl,/home/hersco/bershco-nu-asnets/numeric-asnets/problems/numeric/counters/vanilla/fz_instance_21.pddl,C:\Users\roeeh\Desktop\School\Meitar\Thesis\Code\numeric-asnets\problems\numeric\counters\vanilla\fz_instance_21.pddl,e0214ddf741a4e26b1e5f649e7f4a2ed76ccedfd6acb967fa45e253950488ede,21,heavily numeric; simple,43^21,34.302837567171316,exact reachable counter-value states,finite,Each integer counter independently spans0..max_int; reversible +/-1.
instance_22,44,0,25,44,0.0026743412017822266,counters,21,/home/hersco/bershco-nu-asnets/numeric-asnets/problems/numeric/counters/domain.pddl,/home/hersco/bershco-nu-asnets/numeric-asnets/problems/numeric/counters/vanilla/fz_instance_22.pddl,C:\Users\roeeh\Desktop\School\Meitar\Thesis\Code\numeric-asnets\problems\numeric\counters\vanilla\fz_instance_22.pddl,33c645129ff8f46ec0123bafd1fd28090e3ad8811e1703718acd4997e417f81f,22,heavily numeric; simple,45^22,36.37067530305756,exact reachable counter-value states,finite,Each integer counter independently spans0..max_int; reversible +/-1.
instance_23,46,0,26,46,0.0030374526977539062,counters,22,/home/hersco/bershco-nu-asnets/numeric-asnets/problems/numeric/counters/domain.pddl,/home/hersco/bershco-nu-asnets/numeric-asnets/problems/numeric/counters/vanilla/fz_instance_23.pddl,C:\Users\roeeh\Desktop\School\Meitar\Thesis\Code\numeric-asnets\problems\numeric\counters\vanilla\fz_instance_23.pddl,c01563dedc80c4f228cf83c46832f616a50c3baa442b302161d65894c9b0af89,23,heavily numeric; simple,47^23,38.458250732521506,exact reachable counter-value states,finite,Each integer counter independently spans0..max_int; reversible +/-1.
instance_24,48,0,27,48,0.0027539730072021484,counters,23,/home/hersco/bershco-nu-asnets/numeric-asnets/problems/numeric/counters/domain.pddl,/home/hersco/bershco-nu-asnets/numeric-asnets/problems/numeric/counters/vanilla/fz_instance_24.pddl,C:\Users\roeeh\Desktop\School\Meitar\Thesis\Code\numeric-asnets\problems\numeric\counters\vanilla\fz_instance_24.pddl,8484be03aee277e525054375bac18015e1c24f81ab9e90bb7d688030c2e73577,24,heavily numeric; simple,49^24,40.564705920684325,exact reachable counter-value states,finite,Each integer counter independently spans0..max_int; reversible +/-1.
instance_25,50,0,28,50,0.0026688575744628906,counters,24,/home/hersco/bershco-nu-asnets/numeric-asnets/problems/numeric/counters/domain.pddl,/home/hersco/bershco-nu-asnets/numeric-asnets/problems/numeric/counters/vanilla/fz_instance_25.pddl,C:\Users\roeeh\Desktop\School\Meitar\Thesis\Code\numeric-asnets\problems\numeric\counters\vanilla\fz_instance_25.pddl,3f8938032e7ceee2865c4f889f39a7d176c2c07cedebea1bff916eab18abf088,25,heavily numeric; simple,51^25,42.689254402448405,exact reachable counter-value states,finite,Each integer counter independently spans0..max_int; reversible +/-1.
instance_26,52,0,29,52,0.002562284469604492,counters,25,/home/hersco/bershco-nu-asnets/numeric-asnets/problems/numeric/counters/domain.pddl,/home/hersco/bershco-nu-asnets/numeric-asnets/problems/numeric/counters/vanilla/fz_instance_26.pddl,C:\Users\roeeh\Desktop\School\Meitar\Thesis\Code\numeric-asnets\problems\numeric\counters\vanilla\fz_instance_26.pddl,350b0ba18fdeb0942c90628037a8cad6fa48346b6e746cba072c87010d546b7b,26,heavily numeric; simple,53^26,44.83117260962051,exact reachable counter-value states,finite,Each integer counter independently spans0..max_int; reversible +/-1.
instance_27,54,0,30,54,0.0025451183319091797,counters,26,/home/hersco/bershco-nu-asnets/numeric-asnets/problems/numeric/counters/domain.pddl,/home/hersco/bershco-nu-asnets/numeric-asnets/problems/numeric/counters/vanilla/fz_instance_27.pddl,C:\Users\roeeh\Desktop\School\Meitar\Thesis\Code\numeric-asnets\problems\numeric\counters\vanilla\fz_instance_27.pddl,b46b55a74fd16fcb2b860d507598d7ab29f7c75f120eb9e79d0d3f70d120a90b,27,heavily numeric; simple,55^27,46.98979261634459,exact reachable counter-value states,finite,Each integer counter independently spans0..max_int; reversible +/-1.
instance_28,56,0,31,56,0.0027036666870117188,counters,27,/home/hersco/bershco-nu-asnets/numeric-asnets/problems/numeric/counters/domain.pddl,/home/hersco/bershco-nu-asnets/numeric-asnets/problems/numeric/counters/vanilla/fz_instance_28.pddl,C:\Users\roeeh\Desktop\School\Meitar\Thesis\Code\numeric-asnets\problems\numeric\counters\vanilla\fz_instance_28.pddl,2302a3663c1cd1a99584b583d14e218b136f8330172cc8e8f40b5ee2db81aa1e,28,heavily numeric; simple,57^28,49.16449595882976,exact reachable counter-value states,finite,Each integer counter independently spans0..max_int; reversible +/-1.
instance_29,58,0,32,58,0.0027496814727783203,counters,28,/home/hersco/bershco-nu-asnets/numeric-asnets/problems/numeric/counters/domain.pddl,/home/hersco/bershco-nu-asnets/numeric-asnets/problems/numeric/counters/vanilla/fz_instance_29.pddl,C:\Users\roeeh\Desktop\School\Meitar\Thesis\Code\numeric-asnets\problems\numeric\counters\vanilla\fz_instance_29.pddl,414bdd8f6a62e27db1cf0f0c6bd86abfed7d1249b9db4580e6a66060546e425a,29,heavily numeric; simple,59^29,51.354708337622185,exact reachable counter-value states,finite,Each integer counter independently spans0..max_int; reversible +/-1.
instance_30,60,0,33,60,0.002546548843383789,counters,29,/home/hersco/bershco-nu-asnets/numeric-asnets/problems/numeric/counters/domain.pddl,/home/hersco/bershco-nu-asnets/numeric-asnets/problems/numeric/counters/vanilla/fz_instance_30.pddl,C:\Users\roeeh\Desktop\School\Meitar\Thesis\Code\numeric-asnets\problems\numeric\counters\vanilla\fz_instance_30.pddl,3973ba6e7bc04aff8d4f81bee6fe4220f33abfca506cf857452f79eaad2d0c71,30,heavily numeric; simple,61^30,53.559895050323014,exact reachable counter-value states,finite,Each integer counter independently spans0..max_int; reversible +/-1.
instance_31,62,0,34,62,0.0027832984924316406,counters,30,/home/hersco/bershco-nu-asnets/numeric-asnets/problems/numeric/counters/domain.pddl,/home/hersco/bershco-nu-asnets/numeric-asnets/problems/numeric/counters/vanilla/fz_instance_31.pddl,C:\Users\roeeh\Desktop\School\Meitar\Thesis\Code\numeric-asnets\problems\numeric\counters\vanilla\fz_instance_31.pddl,fd574001d5607330e26e0d1f8f0a0b9d333d3091f8fbd3fb1426a356977eb815,31,heavily numeric; simple,63^31,55.77955703306103,exact reachable counter-value states,finite,Each integer counter independently spans0..max_int; reversible +/-1.
instance_32,64,0,35,64,0.002628803253173828,counters,31,/home/hersco/bershco-nu-asnets/numeric-asnets/problems/numeric/counters/domain.pddl,/home/hersco/bershco-nu-asnets/numeric-asnets/problems/numeric/counters/vanilla/fz_instance_32.pddl,C:\Users\roeeh\Desktop\School\Meitar\Thesis\Code\numeric-asnets\problems\numeric\counters\vanilla\fz_instance_32.pddl,9c2378e4156f416071eea05de53d765cc907154f8e217a3560d141c38c48a0ec,32,heavily numeric; simple,65^32,58.013227412571375,exact reachable counter-value states,finite,Each integer counter independently spans0..max_int; reversible +/-1.
instance_33,66,0,36,66,0.002702474594116211,counters,32,/home/hersco/bershco-nu-asnets/numeric-asnets/problems/numeric/counters/domain.pddl,/home/hersco/bershco-nu-asnets/numeric-asnets/problems/numeric/counters/vanilla/fz_instance_33.pddl,C:\Users\roeeh\Desktop\School\Meitar\Thesis\Code\numeric-asnets\problems\numeric\counters\vanilla\fz_instance_33.pddl,44c8f6de2a108616565aa92aa81922ff3e4ec2c6adfcdfd77fd852e39826d45c,33,heavily numeric; simple,67^33,60.26046848912727,exact reachable counter-value states,finite,Each integer counter independently spans0..max_int; reversible +/-1.
instance_34,68,0,37,68,0.0028405189514160156,counters,33,/home/hersco/bershco-nu-asnets/numeric-asnets/problems/numeric/counters/domain.pddl,/home/hersco/bershco-nu-asnets/numeric-asnets/problems/numeric/counters/vanilla/fz_instance_34.pddl,C:\Users\roeeh\Desktop\School\Meitar\Thesis\Code\numeric-asnets\problems\numeric\counters\vanilla\fz_instance_34.pddl,47cb0deeadd1784f92fe049a674c22cb7b7c8c676e15d663f103dcca1c20d8ea,34,heavily numeric; simple,69^34,62.52086908506668,exact reachable counter-value states,finite,Each integer counter independently spans0..max_int; reversible +/-1.
instance_35,70,0,38,70,0.002852916717529297,counters,34,/home/hersco/bershco-nu-asnets/numeric-asnets/problems/numeric/counters/domain.pddl,/home/hersco/bershco-nu-asnets/numeric-asnets/problems/numeric/counters/vanilla/fz_instance_35.pddl,C:\Users\roeeh\Desktop\School\Meitar\Thesis\Code\numeric-asnets\problems\numeric\counters\vanilla\fz_instance_35.pddl,2ffe2b3f0aabf4acffe841f0a8b92e2f6a4ff610bd0f9f2f22a4e248bbbea244,35,heavily numeric; simple,71^35,64.79404220516763,exact reachable counter-value states,finite,Each integer counter independently spans0..max_int; reversible +/-1.
instance_36,72,0,39,72,0.0027174949645996094,counters,35,/home/hersco/bershco-nu-asnets/numeric-asnets/problems/numeric/counters/domain.pddl,/home/hersco/bershco-nu-asnets/numeric-asnets/problems/numeric/counters/vanilla/fz_instance_36.pddl,C:\Users\roeeh\Desktop\School\Meitar\Thesis\Code\numeric-asnets\problems\numeric\counters\vanilla\fz_instance_36.pddl,825c2bf14b4a26f35ed3fc64eb538fdf919ce24c639f62134cab613bc85c5fe1,36,heavily numeric; simple,73^36,67.07962296433641,exact reachable counter-value states,finite,Each integer counter independently spans0..max_int; reversible +/-1.
instance_37,74,0,40,74,0.005398988723754883,counters,36,/home/hersco/bershco-nu-asnets/numeric-asnets/problems/numeric/counters/domain.pddl,/home/hersco/bershco-nu-asnets/numeric-asnets/problems/numeric/counters/vanilla/fz_instance_37.pddl,C:\Users\roeeh\Desktop\School\Meitar\Thesis\Code\numeric-asnets\problems\numeric\counters\vanilla\fz_instance_37.pddl,e2a9d5cfdcd466b62a36d035db3d2df8808e727c340baa816820df370101e7b7,37,heavily numeric; simple,75^37,69.3772667454929,exact reachable counter-value states,finite,Each integer counter independently spans0..max_int; reversible +/-1.
instance_38,76,0,41,76,0.0054912567138671875,counters,37,/home/hersco/bershco-nu-asnets/numeric-asnets/problems/numeric/counters/domain.pddl,/home/hersco/bershco-nu-asnets/numeric-asnets/problems/numeric/counters/vanilla/fz_instance_38.pddl,C:\Users\roeeh\Desktop\School\Meitar\Thesis\Code\numeric-asnets\problems\numeric\counters\vanilla\fz_instance_38.pddl,22294f581a7b751dfeb13a560e207533ce651429107bcd2e43d17771239bdbcd,38,heavily numeric; simple,77^38,71.6866475565543,exact reachable counter-value states,finite,Each integer counter independently spans0..max_int; reversible +/-1.
instance_39,78,0,42,78,0.0050890445709228516,counters,38,/home/hersco/bershco-nu-asnets/numeric-asnets/problems/numeric/counters/domain.pddl,/home/hersco/bershco-nu-asnets/numeric-asnets/problems/numeric/counters/vanilla/fz_instance_39.pddl,C:\Users\roeeh\Desktop\School\Meitar\Thesis\Code\numeric-asnets\problems\numeric\counters\vanilla\fz_instance_39.pddl,356b2fa9cceaf272790f430a757432d83b577e6d41a9d8b942d029d05786992c,39,heavily numeric; simple,79^39,74.00745656032721,exact reachable counter-value states,finite,Each integer counter independently spans0..max_int; reversible +/-1.
instance_40,80,0,43,80,0.0025703907012939453,counters,39,/home/hersco/bershco-nu-asnets/numeric-asnets/problems/numeric/counters/domain.pddl,/home/hersco/bershco-nu-asnets/numeric-asnets/problems/numeric/counters/vanilla/fz_instance_40.pddl,C:\Users\roeeh\Desktop\School\Meitar\Thesis\Code\numeric-asnets\problems\numeric\counters\vanilla\fz_instance_40.pddl,64c8723100ea3f71e0ab3d4af7e77b7ac48c1be91c347b5f6a712718ec5c7a51,40,heavily numeric; simple,81^40,76.33940075514599,exact reachable counter-value states,finite,Each integer counter independently spans0..max_int; reversible +/-1.
instance_41,82,0,44,82,0.0026276111602783203,counters,40,/home/hersco/bershco-nu-asnets/numeric-asnets/problems/numeric/counters/domain.pddl,/home/hersco/bershco-nu-asnets/numeric-asnets/problems/numeric/counters/vanilla/fz_instance_41.pddl,C:\Users\roeeh\Desktop\School\Meitar\Thesis\Code\numeric-asnets\problems\numeric\counters\vanilla\fz_instance_41.pddl,477884845b5f6ff509b15bbd62cce24d473453bf8809edaf1d414d0e23e08b9f,41,heavily numeric; simple,83^41,78.68220178741903,exact reachable counter-value states,finite,Each integer counter independently spans0..max_int; reversible +/-1.
instance_42,84,0,45,84,0.0027816295623779297,counters,41,/home/hersco/bershco-nu-asnets/numeric-asnets/problems/numeric/counters/domain.pddl,/home/hersco/bershco-nu-asnets/numeric-asnets/problems/numeric/counters/vanilla/fz_instance_42.pddl,C:\Users\roeeh\Desktop\School\Meitar\Thesis\Code\numeric-asnets\problems\numeric\counters\vanilla\fz_instance_42.pddl,47d48fd73beef18579de46bb7e5eb9cc17b23e5e56a9367a1880c94bba42cf7e,42,heavily numeric; simple,85^42,81.03559488000029,exact reachable counter-value states,finite,Each integer counter independently spans0..max_int; reversible +/-1.
instance_43,86,0,46,86,0.0026950836181640625,counters,42,/home/hersco/bershco-nu-asnets/numeric-asnets/problems/numeric/counters/domain.pddl,/home/hersco/bershco-nu-asnets/numeric-asnets/problems/numeric/counters/vanilla/fz_instance_43.pddl,C:\Users\roeeh\Desktop\School\Meitar\Thesis\Code\numeric-asnets\problems\numeric\counters\vanilla\fz_instance_43.pddl,568a4fb12542606d8e08d5c40f5bf922344d1960f1ff2ba766d15fc273aec9e0,43,heavily numeric; simple,87^43,83.3993278626006,exact reachable counter-value states,finite,Each integer counter independently spans0..max_int; reversible +/-1.
instance_44,88,0,47,88,0.002736806869506836,counters,43,/home/hersco/bershco-nu-asnets/numeric-asnets/problems/numeric/counters/domain.pddl,/home/hersco/bershco-nu-asnets/numeric-asnets/problems/numeric/counters/vanilla/fz_instance_44.pddl,C:\Users\roeeh\Desktop\School\Meitar\Thesis\Code\numeric-asnets\problems\numeric\counters\vanilla\fz_instance_44.pddl,de6a43fb8733b482bffd8dc4e378f22c04f614918ceb8373e9f11b97298a0875,44,heavily numeric; simple,89^44,85.77316029237616,exact reachable counter-value states,finite,Each integer counter independently spans0..max_int; reversible +/-1.
instance_45,90,0,48,90,0.0028760433197021484,counters,44,/home/hersco/bershco-nu-asnets/numeric-asnets/problems/numeric/counters/domain.pddl,/home/hersco/bershco-nu-asnets/numeric-asnets/problems/numeric/counters/vanilla/fz_instance_45.pddl,C:\Users\roeeh\Desktop\School\Meitar\Thesis\Code\numeric-asnets\problems\numeric\counters\vanilla\fz_instance_45.pddl,9cb9cae10cd83a827d3b1bceab039ca75fd3cb68584c3e419ca0cf7e41b1d84d,45,heavily numeric; simple,91^45,88.15686265444921,exact reachable counter-value states,finite,Each integer counter independently spans0..max_int; reversible +/-1.
instance_46,92,0,49,92,0.002854585647583008,counters,45,/home/hersco/bershco-nu-asnets/numeric-asnets/problems/numeric/counters/domain.pddl,/home/hersco/bershco-nu-asnets/numeric-asnets/problems/numeric/counters/vanilla/fz_instance_46.pddl,C:\Users\roeeh\Desktop\School\Meitar\Thesis\Code\numeric-asnets\problems\numeric\counters\vanilla\fz_instance_46.pddl,9e8577f22c69436e271d9489624321073424ade3aed437c0b637c0fb6ff22a2c,46,heavily numeric; simple,93^46,90.55021563348102,exact reachable counter-value states,finite,Each integer counter independently spans0..max_int; reversible +/-1.
instance_47,94,0,50,94,0.0028238296508789062,counters,46,/home/hersco/bershco-nu-asnets/numeric-asnets/problems/numeric/counters/domain.pddl,/home/hersco/bershco-nu-asnets/numeric-asnets/problems/numeric/counters/vanilla/fz_instance_47.pddl,C:\Users\roeeh\Desktop\School\Meitar\Thesis\Code\numeric-asnets\problems\numeric\counters\vanilla\fz_instance_47.pddl,1c47ae76fe5789a1a486a7eb62dc53bbbc3534ed8351af8393324ff549ebfa03,47,heavily numeric; simple,95^47,92.95300944857584,exact reachable counter-value states,finite,Each integer counter independently spans0..max_int; reversible +/-1.
instance_48,96,0,51,96,0.00286865234375,counters,47,/home/hersco/bershco-nu-asnets/numeric-asnets/problems/numeric/counters/domain.pddl,/home/hersco/bershco-nu-asnets/numeric-asnets/problems/numeric/counters/vanilla/fz_instance_48.pddl,C:\Users\roeeh\Desktop\School\Meitar\Thesis\Code\numeric-asnets\problems\numeric\counters\vanilla\fz_instance_48.pddl,3e5c4061d24b08d2e3b60e95e607994e44742e50f8e6b08e58528dad8142cb3d,48,heavily numeric; simple,97^48,95.36504324477974,exact reachable counter-value states,finite,Each integer counter independently spans0..max_int; reversible +/-1.
instance_49,98,0,52,98,0.0042035579681396484,counters,48,/home/hersco/bershco-nu-asnets/numeric-asnets/problems/numeric/counters/domain.pddl,/home/hersco/bershco-nu-asnets/numeric-asnets/problems/numeric/counters/vanilla/fz_instance_49.pddl,C:\Users\roeeh\Desktop\School\Meitar\Thesis\Code\numeric-asnets\problems\numeric\counters\vanilla\fz_instance_49.pddl,17b14c3635b3cafd9905e39b74d0ed958f84beba1c9b13a2d5f142b4d16f428d,49,heavily numeric; simple,99^49,97.78612453527994,exact reachable counter-value states,finite,Each integer counter independently spans0..max_int; reversible +/-1.
instance_50,100,0,53,100,0.003118276596069336,counters,49,/home/hersco/bershco-nu-asnets/numeric-asnets/problems/numeric/counters/domain.pddl,/home/hersco/bershco-nu-asnets/numeric-asnets/problems/numeric/counters/vanilla/fz_instance_50.pddl,C:\Users\roeeh\Desktop\School\Meitar\Thesis\Code\numeric-asnets\problems\numeric\counters\vanilla\fz_instance_50.pddl,b6dec6249586c2da7a7ef9d6ba7375cd370d9d44a4edd819d3628cfb5bacf9ba,50,heavily numeric; simple,101^50,100.21606868913213,exact reachable counter-value states,finite,Each integer counter independently spans0..max_int; reversible +/-1.
instance_51,102,0,54,102,0.0036673545837402344,counters,50,/home/hersco/bershco-nu-asnets/numeric-asnets/problems/numeric/counters/domain.pddl,/home/hersco/bershco-nu-asnets/numeric-asnets/problems/numeric/counters/vanilla/fz_instance_51.pddl,C:\Users\roeeh\Desktop\School\Meitar\Thesis\Code\numeric-asnets\problems\numeric\counters\vanilla\fz_instance_51.pddl,e2c103214f756e75cdeed3656e43f8f2e28323dbe997554304413abbdbe4f8fc,51,heavily numeric; simple,103^51,102.65469845996377,exact reachable counter-value states,finite,Each integer counter independently spans0..max_int; reversible +/-1.
instance_52,104,0,55,104,0.0036554336547851562,counters,51,/home/hersco/bershco-nu-asnets/numeric-asnets/problems/numeric/counters/domain.pddl,/home/hersco/bershco-nu-asnets/numeric-asnets/problems/numeric/counters/vanilla/fz_instance_52.pddl,C:\Users\roeeh\Desktop\School\Meitar\Thesis\Code\numeric-asnets\problems\numeric\counters\vanilla\fz_instance_52.pddl,b626d568689d547cc758d7283c278cdcce568a1109652eba5c5e2693da74406d,52,heavily numeric; simple,105^52,105.10184355163679,exact reachable counter-value states,finite,Each integer counter independently spans0..max_int; reversible +/-1.
instance_53,106,0,56,106,0.003331899642944336,counters,52,/home/hersco/bershco-nu-asnets/numeric-asnets/problems/numeric/counters/domain.pddl,/home/hersco/bershco-nu-asnets/numeric-asnets/problems/numeric/counters/vanilla/fz_instance_53.pddl,C:\Users\roeeh\Desktop\School\Meitar\Thesis\Code\numeric-asnets\problems\numeric\counters\vanilla\fz_instance_53.pddl,99b63ccb7951c5a812050927e58264edfcd7cdd47e3cf6f7675cc9d8fcaaf365,53,heavily numeric; simple,107^53,107.55734021731611,exact reachable counter-value states,finite,Each integer counter independently spans0..max_int; reversible +/-1.
instance_54,108,0,57,108,0.004087686538696289,counters,53,/home/hersco/bershco-nu-asnets/numeric-asnets/problems/numeric/counters/domain.pddl,/home/hersco/bershco-nu-asnets/numeric-asnets/problems/numeric/counters/vanilla/fz_instance_54.pddl,C:\Users\roeeh\Desktop\School\Meitar\Thesis\Code\numeric-asnets\problems\numeric\counters\vanilla\fz_instance_54.pddl,d99c32826178834e354759c84cf91df0997a372fba199962a4f841865f5b4f28,54,heavily numeric; simple,109^54,110.02103088879369,exact reachable counter-value states,finite,Each integer counter independently spans0..max_int; reversible +/-1.
instance_55,110,0,58,110,0.004270076751708984,counters,54,/home/hersco/bershco-nu-asnets/numeric-asnets/problems/numeric/counters/domain.pddl,/home/hersco/bershco-nu-asnets/numeric-asnets/problems/numeric/counters/vanilla/fz_instance_55.pddl,C:\Users\roeeh\Desktop\School\Meitar\Thesis\Code\numeric-asnets\problems\numeric\counters\vanilla\fz_instance_55.pddl,62af8a8adf1afad2a584582036d8f7ae1484e184b6a032d36be85c20eb510269,55,heavily numeric; simple,111^55,112.49276383326617,exact reachable counter-value states,finite,Each integer counter independently spans0..max_int; reversible +/-1.
instance_56,112,0,59,112,0.003297567367553711,counters,55,/home/hersco/bershco-nu-asnets/numeric-asnets/problems/numeric/counters/domain.pddl,/home/hersco/bershco-nu-asnets/numeric-asnets/problems/numeric/counters/vanilla/fz_instance_56.pddl,C:\Users\roeeh\Desktop\School\Meitar\Thesis\Code\numeric-asnets\problems\numeric\counters\vanilla\fz_instance_56.pddl,0cacf2706d71334f44269cfad1cc3e2299292c354b6a19f1dcc8e8c01b7ff619,56,heavily numeric; simple,113^56,114.97239283507149,exact reachable counter-value states,finite,Each integer counter independently spans0..max_int; reversible +/-1.
instance_57,114,0,60,114,0.0050241947174072266,counters,56,/home/hersco/bershco-nu-asnets/numeric-asnets/problems/numeric/counters/domain.pddl,/home/hersco/bershco-nu-asnets/numeric-asnets/problems/numeric/counters/vanilla/fz_instance_57.pddl,C:\Users\roeeh\Desktop\School\Meitar\Thesis\Code\numeric-asnets\problems\numeric\counters\vanilla\fz_instance_57.pddl,9b8bdfbaf088ba4f029293c676dc443ec187ac3b8ae41de295184cc65e7a84c5,57,heavily numeric; simple,115^57,117.45977690015587,exact reachable counter-value states,finite,Each integer counter independently spans0..max_int; reversible +/-1.
instance_58,116,0,61,116,0.0033299922943115234,counters,57,/home/hersco/bershco-nu-asnets/numeric-asnets/problems/numeric/counters/domain.pddl,/home/hersco/bershco-nu-asnets/numeric-asnets/problems/numeric/counters/vanilla/fz_instance_58.pddl,C:\Users\roeeh\Desktop\School\Meitar\Thesis\Code\numeric-asnets\problems\numeric\counters\vanilla\fz_instance_58.pddl,c861e62a7665cdf7040091bc11ce8fdf073c2836e20238177350753716531519,58,heavily numeric; simple,117^58,119.95477998127738,exact reachable counter-value states,finite,Each integer counter independently spans0..max_int; reversible +/-1.
instance_59,118,0,62,118,0.003103494644165039,counters,58,/home/hersco/bershco-nu-asnets/numeric-asnets/problems/numeric/counters/domain.pddl,/home/hersco/bershco-nu-asnets/numeric-asnets/problems/numeric/counters/vanilla/fz_instance_59.pddl,C:\Users\roeeh\Desktop\School\Meitar\Thesis\Code\numeric-asnets\problems\numeric\counters\vanilla\fz_instance_59.pddl,ed08f5ac976adc69bc482e34131461416c8e5cba9d50ff68de2267ed0920b5ab,59,heavily numeric; simple,119^59,122.45727072215931,exact reachable counter-value states,finite,Each integer counter independently spans0..max_int; reversible +/-1.
instance_60,120,0,63,120,0.0032362937927246094,counters,59,/home/hersco/bershco-nu-asnets/numeric-asnets/problems/numeric/counters/domain.pddl,/home/hersco/bershco-nu-asnets/numeric-asnets/problems/numeric/counters/vanilla/fz_instance_60.pddl,C:\Users\roeeh\Desktop\School\Meitar\Thesis\Code\numeric-asnets\problems\numeric\counters\vanilla\fz_instance_60.pddl,cb7a227dba1f159dbf1d737ef7194dec333fd1bfd490c28615ac3387de106f1f,60,heavily numeric; simple,121^60,124.96712221898702,exact reachable counter-value states,finite,Each integer counter independently spans0..max_int; reversible +/-1.
droneprob_1_1_2,9,2,19,23,0.004029512405395508,drone,1,/home/hersco/bershco-nu-asnets/numeric-asnets/problems/numeric/drone/domain.pddl,/home/hersco/bershco-nu-asnets/numeric-asnets/problems/numeric/drone/instances/problem_1_1_2.pddl,C:\Users\roeeh\Desktop\School\Meitar\Thesis\Code\numeric-asnets\problems\numeric\drone\instances\problem_1_1_2.pddl,bbdf59ce8298f67440062f61d89902b780af57b53d0ab65e9279621eb2164a48,2,heavily numeric; linear,120 * 2^2,2.681241237375587,upper bound,finite,"Grid/battery/visited valuation bound, not all valuations reachable."
droneprob_1_1_4,11,4,25,31,0.0031752586364746094,drone,2,/home/hersco/bershco-nu-asnets/numeric-asnets/problems/numeric/drone/domain.pddl,/home/hersco/bershco-nu-asnets/numeric-asnets/problems/numeric/drone/instances/problem_1_1_4.pddl,C:\Users\roeeh\Desktop\School\Meitar\Thesis\Code\numeric-asnets\problems\numeric\drone\instances\problem_1_1_4.pddl,a413848e083f938252541eef677e6646e8741372b07ff457a850a31344c3b13b,4,heavily numeric; linear,280 * 2^4,3.6512780139981444,upper bound,finite,"Grid/battery/visited valuation bound, not all valuations reachable."
droneprob_1_8_1,15,8,37,47,0.0025634765625,drone,3,/home/hersco/bershco-nu-asnets/numeric-asnets/problems/numeric/drone/domain.pddl,/home/hersco/bershco-nu-asnets/numeric-asnets/problems/numeric/drone/instances/problem_1_8_1.pddl,C:\Users\roeeh\Desktop\School\Meitar\Thesis\Code\numeric-asnets\problems\numeric\drone\instances\problem_1_8_1.pddl,dcfce66cda3e06a433a9d2571ce095138df674c5cdff9e3cc3c8aeef2ce12e47,8,heavily numeric; linear,792 * 2^8,5.306965146901343,upper bound,finite,"Grid/battery/visited valuation bound, not all valuations reachable."
droneprob_1_9_3,34,27,94,123,0.0030350685119628906,drone,4,/home/hersco/bershco-nu-asnets/numeric-asnets/problems/numeric/drone/domain.pddl,/home/hersco/bershco-nu-asnets/numeric-asnets/problems/numeric/drone/instances/problem_1_9_3.pddl,C:\Users\roeeh\Desktop\School\Meitar\Thesis\Code\numeric-asnets\problems\numeric\drone\instances\problem_1_9_3.pddl,5264991c948d0c3d1feaa3d0f8100e55db16490164718cf6759d5b5b260a2765,27,heavily numeric; linear,2240 * 2^27,11.478057901261655,upper bound,finite,"Grid/battery/visited valuation bound, not all valuations reachable."
droneprob_2_5_4,47,40,133,175,0.003196239471435547,drone,5,/home/hersco/bershco-nu-asnets/numeric-asnets/problems/numeric/drone/domain.pddl,/home/hersco/bershco-nu-asnets/numeric-asnets/problems/numeric/drone/instances/problem_2_5_4.pddl,C:\Users\roeeh\Desktop\School\Meitar\Thesis\Code\numeric-asnets\problems\numeric\drone\instances\problem_2_5_4.pddl,bda95c468e30d06f6c1de957632ac749d585d1d7f10ff2ff0175def6eb6fc19f,40,heavily numeric; linear,2160 * 2^40,15.375653577710178,upper bound,finite,"Grid/battery/visited valuation bound, not all valuations reachable."
droneprob_2_8_3,55,48,157,207,0.003302335739135742,drone,6,/home/hersco/bershco-nu-asnets/numeric-asnets/problems/numeric/drone/domain.pddl,/home/hersco/bershco-nu-asnets/numeric-asnets/problems/numeric/drone/instances/problem_2_8_3.pddl,C:\Users\roeeh\Desktop\School\Meitar\Thesis\Code\numeric-asnets\problems\numeric\drone\instances\problem_2_8_3.pddl,6ba34d2baaf9ccb706595b3b3ed820665cb5868b32395403487ae18228c41673,48,heavily numeric; linear,3024 * 2^48,17.930021578700266,upper bound,finite,"Grid/battery/visited valuation bound, not all valuations reachable."
droneprob_2_9_1,25,18,67,87,0.002765655517578125,drone,7,/home/hersco/bershco-nu-asnets/numeric-asnets/problems/numeric/drone/domain.pddl,/home/hersco/bershco-nu-asnets/numeric-asnets/problems/numeric/drone/instances/problem_2_9_1.pddl,C:\Users\roeeh\Desktop\School\Meitar\Thesis\Code\numeric-asnets\problems\numeric\drone\instances\problem_2_9_1.pddl,9b51f6fe57a3352d4e652c38f85acfd1c48b0cc1c6e0c82134f779ad24dc4968,18,heavily numeric; linear,1560 * 2^18,8.611664520306123,upper bound,finite,"Grid/battery/visited valuation bound, not all valuations reachable."
droneprob_3_3_4,43,36,121,159,0.0032100677490234375,drone,8,/home/hersco/bershco-nu-asnets/numeric-asnets/problems/numeric/drone/domain.pddl,/home/hersco/bershco-nu-asnets/numeric-asnets/problems/numeric/drone/instances/problem_3_3_4.pddl,C:\Users\roeeh\Desktop\School\Meitar\Thesis\Code\numeric-asnets\problems\numeric\drone\instances\problem_3_3_4.pddl,a412d7996073328dbc05ac283b8fb00e668706b28537a7faa3cdf3d545f9db33,36,heavily numeric; linear,1760 * 2^36,14.082592511717474,upper bound,finite,"Grid/battery/visited valuation bound, not all valuations reachable."
droneprob_4_2_5,47,40,133,175,0.003148317337036133,drone,9,/home/hersco/bershco-nu-asnets/numeric-asnets/problems/numeric/drone/domain.pddl,/home/hersco/bershco-nu-asnets/numeric-asnets/problems/numeric/drone/instances/problem_4_2_5.pddl,C:\Users\roeeh\Desktop\School\Meitar\Thesis\Code\numeric-asnets\problems\numeric\drone\instances\problem_4_2_5.pddl,4b075e20c056db084bdd87d595b820fc51e1522bb9732eb4fb72c636e40c9dcc,40,heavily numeric; linear,2160 * 2^40,15.375653577710178,upper bound,finite,"Grid/battery/visited valuation bound, not all valuations reachable."
droneprob_4_9_5,187,180,553,735,0.006411075592041016,drone,10,/home/hersco/bershco-nu-asnets/numeric-asnets/problems/numeric/drone/domain.pddl,/home/hersco/bershco-nu-asnets/numeric-asnets/problems/numeric/drone/instances/problem_4_9_5.pddl,C:\Users\roeeh\Desktop\School\Meitar\Thesis\Code\numeric-asnets\problems\numeric\drone\instances\problem_4_9_5.pddl,5620fc328d04634eff84d4ed2c813f3ffb53fad570ecd8dbef00d470df52220e,180,heavily numeric; linear,11400 * 2^180,58.242304070853095,upper bound,finite,"Grid/battery/visited valuation bound, not all valuations reachable."
droneprob_5_2_2,27,20,73,95,0.002886056900024414,drone,11,/home/hersco/bershco-nu-asnets/numeric-asnets/problems/numeric/drone/domain.pddl,/home/hersco/bershco-nu-asnets/numeric-asnets/problems/numeric/drone/instances/problem_5_2_2.pddl,C:\Users\roeeh\Desktop\School\Meitar\Thesis\Code\numeric-asnets\problems\numeric\drone\instances\problem_5_2_2.pddl,728aec6fb797f859e2032a0becc18b1959bd64dfe1dc1b180718d7346bf10b01,20,heavily numeric; linear,1080 * 2^20,9.054023668766574,upper bound,finite,"Grid/battery/visited valuation bound, not all valuations reachable."
droneprob_5_10_1,57,50,163,215,0.004355907440185547,drone,12,/home/hersco/bershco-nu-asnets/numeric-asnets/problems/numeric/drone/domain.pddl,/home/hersco/bershco-nu-asnets/numeric-asnets/problems/numeric/drone/instances/problem_5_10_1.pddl,C:\Users\roeeh\Desktop\School\Meitar\Thesis\Code\numeric-asnets\problems\numeric\drone\instances\problem_5_10_1.pddl,bb6f85b989a1b94445c894cb35fe14172e0247f042cd167c78df1c45762dbafc,50,heavily numeric; linear,4488 * 2^50,18.703552631447163,upper bound,finite,"Grid/battery/visited valuation bound, not all valuations reachable."
droneprob_6_8_1,55,48,157,207,0.0046999454498291016,drone,13,/home/hersco/bershco-nu-asnets/numeric-asnets/problems/numeric/drone/domain.pddl,/home/hersco/bershco-nu-asnets/numeric-asnets/problems/numeric/drone/instances/problem_6_8_1.pddl,C:\Users\roeeh\Desktop\School\Meitar\Thesis\Code\numeric-asnets\problems\numeric\drone\instances\problem_6_8_1.pddl,b7191c590c38879ef8d07eea94dce40cfdeb62b44675a62bd98c6851a907c373,48,heavily numeric; linear,4032 * 2^48,18.054960315308566,upper bound,finite,"Grid/battery/visited valuation bound, not all valuations reachable."
droneprob_7_6_4,175,168,517,687,0.006208896636962891,drone,14,/home/hersco/bershco-nu-asnets/numeric-asnets/problems/numeric/drone/domain.pddl,/home/hersco/bershco-nu-asnets/numeric-asnets/problems/numeric/drone/instances/problem_7_6_4.pddl,C:\Users\roeeh\Desktop\School\Meitar\Thesis\Code\numeric-asnets\problems\numeric\drone\instances\problem_7_6_4.pddl,2dc80292ced8cc0ff784c035e0d98f3dc90c5592874df34bf579108777610fe5,168,heavily numeric; linear,10080 * 2^168,54.57649980365835,upper bound,finite,"Grid/battery/visited valuation bound, not all valuations reachable."
droneprob_8_1_2,23,16,61,79,0.0037696361541748047,drone,15,/home/hersco/bershco-nu-asnets/numeric-asnets/problems/numeric/drone/domain.pddl,/home/hersco/bershco-nu-asnets/numeric-asnets/problems/numeric/drone/instances/problem_8_1_2.pddl,C:\Users\roeeh\Desktop\School\Meitar\Thesis\Code\numeric-asnets\problems\numeric\drone\instances\problem_8_1_2.pddl,d2190f753c460602b9fef2d905140f752d8869a74077eb4de229ecfc79acf9a1,16,heavily numeric; linear,1296 * 2^16,7.929084932158274,upper bound,finite,"Grid/battery/visited valuation bound, not all valuations reachable."
droneprob_8_1_4,39,32,109,143,0.003567218780517578,drone,16,/home/hersco/bershco-nu-asnets/numeric-asnets/problems/numeric/drone/domain.pddl,/home/hersco/bershco-nu-asnets/numeric-asnets/problems/numeric/drone/instances/problem_8_1_4.pddl,C:\Users\roeeh\Desktop\School\Meitar\Thesis\Code\numeric-asnets\problems\numeric\drone\instances\problem_8_1_4.pddl,842541b4f39521d354fc2ae110482c4f61d5fcd79808521f99a73773df08512a,32,heavily numeric; linear,2520 * 2^32,13.034360402028943,upper bound,finite,"Grid/battery/visited valuation bound, not all valuations reachable."
droneprob_8_1_5,47,40,133,175,0.005052804946899414,drone,17,/home/hersco/bershco-nu-asnets/numeric-asnets/problems/numeric/drone/domain.pddl,/home/hersco/bershco-nu-asnets/numeric-asnets/problems/numeric/drone/instances/problem_8_1_5.pddl,C:\Users\roeeh\Desktop\School\Meitar\Thesis\Code\numeric-asnets\problems\numeric\drone\instances\problem_8_1_5.pddl,9fca334b24792524a63f6a3dda471b73c3375670370f20437fe3e26113fb0e22,40,heavily numeric; linear,3240 * 2^40,15.55174483676586,upper bound,finite,"Grid/battery/visited valuation bound, not all valuations reachable."
droneprob_8_7_1,63,56,181,239,0.0037424564361572266,drone,18,/home/hersco/bershco-nu-asnets/numeric-asnets/problems/numeric/drone/domain.pddl,/home/hersco/bershco-nu-asnets/numeric-asnets/problems/numeric/drone/instances/problem_8_7_1.pddl,C:\Users\roeeh\Desktop\School\Meitar\Thesis\Code\numeric-asnets\problems\numeric\drone\instances\problem_8_7_1.pddl,e582578b98373d0e6001c6c26cfdbf0b1c4ef8ee231648f452bf208141fac58f,56,heavily numeric; linear,4896 * 2^56,20.54752116632045,upper bound,finite,"Grid/battery/visited valuation bound, not all valuations reachable."
droneprob_9_7_3,196,189,580,771,0.007315158843994141,drone,19,/home/hersco/bershco-nu-asnets/numeric-asnets/problems/numeric/drone/domain.pddl,/home/hersco/bershco-nu-asnets/numeric-asnets/problems/numeric/drone/instances/problem_9_7_3.pddl,C:\Users\roeeh\Desktop\School\Meitar\Thesis\Code\numeric-asnets\problems\numeric\drone\instances\problem_9_7_3.pddl,d73c19e87319f39f46a97b3b36da169b3c4f200dda356ecd5feb5f77a7afd57e,189,heavily numeric; linear,12800 * 2^189,61.00187915014032,upper bound,finite,"Grid/battery/visited valuation bound, not all valuations reachable."
droneprob_10_10_3,307,300,913,1215,0.009839296340942383,drone,20,/home/hersco/bershco-nu-asnets/numeric-asnets/problems/numeric/drone/domain.pddl,/home/hersco/bershco-nu-asnets/numeric-asnets/problems/numeric/drone/instances/problem_10_10_3.pddl,C:\Users\roeeh\Desktop\School\Meitar\Thesis\Code\numeric-asnets\problems\numeric\drone\instances\problem_10_10_3.pddl,f8f0b48404dfb186678a6558df7af665da983e7314433cba6a4cdd14b62e1b29,300,heavily numeric; linear,23232 * 2^300,94.67508529821436,upper bound,finite,"Grid/battery/visited valuation bound, not all valuations reachable."
instance_2,8,0,8,8,0.005491971969604492,fo_counters,1,/home/hersco/bershco-nu-asnets/numeric-asnets/problems/numeric/fo-counters/domain.pddl,/home/hersco/bershco-nu-asnets/numeric-asnets/problems/numeric/fo-counters/instances/instance_2.pddl,C:\Users\roeeh\Desktop\School\Meitar\Thesis\Code\numeric-asnets\problems\numeric\fo-counters\instances\instance_2.pddl,2f81fe61c91ef485c1529aa9ed81e8180d65dd34a1b6647cbd02eb22bede5024,2,heavily numeric; linear,55^2,3.4807253789884878,upper bound,infinite when accumulated total-cost retained,Projected bounded value/rate states; rates0..10. Repeatable rate cycles increase total-cost without bound.
instance_3,12,0,10,12,0.0021224021911621094,fo_counters,2,/home/hersco/bershco-nu-asnets/numeric-asnets/problems/numeric/fo-counters/domain.pddl,/home/hersco/bershco-nu-asnets/numeric-asnets/problems/numeric/fo-counters/instances/instance_3.pddl,C:\Users\roeeh\Desktop\School\Meitar\Thesis\Code\numeric-asnets\problems\numeric\fo-counters\instances\instance_3.pddl,acaa9c37b5152e3b7aa044c64d6fd399f9ec9006de9979e5ba7169855b411549,3,heavily numeric; linear,77^3,5.659472175517445,upper bound,infinite when accumulated total-cost retained,Projected bounded value/rate states; rates0..10. Repeatable rate cycles increase total-cost without bound.
instance_4,16,0,12,16,0.002373933792114258,fo_counters,3,/home/hersco/bershco-nu-asnets/numeric-asnets/problems/numeric/fo-counters/domain.pddl,/home/hersco/bershco-nu-asnets/numeric-asnets/problems/numeric/fo-counters/instances/instance_4.pddl,C:\Users\roeeh\Desktop\School\Meitar\Thesis\Code\numeric-asnets\problems\numeric\fo-counters\instances\instance_4.pddl,6ad36f1a826abf3cfffb011c6da98082d62105b4b081d9f9a8ad79cb58e187bb,4,heavily numeric; linear,99^4,7.9825407783902,upper bound,infinite when accumulated total-cost retained,Projected bounded value/rate states; rates0..10. Repeatable rate cycles increase total-cost without bound.
instance_5,20,0,14,20,0.0022804737091064453,fo_counters,4,/home/hersco/bershco-nu-asnets/numeric-asnets/problems/numeric/fo-counters/domain.pddl,/home/hersco/bershco-nu-asnets/numeric-asnets/problems/numeric/fo-counters/instances/instance_5.pddl,C:\Users\roeeh\Desktop\School\Meitar\Thesis\Code\numeric-asnets\problems\numeric\fo-counters\instances\instance_5.pddl,fa85c5ffa6dfbaf0e312c6c753a38fad8d206c4f33b7d93a8c1a2ca20715025f,5,heavily numeric; linear,121^5,10.413926851582252,upper bound,infinite when accumulated total-cost retained,Projected bounded value/rate states; rates0..10. Repeatable rate cycles increase total-cost without bound.
instance_6,24,0,16,24,0.0023970603942871094,fo_counters,5,/home/hersco/bershco-nu-asnets/numeric-asnets/problems/numeric/fo-counters/domain.pddl,/home/hersco/bershco-nu-asnets/numeric-asnets/problems/numeric/fo-counters/instances/instance_6.pddl,C:\Users\roeeh\Desktop\School\Meitar\Thesis\Code\numeric-asnets\problems\numeric\fo-counters\instances\instance_6.pddl,bef7c1dd6acec5335bc190990777fd1f7eac1454adf2406e2d98499d9c5a0a4d,6,heavily numeric; linear,143^6,12.93201622479037,upper bound,infinite when accumulated total-cost retained,Projected bounded value/rate states; rates0..10. Repeatable rate cycles increase total-cost without bound.
instance_7,28,0,18,28,0.0023956298828125,fo_counters,6,/home/hersco/bershco-nu-asnets/numeric-asnets/problems/numeric/fo-counters/domain.pddl,/home/hersco/bershco-nu-asnets/numeric-asnets/problems/numeric/fo-counters/instances/instance_7.pddl,C:\Users\roeeh\Desktop\School\Meitar\Thesis\Code\numeric-asnets\problems\numeric\fo-counters\instances\instance_7.pddl,6a3f0fb7cd2a971a9be1b59a198d222efbbf63855aa6848250f599140fd13fe2,7,heavily numeric; linear,165^7,15.522387609497343,upper bound,infinite when accumulated total-cost retained,Projected bounded value/rate states; rates0..10. Repeatable rate cycles increase total-cost without bound.
instance_8,32,0,20,32,0.0026581287384033203,fo_counters,7,/home/hersco/bershco-nu-asnets/numeric-asnets/problems/numeric/fo-counters/domain.pddl,/home/hersco/bershco-nu-asnets/numeric-asnets/problems/numeric/fo-counters/instances/instance_8.pddl,C:\Users\roeeh\Desktop\School\Meitar\Thesis\Code\numeric-asnets\problems\numeric\fo-counters\instances\instance_8.pddl,9ad8a2cca94ddf7a3f2a472a726811fc177ea334cae83e2f2ddcc1444d8be0fb,8,heavily numeric; linear,187^8,18.174732852291992,upper bound,infinite when accumulated total-cost retained,Projected bounded value/rate states; rates0..10. Repeatable rate cycles increase total-cost without bound.
instance_9,36,0,22,36,0.0027294158935546875,fo_counters,8,/home/hersco/bershco-nu-asnets/numeric-asnets/problems/numeric/fo-counters/domain.pddl,/home/hersco/bershco-nu-asnets/numeric-asnets/problems/numeric/fo-counters/instances/instance_9.pddl,C:\Users\roeeh\Desktop\School\Meitar\Thesis\Code\numeric-asnets\problems\numeric\fo-counters\instances\instance_9.pddl,d655b75e480e8e5b87757e52deac47384cc71063883cff04ccf462fb39b10c20,9,heavily numeric; linear,209^9,20.881316574999488,upper bound,infinite when accumulated total-cost retained,Projected bounded value/rate states; rates0..10. Repeatable rate cycles increase total-cost without bound.
instance_10,40,0,24,40,0.004790306091308594,fo_counters,9,/home/hersco/bershco-nu-asnets/numeric-asnets/problems/numeric/fo-counters/domain.pddl,/home/hersco/bershco-nu-asnets/numeric-asnets/problems/numeric/fo-counters/instances/instance_10.pddl,C:\Users\roeeh\Desktop\School\Meitar\Thesis\Code\numeric-asnets\problems\numeric\fo-counters\instances\instance_10.pddl,f0150aa129a3deed012d2fed22dea2f40470498388d7e251f7295d345fd65b91,10,heavily numeric; linear,231^10,23.636119798921445,upper bound,infinite when accumulated total-cost retained,Projected bounded value/rate states; rates0..10. Repeatable rate cycles increase total-cost without bound.
instance_11,44,0,26,44,0.005155086517333984,fo_counters,10,/home/hersco/bershco-nu-asnets/numeric-asnets/problems/numeric/fo-counters/domain.pddl,/home/hersco/bershco-nu-asnets/numeric-asnets/problems/numeric/fo-counters/instances/instance_11.pddl,C:\Users\roeeh\Desktop\School\Meitar\Thesis\Code\numeric-asnets\problems\numeric\fo-counters\instances\instance_11.pddl,37e8524d5f2befc527bb6c8bcfe0d1badf7025b2815a4bb20b817569e28e6f0a,11,heavily numeric; linear,253^11,26.434325732934,upper bound,infinite when accumulated total-cost retained,Projected bounded value/rate states; rates0..10. Repeatable rate cycles increase total-cost without bound.
instance_12,48,0,28,48,0.004613399505615234,fo_counters,11,/home/hersco/bershco-nu-asnets/numeric-asnets/problems/numeric/fo-counters/domain.pddl,/home/hersco/bershco-nu-asnets/numeric-asnets/problems/numeric/fo-counters/instances/instance_12.pddl,C:\Users\roeeh\Desktop\School\Meitar\Thesis\Code\numeric-asnets\problems\numeric\fo-counters\instances\instance_12.pddl,d65062322b407a64045fc96eea7aae2820f27d29c1b94323e875480b51edd8a4,12,heavily numeric; linear,275^12,29.271992325963154,upper bound,infinite when accumulated total-cost retained,Projected bounded value/rate states; rates0..10. Repeatable rate cycles increase total-cost without bound.
instance_13,52,0,30,52,0.006322383880615234,fo_counters,12,/home/hersco/bershco-nu-asnets/numeric-asnets/problems/numeric/fo-counters/domain.pddl,/home/hersco/bershco-nu-asnets/numeric-asnets/problems/numeric/fo-counters/instances/instance_13.pddl,C:\Users\roeeh\Desktop\School\Meitar\Thesis\Code\numeric-asnets\problems\numeric\fo-counters\instances\instance_13.pddl,7f75801386148cbc9889474a7ab5f12fefc6ace9b8fef3d4036f85e77af6f94a,13,heavily numeric; linear,297^13,32.14583384112376,upper bound,infinite when accumulated total-cost retained,Projected bounded value/rate states; rates0..10. Repeatable rate cycles increase total-cost without bound.
instance_14,56,0,32,56,0.003251314163208008,fo_counters,13,/home/hersco/bershco-nu-asnets/numeric-asnets/problems/numeric/fo-counters/domain.pddl,/home/hersco/bershco-nu-asnets/numeric-asnets/problems/numeric/fo-counters/instances/instance_14.pddl,C:\Users\roeeh\Desktop\School\Meitar\Thesis\Code\numeric-asnets\problems\numeric\fo-counters\instances\instance_14.pddl,c8f562a9ee60b5e1519e3cdda646cad527af8e8e2e0cc3afec4118985c5fa652,14,heavily numeric; linear,319^14,35.05306956280053,upper bound,infinite when accumulated total-cost retained,Projected bounded value/rate states; rates0..10. Repeatable rate cycles increase total-cost without bound.
instance_15,60,0,34,60,0.003005504608154297,fo_counters,14,/home/hersco/bershco-nu-asnets/numeric-asnets/problems/numeric/fo-counters/domain.pddl,/home/hersco/bershco-nu-asnets/numeric-asnets/problems/numeric/fo-counters/instances/instance_15.pddl,C:\Users\roeeh\Desktop\School\Meitar\Thesis\Code\numeric-asnets\problems\numeric\fo-counters\instances\instance_15.pddl,4aac88595879d1b638903445d560f3407ed74bbc99a743eeb67d07cd483f7e18,15,heavily numeric; linear,341^15,37.99131568488746,upper bound,infinite when accumulated total-cost retained,Projected bounded value/rate states; rates0..10. Repeatable rate cycles increase total-cost without bound.
instance_16,64,0,36,64,0.0057446956634521484,fo_counters,15,/home/hersco/bershco-nu-asnets/numeric-asnets/problems/numeric/fo-counters/domain.pddl,/home/hersco/bershco-nu-asnets/numeric-asnets/problems/numeric/fo-counters/instances/instance_16.pddl,C:\Users\roeeh\Desktop\School\Meitar\Thesis\Code\numeric-asnets\problems\numeric\fo-counters\instances\instance_16.pddl,10926006f1078a546f50a40c21a21af3e17ef3069132bc0b25319577707ba2c8,16,heavily numeric; linear,363^16,40.9585060005778,upper bound,infinite when accumulated total-cost retained,Projected bounded value/rate states; rates0..10. Repeatable rate cycles increase total-cost without bound.
instance_17,68,0,38,68,0.00292205810546875,fo_counters,16,/home/hersco/bershco-nu-asnets/numeric-asnets/problems/numeric/fo-counters/domain.pddl,/home/hersco/bershco-nu-asnets/numeric-asnets/problems/numeric/fo-counters/instances/instance_17.pddl,C:\Users\roeeh\Desktop\School\Meitar\Thesis\Code\numeric-asnets\problems\numeric\fo-counters\instances\instance_17.pddl,d37b69ddc9c21c124f9aa895dec957a84f7bb74ea1d726cc64dadb2487600bb1,17,heavily numeric; linear,385^17,43.95283240164451,upper bound,infinite when accumulated total-cost retained,Projected bounded value/rate states; rates0..10. Repeatable rate cycles increase total-cost without bound.
instance_18,72,0,40,72,0.0031256675720214844,fo_counters,17,/home/hersco/bershco-nu-asnets/numeric-asnets/problems/numeric/fo-counters/domain.pddl,/home/hersco/bershco-nu-asnets/numeric-asnets/problems/numeric/fo-counters/instances/instance_18.pddl,C:\Users\roeeh\Desktop\School\Meitar\Thesis\Code\numeric-asnets\problems\numeric\fo-counters\instances\instance_18.pddl,014bd987746db1578b9b2dac3d4ebd8a086245969a8af18dfee33a79df853edd,18,heavily numeric; linear,407^18,46.97269936605396,upper bound,infinite when accumulated total-cost retained,Projected bounded value/rate states; rates0..10. Repeatable rate cycles increase total-cost without bound.
instance_19,76,0,42,76,0.004792690277099609,fo_counters,18,/home/hersco/bershco-nu-asnets/numeric-asnets/problems/numeric/fo-counters/domain.pddl,/home/hersco/bershco-nu-asnets/numeric-asnets/problems/numeric/fo-counters/instances/instance_19.pddl,C:\Users\roeeh\Desktop\School\Meitar\Thesis\Code\numeric-asnets\problems\numeric\fo-counters\instances\instance_19.pddl,640ed821da01ef669150facf6097405e4194f674b4ad7a7ca056053b5990f00a,19,heavily numeric; linear,429^19,50.016688551509766,upper bound,infinite when accumulated total-cost retained,Projected bounded value/rate states; rates0..10. Repeatable rate cycles increase total-cost without bound.
instance_20,80,0,44,80,0.004011392593383789,fo_counters,19,/home/hersco/bershco-nu-asnets/numeric-asnets/problems/numeric/fo-counters/domain.pddl,/home/hersco/bershco-nu-asnets/numeric-asnets/problems/numeric/fo-counters/instances/instance_20.pddl,C:\Users\roeeh\Desktop\School\Meitar\Thesis\Code\numeric-asnets\problems\numeric\fo-counters\instances\instance_20.pddl,539a56c2eba7aad2909add781741dbdfa3db2b3278152dba51b6cde0c1166c5c,20,heavily numeric; linear,451^20,53.08353083755921,upper bound,infinite when accumulated total-cost retained,Projected bounded value/rate states; rates0..10. Repeatable rate cycles increase total-cost without bound.
instance_21,84,0,46,84,0.003134012222290039,fo_counters,20,/home/hersco/bershco-nu-asnets/numeric-asnets/problems/numeric/fo-counters/domain.pddl,/home/hersco/bershco-nu-asnets/numeric-asnets/problems/numeric/fo-counters/instances/instance_21.pddl,C:\Users\roeeh\Desktop\School\Meitar\Thesis\Code\numeric-asnets\problems\numeric\fo-counters\instances\instance_21.pddl,1c92806cb03af76165675daaa51e771f3bfd3dedf9dbbb73cf8ed8bf5d1c3bc8,21,heavily numeric; linear,473^21,56.172083955494045,upper bound,infinite when accumulated total-cost retained,Projected bounded value/rate states; rates0..10. Repeatable rate cycles increase total-cost without bound.
mprime-x-1,85,40,9,67,0.0044896602630615234,mprime,1,/home/hersco/bershco-nu-asnets/numeric-asnets/problems/numeric/mprime/domain.pddl,/home/hersco/bershco-nu-asnets/numeric-asnets/problems/numeric/mprime/instances/pfile01.pddl,C:\Users\roeeh\Desktop\School\Meitar\Thesis\Code\numeric-asnets\problems\numeric\mprime\instances\pfile01.pddl,e4f33f6b3d47f7cf510836a2ce941999d8bf3979780d658bd3617a2a2b276cff,10,hybrid; simple,"2^40 * product(harmony_initial+3+1) * C(27,6)",18.357604249495484,upper bound,finite,Finite conservative boolean/resource bound. Locale total cannot increase; harmony plus associated fears cannot increase; static propositions included.
mprime-x-2,1249,268,13,689,0.012297868728637695,mprime,2,/home/hersco/bershco-nu-asnets/numeric-asnets/problems/numeric/mprime/domain.pddl,/home/hersco/bershco-nu-asnets/numeric-asnets/problems/numeric/mprime/instances/pfile02.pddl,C:\Users\roeeh\Desktop\School\Meitar\Thesis\Code\numeric-asnets\problems\numeric\mprime\instances\pfile02.pddl,430474e3428b3d3840e08264f5148593a0c15d6225db041a5df74f81f999a9a8,31,hybrid; simple,"2^268 * product(harmony_initial+20+1) * C(28,7)",92.19549480676591,upper bound,finite,Finite conservative boolean/resource bound. Locale total cannot increase; harmony plus associated fears cannot increase; static propositions included.
mprime-x-4,268,115,13,198,0.0054819583892822266,mprime,3,/home/hersco/bershco-nu-asnets/numeric-asnets/problems/numeric/mprime/domain.pddl,/home/hersco/bershco-nu-asnets/numeric-asnets/problems/numeric/mprime/instances/pfile04.pddl,C:\Users\roeeh\Desktop\School\Meitar\Thesis\Code\numeric-asnets\problems\numeric\mprime\instances\pfile04.pddl,ad72dc812a026ae5e4bf449676691817ef3fde2bb21478bc0c119551b28b2c82,18,hybrid; simple,"2^115 * product(harmony_initial+7+1) * C(31,10)",43.219606835068724,upper bound,finite,Finite conservative boolean/resource bound. Locale total cannot increase; harmony plus associated fears cannot increase; static propositions included.
mprime-x-5,1096,230,14,616,0.010492324829101562,mprime,4,/home/hersco/bershco-nu-asnets/numeric-asnets/problems/numeric/mprime/domain.pddl,/home/hersco/bershco-nu-asnets/numeric-asnets/problems/numeric/mprime/instances/pfile05.pddl,C:\Users\roeeh\Desktop\School\Meitar\Thesis\Code\numeric-asnets\problems\numeric\mprime\instances\pfile05.pddl,1535558adb508374d77e2ba9e89a02e184f8841e21e6e77fa4f0b8b64444f1fa,27,hybrid; simple,"2^230 * product(harmony_initial+15+1) * C(19,8)",79.15988849871967,upper bound,finite,Finite conservative boolean/resource bound. Locale total cannot increase; harmony plus associated fears cannot increase; static propositions included.
mprime-x-9,833,185,13,469,0.009464025497436523,mprime,5,/home/hersco/bershco-nu-asnets/numeric-asnets/problems/numeric/mprime/domain.pddl,/home/hersco/bershco-nu-asnets/numeric-asnets/problems/numeric/mprime/instances/pfile09.pddl,C:\Users\roeeh\Desktop\School\Meitar\Thesis\Code\numeric-asnets\problems\numeric\mprime\instances\pfile09.pddl,c429538d4be1ee08f7cdf3c9ba349c1e02835329e862ebd351ab7c6cef12d6fd,24,hybrid; simple,"2^185 * product(harmony_initial+13+1) * C(19,7)",65.15159901706741,upper bound,finite,Finite conservative boolean/resource bound. Locale total cannot increase; harmony plus associated fears cannot increase; static propositions included.
mprime-x-13,15002,1538,31,7918,0.5106172561645508,mprime,6,/home/hersco/bershco-nu-asnets/numeric-asnets/problems/numeric/mprime/domain.pddl,/home/hersco/bershco-nu-asnets/numeric-asnets/problems/numeric/mprime/instances/pfile13.pddl,C:\Users\roeeh\Desktop\School\Meitar\Thesis\Code\numeric-asnets\problems\numeric\mprime\instances\pfile13.pddl,31e8f59ccaae77c9d5581f7cedf39cd80cd2171fc14035373e32d126b792bc5c,75,hybrid; simple,"2^1538 * product(harmony_initial+46+1) * C(55,22)",489.93814641075045,upper bound,finite,Finite conservative boolean/resource bound. Locale total cannot increase; harmony plus associated fears cannot increase; static propositions included.
mprime-x-14,17595,1567,32,9279,0.5876624584197998,mprime,7,/home/hersco/bershco-nu-asnets/numeric-asnets/problems/numeric/mprime/domain.pddl,/home/hersco/bershco-nu-asnets/numeric-asnets/problems/numeric/mprime/instances/pfile14.pddl,C:\Users\roeeh\Desktop\School\Meitar\Thesis\Code\numeric-asnets\problems\numeric\mprime\instances\pfile14.pddl,f4273f5438902510ac40303f12a910248d03ddac9da455977151c5c86494e181,74,hybrid; simple,"2^1567 * product(harmony_initial+44+1) * C(78,21)",505.5280405571894,upper bound,finite,Finite conservative boolean/resource bound. Locale total cannot increase; harmony plus associated fears cannot increase; static propositions included.
mprime-x-15,5613,593,30,3182,0.08230066299438477,mprime,8,/home/hersco/bershco-nu-asnets/numeric-asnets/problems/numeric/mprime/domain.pddl,/home/hersco/bershco-nu-asnets/numeric-asnets/problems/numeric/mprime/instances/pfile15.pddl,C:\Users\roeeh\Desktop\School\Meitar\Thesis\Code\numeric-asnets\problems\numeric\mprime\instances\pfile15.pddl,0e08074047f5cf7459029ca0fdf18e87ed462e9a9fd71561e9e57a593deedd6b,41,hybrid; simple,"2^593 * product(harmony_initial+13+1) * C(86,17)",209.37556287550126,upper bound,finite,Finite conservative boolean/resource bound. Locale total cannot increase; harmony plus associated fears cannot increase; static propositions included.
mprime-x-16,1675,263,20,982,0.014844894409179688,mprime,9,/home/hersco/bershco-nu-asnets/numeric-asnets/problems/numeric/mprime/domain.pddl,/home/hersco/bershco-nu-asnets/numeric-asnets/problems/numeric/mprime/instances/pfile16.pddl,C:\Users\roeeh\Desktop\School\Meitar\Thesis\Code\numeric-asnets\problems\numeric\mprime\instances\pfile16.pddl,ce9acdfc9d550cebd4c1eff1217cf8e4b321f23550c5ba77f8552ec45e423221,27,hybrid; simple,"2^263 * product(harmony_initial+9+1) * C(34,11)",95.17561913021365,upper bound,finite,Finite conservative boolean/resource bound. Locale total cannot increase; harmony plus associated fears cannot increase; static propositions included.
mprime-x-18,3634,469,31,2248,0.04265785217285156,mprime,10,/home/hersco/bershco-nu-asnets/numeric-asnets/problems/numeric/mprime/domain.pddl,/home/hersco/bershco-nu-asnets/numeric-asnets/problems/numeric/mprime/instances/pfile18.pddl,C:\Users\roeeh\Desktop\School\Meitar\Thesis\Code\numeric-asnets\problems\numeric\mprime\instances\pfile18.pddl,2950dae4bf58200cc878d9935080a7099df83a82ccd7e4f8cc4fb977eadedce1,38,hybrid; simple,"2^469 * product(harmony_initial+9+1) * C(87,22)",169.084981080213,upper bound,finite,Finite conservative boolean/resource bound. Locale total cannot increase; harmony plus associated fears cannot increase; static propositions included.
mprime-x-19,3889,480,25,2209,0.041953325271606445,mprime,11,/home/hersco/bershco-nu-asnets/numeric-asnets/problems/numeric/mprime/domain.pddl,/home/hersco/bershco-nu-asnets/numeric-asnets/problems/numeric/mprime/instances/pfile19.pddl,C:\Users\roeeh\Desktop\School\Meitar\Thesis\Code\numeric-asnets\problems\numeric\mprime\instances\pfile19.pddl,705c07aca0413622d1058636588cec58e182804e90a2aa36a9d9b642362d0438,37,hybrid; simple,"2^480 * product(harmony_initial+14+1) * C(41,15)",165.1621124504139,upper bound,finite,Finite conservative boolean/resource bound. Locale total cannot increase; harmony plus associated fears cannot increase; static propositions included.
mprime-x-20,2436,362,31,1644,0.023792028427124023,mprime,12,/home/hersco/bershco-nu-asnets/numeric-asnets/problems/numeric/mprime/domain.pddl,/home/hersco/bershco-nu-asnets/numeric-asnets/problems/numeric/mprime/instances/pfile20.pddl,C:\Users\roeeh\Desktop\School\Meitar\Thesis\Code\numeric-asnets\problems\numeric\mprime\instances\pfile20.pddl,c15621747aaeb29e192f67975cbde0ca9264efcb8fc33647760e26dcbefc6517,33,hybrid; simple,"2^362 * product(harmony_initial+4+1) * C(123,18)",139.2363129453978,upper bound,finite,Finite conservative boolean/resource bound. Locale total cannot increase; harmony plus associated fears cannot increase; static propositions included.
mprime-x-21,5220,714,20,2772,0.06576728820800781,mprime,13,/home/hersco/bershco-nu-asnets/numeric-asnets/problems/numeric/mprime/domain.pddl,/home/hersco/bershco-nu-asnets/numeric-asnets/problems/numeric/mprime/instances/pfile21.pddl,C:\Users\roeeh\Desktop\School\Meitar\Thesis\Code\numeric-asnets\problems\numeric\mprime\instances\pfile21.pddl,340d06cc33ec9cacc42909ab831a525862438368f73d61a648cfe389e8898eab,52,hybrid; simple,"2^714 * product(harmony_initial+34+1) * C(23,12)",230.48689351661824,upper bound,finite,Finite conservative boolean/resource bound. Locale total cannot increase; harmony plus associated fears cannot increase; static propositions included.
mprime-x-22,13561,1066,39,7513,0.4790363311767578,mprime,14,/home/hersco/bershco-nu-asnets/numeric-asnets/problems/numeric/mprime/domain.pddl,/home/hersco/bershco-nu-asnets/numeric-asnets/problems/numeric/mprime/instances/pfile22.pddl,C:\Users\roeeh\Desktop\School\Meitar\Thesis\Code\numeric-asnets\problems\numeric\mprime\instances\pfile22.pddl,06e4ec6b5f2800d4ce8b7eef161f38a6850d9adbc3872593903ada24ac237365,55,hybrid; simple,"2^1066 * product(harmony_initial+18+1) * C(72,21)",359.83258677990074,upper bound,finite,Finite conservative boolean/resource bound. Locale total cannot increase; harmony plus associated fears cannot increase; static propositions included.
mprime-x-23,4953,597,28,2825,0.060355424880981445,mprime,15,/home/hersco/bershco-nu-asnets/numeric-asnets/problems/numeric/mprime/domain.pddl,/home/hersco/bershco-nu-asnets/numeric-asnets/problems/numeric/mprime/instances/pfile23.pddl,C:\Users\roeeh\Desktop\School\Meitar\Thesis\Code\numeric-asnets\problems\numeric\mprime\instances\pfile23.pddl,9f710aad27055a099be9411f5a356cd34672af35465319615510262bd5907d5c,42,hybrid; simple,"2^597 * product(harmony_initial+16+1) * C(70,19)",205.44416218697498,upper bound,finite,Finite conservative boolean/resource bound. Locale total cannot increase; harmony plus associated fears cannot increase; static propositions included.
mprime-x-24,3669,749,20,2004,0.04091286659240723,mprime,16,/home/hersco/bershco-nu-asnets/numeric-asnets/problems/numeric/mprime/domain.pddl,/home/hersco/bershco-nu-asnets/numeric-asnets/problems/numeric/mprime/instances/pfile24.pddl,C:\Users\roeeh\Desktop\School\Meitar\Thesis\Code\numeric-asnets\problems\numeric\mprime\instances\pfile24.pddl,3544a1c995775bf3d02be7e5548d7d63ff8abdce4b32f2f5a6e4cdd7a605139e,55,hybrid; simple,"2^749 * product(harmony_initial+37+1) * C(67,15)",244.82717158059165,upper bound,finite,Finite conservative boolean/resource bound. Locale total cannot increase; harmony plus associated fears cannot increase; static propositions included.
mprime-x-25,68,30,8,52,0.00274658203125,mprime,17,/home/hersco/bershco-nu-asnets/numeric-asnets/problems/numeric/mprime/domain.pddl,/home/hersco/bershco-nu-asnets/numeric-asnets/problems/numeric/mprime/instances/pfile25.pddl,C:\Users\roeeh\Desktop\School\Meitar\Thesis\Code\numeric-asnets\problems\numeric\mprime\instances\pfile25.pddl,3c96808326904b3300cc8f27402e3dfc895885fc5547b82168207aac5afa4872,8,hybrid; simple,"2^30 * product(harmony_initial+2+1) * C(15,4)",13.546243763007817,upper bound,finite,Finite conservative boolean/resource bound. Locale total cannot increase; harmony plus associated fears cannot increase; static propositions included.
mprime-x-26,794,162,19,554,0.00923013687133789,mprime,18,/home/hersco/bershco-nu-asnets/numeric-asnets/problems/numeric/mprime/domain.pddl,/home/hersco/bershco-nu-asnets/numeric-asnets/problems/numeric/mprime/instances/pfile26.pddl,C:\Users\roeeh\Desktop\School\Meitar\Thesis\Code\numeric-asnets\problems\numeric\mprime\instances\pfile26.pddl,46821c9d9c31fdd3109622683db954ae01aa3c8bb30f5a28f3dd263818920c48,21,hybrid; simple,"2^162 * product(harmony_initial+4+1) * C(40,12)",62.59666835748821,upper bound,finite,Finite conservative boolean/resource bound. Locale total cannot increase; harmony plus associated fears cannot increase; static propositions included.
mprime-x-27,355,99,12,229,0.004426479339599609,mprime,19,/home/hersco/bershco-nu-asnets/numeric-asnets/problems/numeric/mprime/domain.pddl,/home/hersco/bershco-nu-asnets/numeric-asnets/problems/numeric/mprime/instances/pfile27.pddl,C:\Users\roeeh\Desktop\School\Meitar\Thesis\Code\numeric-asnets\problems\numeric\mprime\instances\pfile27.pddl,7a9a2f1e6c533ddb83dc47387ea420b6a28aa43a152b1b74d082f5d76fcaee6b,16,hybrid; simple,"2^99 * product(harmony_initial+6+1) * C(59,7)",41.24339925996904,upper bound,finite,Finite conservative boolean/resource bound. Locale total cannot increase; harmony plus associated fears cannot increase; static propositions included.
mprime-x-28,107,59,8,72,0.003827810287475586,mprime,20,/home/hersco/bershco-nu-asnets/numeric-asnets/problems/numeric/mprime/domain.pddl,/home/hersco/bershco-nu-asnets/numeric-asnets/problems/numeric/mprime/instances/pfile28.pddl,C:\Users\roeeh\Desktop\School\Meitar\Thesis\Code\numeric-asnets\problems\numeric\mprime\instances\pfile28.pddl,0ed8486a7365d5a5147cb722bad8628fe383eb4760406a9aee066c84fd7e7498,13,hybrid; simple,"2^59 * product(harmony_initial+7+1) * C(28,5)",23.753234891982935,upper bound,finite,Finite conservative boolean/resource bound. Locale total cannot increase; harmony plus associated fears cannot increase; static propositions included.
roverprob1234,64,71,4,63,0.006765842437744141,rover,1,/home/hersco/bershco-nu-asnets/numeric-asnets/problems/numeric/rover/domain.pddl,/home/hersco/bershco-nu-asnets/numeric-asnets/problems/numeric/rover/problems/pfile1.pddl,C:\Users\roeeh\Desktop\School\Meitar\Thesis\Code\numeric-asnets\problems\numeric\rover\problems\pfile1.pddl,c3e806f112f3e19588b3418af143195927cdc0dcd77c1be3b99364bd57cfa891,13,hybrid; simple,2^71 * 101^1,23.377451065925307,upper bound,unbounded recharge metric on repeatable navigation/recharge cycles,"Projected boolean/energy bound, includes static propositions; recharge accumulation excluded. Not an enumerated reachable count."
roverprob4213,55,65,4,54,0.0037353038787841797,rover,2,/home/hersco/bershco-nu-asnets/numeric-asnets/problems/numeric/rover/domain.pddl,/home/hersco/bershco-nu-asnets/numeric-asnets/problems/numeric/rover/problems/pfile2.pddl,C:\Users\roeeh\Desktop\School\Meitar\Thesis\Code\numeric-asnets\problems\numeric\rover\problems\pfile2.pddl,de856d0469af32920a97425b2cddf97e871439004926d5e4ff021bcc93890362,14,hybrid; simple,2^65 * 101^1,21.57127109194142,upper bound,unbounded recharge metric on repeatable navigation/recharge cycles,"Projected boolean/energy bound, includes static propositions; recharge accumulation excluded. Not an enumerated reachable count."
roverprob3726,80,89,5,78,0.004814624786376953,rover,3,/home/hersco/bershco-nu-asnets/numeric-asnets/problems/numeric/rover/domain.pddl,/home/hersco/bershco-nu-asnets/numeric-asnets/problems/numeric/rover/problems/pfile3.pddl,C:\Users\roeeh\Desktop\School\Meitar\Thesis\Code\numeric-asnets\problems\numeric\rover\problems\pfile3.pddl,91c050819efbb36cc147aa6dd7cc87e1f438a1b44e6e028d5ed1edaa539a549a,16,hybrid; simple,2^89 * 101^2,30.800312361659614,upper bound,unbounded recharge metric on repeatable navigation/recharge cycles,"Projected boolean/energy bound, includes static propositions; recharge accumulation excluded. Not an enumerated reachable count."
roverprob6232,89,96,5,87,0.004895448684692383,rover,4,/home/hersco/bershco-nu-asnets/numeric-asnets/problems/numeric/rover/domain.pddl,/home/hersco/bershco-nu-asnets/numeric-asnets/problems/numeric/rover/problems/pfile4.pddl,C:\Users\roeeh\Desktop\School\Meitar\Thesis\Code\numeric-asnets\problems\numeric\rover\problems\pfile4.pddl,c22460b52d5380c87eb7217e4fc32456f270a1f344ccd163bada5c6885c4a86d,18,hybrid; simple,2^96 * 101^2,32.907522331307476,upper bound,unbounded recharge metric on repeatable navigation/recharge cycles,"Projected boolean/energy bound, includes static propositions; recharge accumulation excluded. Not an enumerated reachable count."
roverprob2435,146,112,5,144,0.006764411926269531,rover,5,/home/hersco/bershco-nu-asnets/numeric-asnets/problems/numeric/rover/domain.pddl,/home/hersco/bershco-nu-asnets/numeric-asnets/problems/numeric/rover/problems/pfile5.pddl,C:\Users\roeeh\Desktop\School\Meitar\Thesis\Code\numeric-asnets\problems\numeric\rover\problems\pfile5.pddl,82be06a8cac180c7f84b1bba18523b45737211e47408b725cb540f0af5341e76,18,hybrid; simple,2^112 * 101^2,37.724002261931176,upper bound,unbounded recharge metric on repeatable navigation/recharge cycles,"Projected boolean/energy bound, includes static propositions; recharge accumulation excluded. Not an enumerated reachable count."
roverprob2312,180,133,5,178,0.007810831069946289,rover,6,/home/hersco/bershco-nu-asnets/numeric-asnets/problems/numeric/rover/domain.pddl,/home/hersco/bershco-nu-asnets/numeric-asnets/problems/numeric/rover/problems/pfile6.pddl,C:\Users\roeeh\Desktop\School\Meitar\Thesis\Code\numeric-asnets\problems\numeric\rover\problems\pfile6.pddl,37861c52da80c2f57a30a4ce0c6a799b74299dd85e05989ffce19d5df647bad2,19,hybrid; simple,2^133 * 101^2,44.04563217087478,upper bound,unbounded recharge metric on repeatable navigation/recharge cycles,"Projected boolean/energy bound, includes static propositions; recharge accumulation excluded. Not an enumerated reachable count."
roverprob4123,154,148,6,151,0.00913238525390625,rover,7,/home/hersco/bershco-nu-asnets/numeric-asnets/problems/numeric/rover/domain.pddl,/home/hersco/bershco-nu-asnets/numeric-asnets/problems/numeric/rover/problems/pfile7.pddl,C:\Users\roeeh\Desktop\School\Meitar\Thesis\Code\numeric-asnets\problems\numeric\rover\problems\pfile7.pddl,6ce427559433af643668142e3b41cec88ea7e2e393c308d43a4f4743c96d9e2f,20,hybrid; simple,2^148 * 101^3,50.565403479617146,upper bound,unbounded recharge metric on repeatable navigation/recharge cycles,"Projected boolean/energy bound, includes static propositions; recharge accumulation excluded. Not an enumerated reachable count."
roverprob1423,340,218,7,336,0.01251530647277832,rover,8,/home/hersco/bershco-nu-asnets/numeric-asnets/problems/numeric/rover/domain.pddl,/home/hersco/bershco-nu-asnets/numeric-asnets/problems/numeric/rover/problems/pfile8.pddl,C:\Users\roeeh\Desktop\School\Meitar\Thesis\Code\numeric-asnets\problems\numeric\rover\problems\pfile8.pddl,3c2e2c7f6004fed9989e91f301d8c9ce5f0827ab4509943aba9809e2e314ea69,25,hybrid; simple,2^218 * 101^4,73.64182454987846,upper bound,unbounded recharge metric on repeatable navigation/recharge cycles,"Projected boolean/energy bound, includes static propositions; recharge accumulation excluded. Not an enumerated reachable count."
roverprob4132,366,244,7,363,0.015401840209960938,rover,9,/home/hersco/bershco-nu-asnets/numeric-asnets/problems/numeric/rover/domain.pddl,/home/hersco/bershco-nu-asnets/numeric-asnets/problems/numeric/rover/problems/pfile9.pddl,C:\Users\roeeh\Desktop\School\Meitar\Thesis\Code\numeric-asnets\problems\numeric\rover\problems\pfile9.pddl,4152f701d70e15e255f6b3585aa2eecb9ba518638bc281c0d79c8c8480ef5620,27,hybrid; simple,2^244 * 101^4,81.46860443714198,upper bound,unbounded recharge metric on repeatable navigation/recharge cycles,"Projected boolean/energy bound, includes static propositions; recharge accumulation excluded. Not an enumerated reachable count."
roverprob8271,388,246,7,384,0.01768660545349121,rover,10,/home/hersco/bershco-nu-asnets/numeric-asnets/problems/numeric/rover/domain.pddl,/home/hersco/bershco-nu-asnets/numeric-asnets/problems/numeric/rover/problems/pfile10.pddl,C:\Users\roeeh\Desktop\School\Meitar\Thesis\Code\numeric-asnets\problems\numeric\rover\problems\pfile10.pddl,f699a03dd0f39931a81e479db7e9babcab2a862c55b26f6291199ae761657337,29,hybrid; simple,2^246 * 101^4,82.07066442846994,upper bound,unbounded recharge metric on repeatable navigation/recharge cycles,"Projected boolean/energy bound, includes static propositions; recharge accumulation excluded. Not an enumerated reachable count."
roverprob7126,452,264,7,448,0.02065753936767578,rover,11,/home/hersco/bershco-nu-asnets/numeric-asnets/problems/numeric/rover/domain.pddl,/home/hersco/bershco-nu-asnets/numeric-asnets/problems/numeric/rover/problems/pfile11.pddl,C:\Users\roeeh\Desktop\School\Meitar\Thesis\Code\numeric-asnets\problems\numeric\rover\problems\pfile11.pddl,0d081623a8e0f774c91c1d2b542098b7c3eda0e1c264547e29f6165815c37400,27,hybrid; simple,2^264 * 101^4,87.4892043504216,upper bound,unbounded recharge metric on repeatable navigation/recharge cycles,"Projected boolean/energy bound, includes static propositions; recharge accumulation excluded. Not an enumerated reachable count."
roverprob5146,374,249,7,371,0.021129846572875977,rover,12,/home/hersco/bershco-nu-asnets/numeric-asnets/problems/numeric/rover/domain.pddl,/home/hersco/bershco-nu-asnets/numeric-asnets/problems/numeric/rover/problems/pfile12.pddl,C:\Users\roeeh\Desktop\School\Meitar\Thesis\Code\numeric-asnets\problems\numeric\rover\problems\pfile12.pddl,bf93c83d090358217ecb4de4c20c0f57eaed53a6c1a01fd079ad1837dbe110d3,28,hybrid; simple,2^249 * 101^4,82.97375441546188,upper bound,unbounded recharge metric on repeatable navigation/recharge cycles,"Projected boolean/energy bound, includes static propositions; recharge accumulation excluded. Not an enumerated reachable count."
roverprob6152,757,319,7,753,0.030627727508544922,rover,13,/home/hersco/bershco-nu-asnets/numeric-asnets/problems/numeric/rover/domain.pddl,/home/hersco/bershco-nu-asnets/numeric-asnets/problems/numeric/rover/problems/pfile13.pddl,C:\Users\roeeh\Desktop\School\Meitar\Thesis\Code\numeric-asnets\problems\numeric\rover\problems\pfile13.pddl,2affe3419946a45af1300a2e32d04681c1f376beb1286a9f070b720a1106674b,30,hybrid; simple,2^319 * 101^4,104.04585411194057,upper bound,unbounded recharge metric on repeatable navigation/recharge cycles,"Projected boolean/energy bound, includes static propositions; recharge accumulation excluded. Not an enumerated reachable count."
roverprob1425,533,312,7,531,0.03267836570739746,rover,14,/home/hersco/bershco-nu-asnets/numeric-asnets/problems/numeric/rover/domain.pddl,/home/hersco/bershco-nu-asnets/numeric-asnets/problems/numeric/rover/problems/pfile14.pddl,C:\Users\roeeh\Desktop\School\Meitar\Thesis\Code\numeric-asnets\problems\numeric\rover\problems\pfile14.pddl,8c585e3722f46e8bc5dc84926e5f97437f018b36eca9783ca467078cf5ff049f,31,hybrid; simple,2^312 * 101^4,101.9386441422927,upper bound,unbounded recharge metric on repeatable navigation/recharge cycles,"Projected boolean/energy bound, includes static propositions; recharge accumulation excluded. Not an enumerated reachable count."
roverprob4135,775,378,7,772,0.04380965232849121,rover,15,/home/hersco/bershco-nu-asnets/numeric-asnets/problems/numeric/rover/domain.pddl,/home/hersco/bershco-nu-asnets/numeric-asnets/problems/numeric/rover/problems/pfile15.pddl,C:\Users\roeeh\Desktop\School\Meitar\Thesis\Code\numeric-asnets\problems\numeric\rover\problems\pfile15.pddl,e71b0a04ad11c11dfffa1b6ab5167610bc506dbd8b7492b0721f00d7b9faddfc,32,hybrid; simple,2^378 * 101^4,121.80662385611546,upper bound,unbounded recharge metric on repeatable navigation/recharge cycles,"Projected boolean/energy bound, includes static propositions; recharge accumulation excluded. Not an enumerated reachable count."
roverprob5142,683,413,7,679,0.05131840705871582,rover,16,/home/hersco/bershco-nu-asnets/numeric-asnets/problems/numeric/rover/domain.pddl,/home/hersco/bershco-nu-asnets/numeric-asnets/problems/numeric/rover/problems/pfile16.pddl,C:\Users\roeeh\Desktop\School\Meitar\Thesis\Code\numeric-asnets\problems\numeric\rover\problems\pfile16.pddl,cbcdfd0109bd464d1ad44c6d3bc0d0326e98c628871740d7177d0422c1655ed1,33,hybrid; simple,2^413 * 101^4,132.3426737043548,upper bound,unbounded recharge metric on repeatable navigation/recharge cycles,"Projected boolean/energy bound, includes static propositions; recharge accumulation excluded. Not an enumerated reachable count."
roverprob5624,1245,617,9,1241,0.13463878631591797,rover,17,/home/hersco/bershco-nu-asnets/numeric-asnets/problems/numeric/rover/domain.pddl,/home/hersco/bershco-nu-asnets/numeric-asnets/problems/numeric/rover/problems/pfile17.pddl,C:\Users\roeeh\Desktop\School\Meitar\Thesis\Code\numeric-asnets\problems\numeric\rover\problems\pfile17.pddl,55c54ead41c870d1c7c7f45d7ec8e45c49b69b2d29619b50556777209c4fb598,44,hybrid; simple,2^617 * 101^6,197.76143556737225,upper bound,unbounded recharge metric on repeatable navigation/recharge cycles,"Projected boolean/energy bound, includes static propositions; recharge accumulation excluded. Not an enumerated reachable count."
roverprob4621,1873,880,9,1867,0.27854251861572266,rover,18,/home/hersco/bershco-nu-asnets/numeric-asnets/problems/numeric/rover/domain.pddl,/home/hersco/bershco-nu-asnets/numeric-asnets/problems/numeric/rover/problems/pfile18.pddl,C:\Users\roeeh\Desktop\School\Meitar\Thesis\Code\numeric-asnets\problems\numeric\rover\problems\pfile18.pddl,bea956a66d1020254b39c1c762bb39fe4a311b34ef0bd260cdbbfa58e29847cc,50,hybrid; simple,2^880 * 101^6,276.9323244269993,upper bound,unbounded recharge metric on repeatable navigation/recharge cycles,"Projected boolean/energy bound, includes static propositions; recharge accumulation excluded. Not an enumerated reachable count."
roverprob8327,2892,898,9,2888,0.34322571754455566,rover,19,/home/hersco/bershco-nu-asnets/numeric-asnets/problems/numeric/rover/domain.pddl,/home/hersco/bershco-nu-asnets/numeric-asnets/problems/numeric/rover/problems/pfile19.pddl,C:\Users\roeeh\Desktop\School\Meitar\Thesis\Code\numeric-asnets\problems\numeric\rover\problems\pfile19.pddl,33d33d3a1e27731f3d873645358216aa6a0be4820dbee5cc6838d62d3dd87951,51,hybrid; simple,2^898 * 101^6,282.35086434895095,upper bound,unbounded recharge metric on repeatable navigation/recharge cycles,"Projected boolean/energy bound, includes static propositions; recharge accumulation excluded. Not an enumerated reachable count."
roverprob7182,4040,1257,11,4034,0.8057591915130615,rover,20,/home/hersco/bershco-nu-asnets/numeric-asnets/problems/numeric/rover/domain.pddl,/home/hersco/bershco-nu-asnets/numeric-asnets/problems/numeric/rover/problems/pfile20.pddl,C:\Users\roeeh\Desktop\School\Meitar\Thesis\Code\numeric-asnets\problems\numeric\rover\problems\pfile20.pddl,69598fee921a69559e6fb9e62c5d1be81a71d0c3959751c094ad97ff04a83b18,60,hybrid; simple,2^1257 * 101^8,394.4292755398855,upper bound,unbounded recharge metric on repeatable navigation/recharge cycles,"Projected boolean/energy bound, includes static propositions; recharge accumulation excluded. Not an enumerated reachable count."
