snapshot_idt,experiment,class,status,running,pending,held,science_result_or_issue,next_gate,evidence,current_evidence,category,canonical_document,queue_stamp_utc,science_stamp,workload_source,scientific_capture_idt,operational_snapshot_idt,source_report,current_queue_file
2026-10-04T12:02:29+03:00,six_domain_MAIN_VAL_RQ1_RQ4,main_historical,complete_6360_of6360,0,0,0,All 6360 unique outcomes / 240 ten-seed lineages terminal; final four recoveries were explicit six-hour timeouts; success totals unchanged,No further historical recovery; archive exact provenance and compute thesis statistics,docs/rq_all_stage_current_20260929.md,C:\Users\roeeh\Desktop\School\Meitar\Thesis\Code\numeric-asnets\experiment_tracking\campaign_snapshot_20261004_followup\workload_jobs.csv,,docs/campaign_status_20261004_followup.md,2026-10-04T05:11:20.377770+00:00,2026-10-04 11:43:02 IDT,C:\Users\roeeh\Desktop\School\Meitar\Thesis\Code\numeric-asnets\experiment_tracking\campaign_snapshot_20261004\workload_jobs.csv,2026-10-04 11:43:02 IDT,2026-10-04T10:27:06+03:00,docs/campaign_status_20261004_followup.md,C:\Users\roeeh\Desktop\School\Meitar\Thesis\Code\numeric-asnets\experiment_tracking\campaign_snapshot_20261004_followup\workload_jobs.csv
2026-10-04T12:02:29+03:00,MAIN_TERM_stage2_sensitivity,side_historical,ten_seed_lineages_partial_instances,0,0,0,Separate ten_seed Stage2 cohort across five original domains; Rover Sep8 exact retries close both VH cells to200/200; do not pool MAIN_VAL,Preserve separate and classify other exact residuals only if used as thesis claim,docs/rq_all_stage_current_20260929.md,C:\Users\roeeh\Desktop\School\Meitar\Thesis\Code\numeric-asnets\experiment_tracking\campaign_snapshot_20261004_followup\workload_jobs.csv,,docs/campaign_status_20261004_followup.md,2026-10-04T05:11:20.377770+00:00,2026-10-04 11:43:02 IDT,C:\Users\roeeh\Desktop\School\Meitar\Thesis\Code\numeric-asnets\experiment_tracking\campaign_snapshot_20261004\workload_jobs.csv,2026-10-04 11:43:02 IDT,2026-10-04T10:27:06+03:00,docs/campaign_status_20261004_followup.md,C:\Users\roeeh\Desktop\School\Meitar\Thesis\Code\numeric-asnets\experiment_tracking\campaign_snapshot_20261004_followup\workload_jobs.csv
2026-10-04T12:02:29+03:00,mprime_Phase_B_A_stage2,main_historical,complete,0,0,0,Runtime HMRP-HA GBFS; estimator-equivalent AStar flag. Ten matched seeds/VH; off16.5/16.6/17.9 and on16.7/16.0/17.2 policy/fixed/PW,No leaf-only rerun,docs/rq_all_stage_current_20260929.md,C:\Users\roeeh\Desktop\School\Meitar\Thesis\Code\numeric-asnets\experiment_tracking\campaign_snapshot_20261004_followup\workload_jobs.csv,,docs/campaign_status_20261004_followup.md,2026-10-04T05:11:20.377770+00:00,2026-10-04 11:43:02 IDT,C:\Users\roeeh\Desktop\School\Meitar\Thesis\Code\numeric-asnets\experiment_tracking\campaign_snapshot_20261004\workload_jobs.csv,2026-10-04 11:43:02 IDT,2026-10-04T10:27:06+03:00,docs/campaign_status_20261004_followup.md,C:\Users\roeeh\Desktop\School\Meitar\Thesis\Code\numeric-asnets\experiment_tracking\campaign_snapshot_20261004_followup\workload_jobs.csv
2026-10-04T12:02:29+03:00,mprime_Phase_B_A_stage1,main_historical,complete_archived_recovery,0,0,0,Original14Sep archive has400/400 classified; off157 successes43 timeouts; on160 successes39 timeouts1 ordinary non_goal; the newer completion_only audit missed15 exact recoveries,Use original per_instance and per_seed archive for thesis; no recovery submission needed,experiment_tracking/mprime_phase_b_a_stage1_mcts_20260913/results_20260914/per_instance_results.csv,C:\Users\roeeh\Desktop\School\Meitar\Thesis\Code\numeric-asnets\experiment_tracking\campaign_snapshot_20261004_followup\workload_jobs.csv,,docs/campaign_status_20261004_followup.md,2026-10-04T05:11:20.377770+00:00,2026-10-04 11:43:02 IDT,C:\Users\roeeh\Desktop\School\Meitar\Thesis\Code\numeric-asnets\experiment_tracking\campaign_snapshot_20261004\workload_jobs.csv,2026-10-04 11:43:02 IDT,2026-10-04T10:27:06+03:00,docs/campaign_status_20261004_followup.md,C:\Users\roeeh\Desktop\School\Meitar\Thesis\Code\numeric-asnets\experiment_tracking\campaign_snapshot_20261004_followup\workload_jobs.csv
2026-10-04T12:02:29+03:00,counters_repaired_VHon_stage1_policy_and_HMRP_MCTS,repair,complete,0,0,0,Policy442/590 versus fixed211/590; all ten seeds and all590 terminal identities; 237 policy_only and6 MCTS_only,Keep distinct from confounded historical VH_on; investigate mechanisms only on sampled regressions,experiment_tracking/counters_repaired_stage1_instance_intersections_10seeds_20260929.csv,C:\Users\roeeh\Desktop\School\Meitar\Thesis\Code\numeric-asnets\experiment_tracking\campaign_snapshot_20261004_followup\workload_jobs.csv,,docs/campaign_status_20261004_followup.md,2026-10-04T05:11:20.377770+00:00,2026-10-04 11:43:02 IDT,C:\Users\roeeh\Desktop\School\Meitar\Thesis\Code\numeric-asnets\experiment_tracking\campaign_snapshot_20261004\workload_jobs.csv,2026-10-04 11:43:02 IDT,2026-10-04T10:27:06+03:00,docs/campaign_status_20261004_followup.md,C:\Users\roeeh\Desktop\School\Meitar\Thesis\Code\numeric-asnets\experiment_tracking\campaign_snapshot_20261004_followup\workload_jobs.csv
2026-10-04T12:02:29+03:00,counters_repaired_VHon_stage2_anchor,repair,policy_complete_11_of20_search_endpoints_complete,9,0,0,"Ten trainings/policy complete33.5/59;fixed510/590 with320goals,PW531/590 with321goals;6fixed/5PW endpoints complete; partial not final",Finish21947251 fixed/PW20; collector21947252,docs/queue_pipe_three_pipeline_reconciliation_20260926.md,C:\Users\roeeh\Desktop\School\Meitar\Thesis\Code\numeric-asnets\experiment_tracking\campaign_snapshot_20261004_followup\workload_jobs.csv,,docs/campaign_status_20261004_followup.md,2026-10-04T05:11:20.377770+00:00,2026-10-04 11:43:02 IDT,C:\Users\roeeh\Desktop\School\Meitar\Thesis\Code\numeric-asnets\experiment_tracking\campaign_snapshot_20261004\workload_jobs.csv,2026-10-04 11:43:02 IDT,2026-10-04T10:27:06+03:00,docs/campaign_status_20261004_followup.md,C:\Users\roeeh\Desktop\School\Meitar\Thesis\Code\numeric-asnets\experiment_tracking\campaign_snapshot_20261004_followup\workload_jobs.csv
2026-10-04T12:02:29+03:00,queue_pipe_stage2_validation_replay,repair,complete_2400_of_2400,0,0,0,All24 replay jobs/2400snapshot evaluations valid; Stage2 selects best over100epochs; user accepts no grace stop,Frozen hashes used by submitted downstream,docs/campaign_status_20260929_1735.md,C:\Users\roeeh\Desktop\School\Meitar\Thesis\Code\numeric-asnets\experiment_tracking\campaign_snapshot_20261004_followup\workload_jobs.csv,,docs/campaign_status_20261004_followup.md,2026-10-04T05:11:20.377770+00:00,2026-10-04 11:43:02 IDT,C:\Users\roeeh\Desktop\School\Meitar\Thesis\Code\numeric-asnets\experiment_tracking\campaign_snapshot_20261004\workload_jobs.csv,2026-10-04 11:43:02 IDT,2026-10-04T10:27:06+03:00,docs/campaign_status_20261004_followup.md,C:\Users\roeeh\Desktop\School\Meitar\Thesis\Code\numeric-asnets\experiment_tracking\campaign_snapshot_20261004_followup\workload_jobs.csv
2026-10-04T12:02:29+03:00,FO_intended_hADD_stage1_exact_recovery,completion,362_of400_terminal,4,5,0,44/82 new exact positions terminal; distinct from now-complete historical HMRMax population,Finish existing 21955993 groups and collector21955994; exact tails only,docs/historical_terminal_supplement_20260929.md,C:\Users\roeeh\Desktop\School\Meitar\Thesis\Code\numeric-asnets\experiment_tracking\campaign_snapshot_20261004_followup\workload_jobs.csv,,docs/campaign_status_20261004_followup.md,2026-10-04T05:11:20.377770+00:00,2026-10-04 11:43:02 IDT,C:\Users\roeeh\Desktop\School\Meitar\Thesis\Code\numeric-asnets\experiment_tracking\campaign_snapshot_20261004\workload_jobs.csv,2026-10-04 11:43:02 IDT,2026-10-04T10:27:06+03:00,docs/campaign_status_20261004_followup.md,C:\Users\roeeh\Desktop\School\Meitar\Thesis\Code\numeric-asnets\experiment_tracking\campaign_snapshot_20261004_followup\workload_jobs.csv
2026-10-04T12:02:29+03:00,counters_VHoff_HMRP_narrow_stage1_MCTS,configuration_repair,590_of590_terminal,0,0,0,"254 goals; 0 positions remain; third parent closed all59, no new tail dispatched",Merge existing parents; check durable tail identities before any recovery,experiment_tracking/counters_off_hmrp_stage1_20260927/README.md,C:\Users\roeeh\Desktop\School\Meitar\Thesis\Code\numeric-asnets\experiment_tracking\campaign_snapshot_20261004_followup\workload_jobs.csv,,docs/campaign_status_20261004_followup.md,2026-10-04T05:11:20.377770+00:00,2026-10-04 11:43:02 IDT,C:\Users\roeeh\Desktop\School\Meitar\Thesis\Code\numeric-asnets\experiment_tracking\campaign_snapshot_20261004\workload_jobs.csv,2026-10-04 11:43:02 IDT,2026-10-04T10:27:06+03:00,docs/campaign_status_20261004_followup.md,C:\Users\roeeh\Desktop\School\Meitar\Thesis\Code\numeric-asnets\experiment_tracking\campaign_snapshot_20261004_followup\workload_jobs.csv
2026-10-04T12:02:29+03:00,selected_anchor_HER,side,complete_24_of24_search_endpoints,0,0,0,All24 HER fixed/PW endpoints terminal; all8 MPrime crash identities and Rover final identity recovered. Prior14 Rover timeout markers retained.,Report paired positive/unchanged/adverse screen; no broad training expansion,experiment_tracking/her_selected_anchor_20260926/,C:\Users\roeeh\Desktop\School\Meitar\Thesis\Code\numeric-asnets\experiment_tracking\campaign_snapshot_20261004_followup\workload_jobs.csv,,docs/campaign_status_20261004_followup.md,2026-10-04T05:11:20.377770+00:00,2026-10-04 11:43:02 IDT,C:\Users\roeeh\Desktop\School\Meitar\Thesis\Code\numeric-asnets\experiment_tracking\campaign_snapshot_20261004\workload_jobs.csv,2026-10-04 11:43:02 IDT,2026-10-04T10:27:06+03:00,docs/campaign_status_20261004_followup.md,C:\Users\roeeh\Desktop\School\Meitar\Thesis\Code\numeric-asnets\experiment_tracking\campaign_snapshot_20261004_followup\workload_jobs.csv
2026-10-04T12:02:29+03:00,tree_sampling_K10_FO_K0_leaf_gate,side,FO_16_of16_controls_4_of4_complete,0,0,0,FO16/16 K0/K10 endpoints; historical controls4/4; off gate fails secondseed6<8; onPW7->5,Concluded bounded screen; no new training,docs/queue_pipe_three_pipeline_reconciliation_20260926.md,C:\Users\roeeh\Desktop\School\Meitar\Thesis\Code\numeric-asnets\experiment_tracking\campaign_snapshot_20261004_followup\workload_jobs.csv,,docs/campaign_status_20261004_followup.md,2026-10-04T05:11:20.377770+00:00,2026-10-04 11:43:02 IDT,C:\Users\roeeh\Desktop\School\Meitar\Thesis\Code\numeric-asnets\experiment_tracking\campaign_snapshot_20261004\workload_jobs.csv,2026-10-04 11:43:02 IDT,2026-10-04T10:27:06+03:00,docs/campaign_status_20261004_followup.md,C:\Users\roeeh\Desktop\School\Meitar\Thesis\Code\numeric-asnets\experiment_tracking\campaign_snapshot_20261004_followup\workload_jobs.csv
2026-10-04T12:02:29+03:00,value_head_independent_pilot,side,concluded_pilot,0,0,0,Eight pairs x30 labels plus MPrime diversity extension; not the 12x1000 requested benchmark,Use only as feasibility pilot,docs/value_head_independent_results_20260927.md,C:\Users\roeeh\Desktop\School\Meitar\Thesis\Code\numeric-asnets\experiment_tracking\campaign_snapshot_20261004_followup\workload_jobs.csv,,docs/campaign_status_20261004_followup.md,2026-10-04T05:11:20.377770+00:00,2026-10-04 11:43:02 IDT,C:\Users\roeeh\Desktop\School\Meitar\Thesis\Code\numeric-asnets\experiment_tracking\campaign_snapshot_20261004\workload_jobs.csv,2026-10-04 11:43:02 IDT,2026-10-04T10:27:06+03:00,docs/campaign_status_20261004_followup.md,C:\Users\roeeh\Desktop\School\Meitar\Thesis\Code\numeric-asnets\experiment_tracking\campaign_snapshot_20261004_followup\workload_jobs.csv
2026-10-04T12:02:29+03:00,value_head_V2_12x1000,side,complete_12000_of12000,0,0,0,12000/12000 production labels;12/12 pairs;18 smoke labels excluded;obsolete306 strata canceled previously. Rover native recharge-cost h is not an action-distance baseline; see objective audit.,"No further labeling jobs; final same-state, certificates, sampling and objective-unit audit retained",docs/value_head_v2_implementation_20260929.md,C:\Users\roeeh\Desktop\School\Meitar\Thesis\Code\numeric-asnets\experiment_tracking\campaign_snapshot_20261004_followup\workload_jobs.csv,,docs/campaign_status_20261004_followup.md,2026-10-04T05:11:20.377770+00:00,2026-10-04 11:43:02 IDT,C:\Users\roeeh\Desktop\School\Meitar\Thesis\Code\numeric-asnets\experiment_tracking\campaign_snapshot_20261004\workload_jobs.csv,2026-10-04 11:43:02 IDT,2026-10-04T10:27:06+03:00,docs/campaign_status_20261004_followup.md,C:\Users\roeeh\Desktop\School\Meitar\Thesis\Code\numeric-asnets\experiment_tracking\campaign_snapshot_20261004_followup\workload_jobs.csv
2026-10-04T12:02:29+03:00,corrected_KL_fixed_vs_PW,side,concluded,0,0,0,Two_seed320/320; small mixed PW change and domain_dependent deterministic_current; stochastic_current retained,No further KL work requested,docs/kl_loss_interpretation_20260926.md,C:\Users\roeeh\Desktop\School\Meitar\Thesis\Code\numeric-asnets\experiment_tracking\campaign_snapshot_20261004_followup\workload_jobs.csv,,docs/campaign_status_20261004_followup.md,2026-10-04T05:11:20.377770+00:00,2026-10-04 11:43:02 IDT,C:\Users\roeeh\Desktop\School\Meitar\Thesis\Code\numeric-asnets\experiment_tracking\campaign_snapshot_20261004\workload_jobs.csv,2026-10-04 11:43:02 IDT,2026-10-04T10:27:06+03:00,docs/campaign_status_20261004_followup.md,C:\Users\roeeh\Desktop\School\Meitar\Thesis\Code\numeric-asnets\experiment_tracking\campaign_snapshot_20261004_followup\workload_jobs.csv
2026-10-04T12:02:29+03:00,leaf_source_four_arm,side,scientific_gate,0,0,0,Unequal final identity denominators; no universal leaf source selected,Reconcile exact terminal identities before global claim,experiment_tracking/mcts_leaf_evaluator_all_imperfect_20260920/README.md,C:\Users\roeeh\Desktop\School\Meitar\Thesis\Code\numeric-asnets\experiment_tracking\campaign_snapshot_20261004_followup\workload_jobs.csv,,docs/campaign_status_20261004_followup.md,2026-10-04T05:11:20.377770+00:00,2026-10-04 11:43:02 IDT,C:\Users\roeeh\Desktop\School\Meitar\Thesis\Code\numeric-asnets\experiment_tracking\campaign_snapshot_20261004\workload_jobs.csv,2026-10-04 11:43:02 IDT,2026-10-04T10:27:06+03:00,docs/campaign_status_20261004_followup.md,C:\Users\roeeh\Desktop\School\Meitar\Thesis\Code\numeric-asnets\experiment_tracking\campaign_snapshot_20261004_followup\workload_jobs.csv
2026-10-04T12:02:29+03:00,six_case_leaf_source_decomposition,side,concluded,0,0,0,No single leaf source explains every harmful divergence,Retain bounded mechanism evidence,docs/campaign_experiment_inventory_20260927.md,C:\Users\roeeh\Desktop\School\Meitar\Thesis\Code\numeric-asnets\experiment_tracking\campaign_snapshot_20261004_followup\workload_jobs.csv,,docs/campaign_status_20261004_followup.md,2026-10-04T05:11:20.377770+00:00,2026-10-04 11:43:02 IDT,C:\Users\roeeh\Desktop\School\Meitar\Thesis\Code\numeric-asnets\experiment_tracking\campaign_snapshot_20261004\workload_jobs.csv,2026-10-04 11:43:02 IDT,2026-10-04T10:27:06+03:00,docs/campaign_status_20261004_followup.md,C:\Users\roeeh\Desktop\School\Meitar\Thesis\Code\numeric-asnets\experiment_tracking\campaign_snapshot_20261004_followup\workload_jobs.csv
2026-10-04T12:02:29+03:00,BG_Counters_regression_mechanism,side,local_analysis_complete_selected_cases,0,0,0,14 original replicas and32 transform arms complete; finite BG underflow removed without coverage gain; Counters cap cases repeat with nonzeroQ; selected fallback/cycle evidence not a universal cause,Analyse sampled decisions/eligibility/state reuse; no automatic global change,experiment_tracking/bg_counters_mechanism_trace_20260929/README.md,C:\Users\roeeh\Desktop\School\Meitar\Thesis\Code\numeric-asnets\experiment_tracking\campaign_snapshot_20261004_followup\workload_jobs.csv,,docs/campaign_status_20261004_followup.md,2026-10-04T05:11:20.377770+00:00,2026-10-04 11:43:02 IDT,C:\Users\roeeh\Desktop\School\Meitar\Thesis\Code\numeric-asnets\experiment_tracking\campaign_snapshot_20261004\workload_jobs.csv,2026-10-04 11:43:02 IDT,2026-10-04T10:27:06+03:00,docs/campaign_status_20261004_followup.md,C:\Users\roeeh\Desktop\School\Meitar\Thesis\Code\numeric-asnets\experiment_tracking\campaign_snapshot_20261004_followup\workload_jobs.csv
2026-10-04T12:02:29+03:00,old_counters_root_tiebreak_trace,side,dropped,0,0,0,Older137_task experiment stopped after39 complete96 failed2 canceled; user dropped continuation,No recovery; preserve existing prefixes only,experiment_tracking/counters_trace_depth_20260923.csv,C:\Users\roeeh\Desktop\School\Meitar\Thesis\Code\numeric-asnets\experiment_tracking\campaign_snapshot_20261004_followup\workload_jobs.csv,,docs/campaign_status_20261004_followup.md,2026-10-04T05:11:20.377770+00:00,2026-10-04 11:43:02 IDT,C:\Users\roeeh\Desktop\School\Meitar\Thesis\Code\numeric-asnets\experiment_tracking\campaign_snapshot_20261004\workload_jobs.csv,2026-10-04 11:43:02 IDT,2026-10-04T10:27:06+03:00,docs/campaign_status_20261004_followup.md,C:\Users\roeeh\Desktop\School\Meitar\Thesis\Code\numeric-asnets\experiment_tracking\campaign_snapshot_20261004_followup\workload_jobs.csv
2026-10-04T12:02:29+03:00,SAFE1_duplicate_diagnostic,side,optional_not_submitted,0,0,0,Two of four targeted Drone failures rescued; harm to existing successes untested,Optional two_checkpoint full20 safety screen only if user later asks,docs/safe1_duplicate_diagnostic_20260924.md,C:\Users\roeeh\Desktop\School\Meitar\Thesis\Code\numeric-asnets\experiment_tracking\campaign_snapshot_20261004_followup\workload_jobs.csv,,docs/campaign_status_20261004_followup.md,2026-10-04T05:11:20.377770+00:00,2026-10-04 11:43:02 IDT,C:\Users\roeeh\Desktop\School\Meitar\Thesis\Code\numeric-asnets\experiment_tracking\campaign_snapshot_20261004\workload_jobs.csv,2026-10-04 11:43:02 IDT,2026-10-04T10:27:06+03:00,docs/campaign_status_20261004_followup.md,C:\Users\roeeh\Desktop\School\Meitar\Thesis\Code\numeric-asnets\experiment_tracking\campaign_snapshot_20261004_followup\workload_jobs.csv
2026-10-04T12:02:29+03:00,preserve_three_policy,side,concluded,0,0,0,Delivery_TPP_Zenotravel preservation checks complete; MCTS not required at policy ceiling,No further primary MCTS work,docs/campaign_experiment_inventory_20260927.md,C:\Users\roeeh\Desktop\School\Meitar\Thesis\Code\numeric-asnets\experiment_tracking\campaign_snapshot_20261004_followup\workload_jobs.csv,,docs/campaign_status_20261004_followup.md,2026-10-04T05:11:20.377770+00:00,2026-10-04 11:43:02 IDT,C:\Users\roeeh\Desktop\School\Meitar\Thesis\Code\numeric-asnets\experiment_tracking\campaign_snapshot_20261004\workload_jobs.csv,2026-10-04 11:43:02 IDT,2026-10-04T10:27:06+03:00,docs/campaign_status_20261004_followup.md,C:\Users\roeeh\Desktop\School\Meitar\Thesis\Code\numeric-asnets\experiment_tracking\campaign_snapshot_20261004_followup\workload_jobs.csv
2026-10-04T12:02:29+03:00,storage_compaction,operations,audit_complete_Oct3,0,0,0,Oct3 completed whole-home allocated-byte audit 378.976GiB; 21.024GiB below working400 ceiling; no site quota returned,Watch disk growth; no deletion or compaction this turn,experiment_tracking/campaign_snapshot_20261003_resumed/fresh_storage_receipt.txt,C:\Users\roeeh\Desktop\School\Meitar\Thesis\Code\numeric-asnets\experiment_tracking\campaign_snapshot_20261004_followup\workload_jobs.csv,,docs/campaign_status_20261004_followup.md,2026-10-04T05:11:20.377770+00:00,2026-10-04 11:43:02 IDT,C:\Users\roeeh\Desktop\School\Meitar\Thesis\Code\numeric-asnets\experiment_tracking\campaign_snapshot_20261004\workload_jobs.csv,2026-10-04 11:43:02 IDT,2026-10-04T10:27:06+03:00,docs/campaign_status_20261004_followup.md,C:\Users\roeeh\Desktop\School\Meitar\Thesis\Code\numeric-asnets\experiment_tracking\campaign_snapshot_20261004_followup\workload_jobs.csv
2026-10-04T12:02:29+03:00,historical_exact_identity_completion_110,,complete_110_of110,0,0,0,All 6360 unique outcomes / 240 ten-seed lineages terminal; final four recoveries were explicit six-hour timeouts; success totals unchanged,No further historical recovery; archive exact provenance and compute thesis statistics,C:\Users\roeeh\Desktop\School\Meitar\Thesis\Code\numeric-asnets\experiment_tracking\campaign_snapshot_20260930_1617\historical_followup_manifest.csv,C:\Users\roeeh\Desktop\School\Meitar\Thesis\Code\numeric-asnets\experiment_tracking\campaign_snapshot_20261004_followup\workload_jobs.csv,,docs/campaign_status_20261004_followup.md,2026-10-04T05:11:20.377770+00:00,2026-10-04 11:43:02 IDT,C:\Users\roeeh\Desktop\School\Meitar\Thesis\Code\numeric-asnets\experiment_tracking\campaign_snapshot_20261004\workload_jobs.csv,2026-10-04 11:43:02 IDT,2026-10-04T10:27:06+03:00,docs/campaign_status_20261004_followup.md,C:\Users\roeeh\Desktop\School\Meitar\Thesis\Code\numeric-asnets\experiment_tracking\campaign_snapshot_20261004_followup\workload_jobs.csv
2026-10-04T12:02:29+03:00,root_scale_heuristic_screen,,complete_bounded_screen,0,0,0,"BG36/120finiteunderflow;Counters0/348;all468finite,no15sprobe timeout","Concluded;32-arm transform screen now complete, no default change",,C:\Users\roeeh\Desktop\School\Meitar\Thesis\Code\numeric-asnets\experiment_tracking\campaign_snapshot_20261004_followup\workload_jobs.csv,,docs/campaign_status_20261004_followup.md,2026-10-04T05:11:20.377770+00:00,2026-10-04 11:43:02 IDT,C:\Users\roeeh\Desktop\School\Meitar\Thesis\Code\numeric-asnets\experiment_tracking\campaign_snapshot_20261004\workload_jobs.csv,2026-10-04 11:43:02 IDT,2026-10-04T10:27:06+03:00,docs/campaign_status_20261004_followup.md,C:\Users\roeeh\Desktop\School\Meitar\Thesis\Code\numeric-asnets\experiment_tracking\campaign_snapshot_20261004_followup\workload_jobs.csv
2026-10-04T12:02:29+03:00,intended_leaf_remaining_drone,,live_actual_leaf_roles_verified,18,22,0,502/800 valid outcomes;227 goals;55 explicit6h timeouts,Existing correct-leaf jobs/collector; no new broad training or historical-repeat campaign,,C:\Users\roeeh\Desktop\School\Meitar\Thesis\Code\numeric-asnets\experiment_tracking\campaign_snapshot_20261004_followup\workload_jobs.csv,inference_configuration_repair,docs/campaign_status_20261004_followup.md,2026-10-04T05:11:20.377770+00:00,2026-10-04 11:43:02 IDT,C:\Users\roeeh\Desktop\School\Meitar\Thesis\Code\numeric-asnets\experiment_tracking\campaign_snapshot_20261004\workload_jobs.csv,2026-10-04 11:43:02 IDT,2026-10-04T10:27:06+03:00,docs/campaign_status_20261004_followup.md,C:\Users\roeeh\Desktop\School\Meitar\Thesis\Code\numeric-asnets\experiment_tracking\campaign_snapshot_20261004_followup\workload_jobs.csv
2026-10-04T12:02:29+03:00,intended_leaf_remaining_fo_counters,,live_actual_leaf_roles_verified,24,8,0,178/400 valid outcomes;91 goals;87 explicit6h timeouts,Existing correct-leaf jobs/collector; no new broad training or historical-repeat campaign,,C:\Users\roeeh\Desktop\School\Meitar\Thesis\Code\numeric-asnets\experiment_tracking\campaign_snapshot_20261004_followup\workload_jobs.csv,inference_configuration_repair,docs/campaign_status_20261004_followup.md,2026-10-04T05:11:20.377770+00:00,2026-10-04 11:43:02 IDT,C:\Users\roeeh\Desktop\School\Meitar\Thesis\Code\numeric-asnets\experiment_tracking\campaign_snapshot_20261004\workload_jobs.csv,2026-10-04 11:43:02 IDT,2026-10-04T10:27:06+03:00,docs/campaign_status_20261004_followup.md,C:\Users\roeeh\Desktop\School\Meitar\Thesis\Code\numeric-asnets\experiment_tracking\campaign_snapshot_20261004_followup\workload_jobs.csv
2026-10-04T12:02:29+03:00,intended_leaf_remaining_counters,,live_actual_leaf_roles_verified,8,7,0,478/590 valid outcomes;309 goals;45 explicit6h timeouts,Existing correct-leaf jobs/collector; no new broad training or historical-repeat campaign,,C:\Users\roeeh\Desktop\School\Meitar\Thesis\Code\numeric-asnets\experiment_tracking\campaign_snapshot_20261004_followup\workload_jobs.csv,inference_configuration_repair,docs/campaign_status_20261004_followup.md,2026-10-04T05:11:20.377770+00:00,2026-10-04 11:43:02 IDT,C:\Users\roeeh\Desktop\School\Meitar\Thesis\Code\numeric-asnets\experiment_tracking\campaign_snapshot_20261004\workload_jobs.csv,2026-10-04 11:43:02 IDT,2026-10-04T10:27:06+03:00,docs/campaign_status_20261004_followup.md,C:\Users\roeeh\Desktop\School\Meitar\Thesis\Code\numeric-asnets\experiment_tracking\campaign_snapshot_20261004_followup\workload_jobs.csv
2026-10-04T12:02:29+03:00,durable_main_and_intended_collectors,,dependency_pending,0,1,0,After-any collectors retain valid exact records and expose operational residuals,No inference that scheduler completion equals complete scientific coverage,,C:\Users\roeeh\Desktop\School\Meitar\Thesis\Code\numeric-asnets\experiment_tracking\campaign_snapshot_20261004_followup\workload_jobs.csv,operations,docs/campaign_status_20261004_followup.md,2026-10-04T05:11:20.377770+00:00,2026-10-04 11:43:02 IDT,C:\Users\roeeh\Desktop\School\Meitar\Thesis\Code\numeric-asnets\experiment_tracking\campaign_snapshot_20261004\workload_jobs.csv,2026-10-04 11:43:02 IDT,2026-10-04T10:27:06+03:00,docs/campaign_status_20261004_followup.md,C:\Users\roeeh\Desktop\School\Meitar\Thesis\Code\numeric-asnets\experiment_tracking\campaign_snapshot_20261004_followup\workload_jobs.csv
2026-10-04T12:02:29+03:00,counters_S1_off_exact_tail_continuation,operations,7_of7_dispatched_tails_complete,0,0,0,7 exact outcomes recovered; no duplicate third-parent recovery,Concluded,C:\Users\roeeh\Desktop\School\Meitar\Thesis\Code\numeric-asnets\experiment_tracking\campaign_snapshot_20261002_evening\continuation_followup.jsonl,C:\Users\roeeh\Desktop\School\Meitar\Thesis\Code\numeric-asnets\experiment_tracking\campaign_snapshot_20261004_followup\workload_jobs.csv,,docs/campaign_status_20261004_followup.md,2026-10-04T05:11:20.377770+00:00,2026-10-04 11:43:02 IDT,C:\Users\roeeh\Desktop\School\Meitar\Thesis\Code\numeric-asnets\experiment_tracking\campaign_snapshot_20261004\workload_jobs.csv,2026-10-04 11:43:02 IDT,2026-10-04T10:27:06+03:00,docs/campaign_status_20261004_followup.md,C:\Users\roeeh\Desktop\School\Meitar\Thesis\Code\numeric-asnets\experiment_tracking\campaign_snapshot_20261004_followup\workload_jobs.csv
2026-10-04T12:02:29+03:00,reciprocal_value_transform_screen,,32_of32_arms_16_of16_pairs_complete,0,0,0,9 both-success and7 both-failure complete pairs;0 gains/0 losses; runtime identity proofs pass; default unchanged,Concluded bounded screen; no coverage benefit observed; preserve actions/time and objective qualifications; no automatic expansion,,C:\Users\roeeh\Desktop\School\Meitar\Thesis\Code\numeric-asnets\experiment_tracking\campaign_snapshot_20261004_followup\workload_jobs.csv,,docs/campaign_status_20261004_followup.md,2026-10-04T05:11:20.377770+00:00,2026-10-04 11:43:02 IDT,C:\Users\roeeh\Desktop\School\Meitar\Thesis\Code\numeric-asnets\experiment_tracking\campaign_snapshot_20261004\workload_jobs.csv,2026-10-04 11:43:02 IDT,2026-10-04T10:27:06+03:00,docs/campaign_status_20261004_followup.md,C:\Users\roeeh\Desktop\School\Meitar\Thesis\Code\numeric-asnets\experiment_tracking\campaign_snapshot_20261004_followup\workload_jobs.csv
2026-10-04T12:02:29+03:00,counters_S2_exact_tail_guard,,after_any_guard_pending,0,1,0,"One guard waits for21947251; merges explicit timeouts, preflights and submits only absent identities",Skip complete parents; preserve exact RNG/weights/config; one-worker64GiB%8 tails,,C:\Users\roeeh\Desktop\School\Meitar\Thesis\Code\numeric-asnets\experiment_tracking\campaign_snapshot_20261004_followup\workload_jobs.csv,,docs/campaign_status_20261004_followup.md,2026-10-04T05:11:20.377770+00:00,2026-10-04 11:43:02 IDT,C:\Users\roeeh\Desktop\School\Meitar\Thesis\Code\numeric-asnets\experiment_tracking\campaign_snapshot_20261004\workload_jobs.csv,2026-10-04 11:43:02 IDT,2026-10-04T10:27:06+03:00,docs/campaign_status_20261004_followup.md,C:\Users\roeeh\Desktop\School\Meitar\Thesis\Code\numeric-asnets\experiment_tracking\campaign_snapshot_20261004_followup\workload_jobs.csv
