seed,instance_number,problem,policy_job_id,mcts_original_job_id,mcts_tail_job_id,policy_success,policy_steps,mcts_success,mcts_status,mcts_steps,mcts_elapsed_seconds,outcome_quadrant
1963100312,20,fz_instance_21.pddl,21697968,21605607,,1,1136,0,action_limit_10000,10000,6548.24188340595,policy_only
1963100312,21,fz_instance_22.pddl,21697968,21605607,,1,1209,0,action_limit_10000,10000,1281.4064407770056,policy_only
1963100312,22,fz_instance_23.pddl,21697968,21605607,,1,1281,0,action_limit_10000,10000,910.6724155850243,policy_only
1963100312,23,fz_instance_24.pddl,21697968,21605607,,1,1356,0,action_limit_10000,10000,5035.632995487074,policy_only
1963100312,24,fz_instance_25.pddl,21697968,21605607,,1,1430,0,action_limit_10000,10000,8967.487465929938,policy_only
1963100312,25,fz_instance_26.pddl,21697968,21605607,,1,1505,0,action_limit_10000,10000,8040.1583834069315,policy_only
1963100312,26,fz_instance_27.pddl,21697968,21605607,,1,1581,0,action_limit_10000,10000,17352.822280636057,policy_only
1963100312,27,fz_instance_28.pddl,21697968,21605607,,1,1660,0,action_limit_10000,10000,1338.6429029870778,policy_only
1963100312,28,fz_instance_29.pddl,21697968,21605607,,1,1738,0,action_limit_10000,10000,2266.745372548001,policy_only
1963100312,29,fz_instance_30.pddl,21697968,21605607,,1,1817,0,action_limit_10000,10000,1496.9585825001122,policy_only
1963100312,30,fz_instance_31.pddl,21697968,21605607,,1,1897,0,action_limit_10000,10000,6128.359505497967,policy_only
1963100312,31,fz_instance_32.pddl,21697968,21605607,,1,1978,0,action_limit_10000,10000,6403.088785812026,policy_only
1963100312,32,fz_instance_33.pddl,21697968,21605607,,1,2060,0,action_limit_10000,10000,2722.227627176908,policy_only
1963100312,33,fz_instance_34.pddl,21697968,21605607,,1,2143,0,action_limit_10000,10000,2284.556576892035,policy_only
1963100312,34,fz_instance_35.pddl,21697968,21605607,,1,2229,0,action_limit_10000,10000,7839.715866775019,policy_only
1963100312,35,fz_instance_36.pddl,21697968,21605607,,1,2314,0,action_limit_10000,10000,1479.0819134110352,policy_only
1963100312,36,fz_instance_37.pddl,21697968,21605607,,1,2400,0,action_limit_10000,10000,5876.976146538975,policy_only
1963100312,37,fz_instance_38.pddl,21697968,21605607,,1,2487,0,action_limit_10000,10000,5667.745697840932,policy_only
1963100312,38,fz_instance_39.pddl,21697968,21605607,,1,2575,0,action_limit_10000,10000,12554.265438143048,policy_only
1963100312,39,fz_instance_40.pddl,21697968,21605607,,1,2664,0,action_limit_10000,10000,2031.25243025308,policy_only
1963100312,40,fz_instance_41.pddl,21697968,21605607,,1,2754,0,action_limit_10000,10000,5805.9156387558905,policy_only
1963100312,41,fz_instance_42.pddl,21697968,21605607,,1,2845,0,action_limit_10000,10000,10202.814410635969,policy_only
1963100312,42,fz_instance_43.pddl,21697968,21605607,,1,2937,0,action_limit_10000,10000,6786.808950182982,policy_only
1963100312,43,fz_instance_44.pddl,21697968,21605607,,1,3030,0,action_limit_10000,10000,13742.625104270992,policy_only
1963100312,44,fz_instance_45.pddl,21697968,21605607,,1,3124,0,action_limit_10000,10000,10735.307692360948,policy_only
1963100312,45,fz_instance_46.pddl,21697968,21605607,,1,3219,0,action_limit_10000,10000,3327.88415383792,policy_only
1963100312,46,fz_instance_47.pddl,21697968,21605607,,1,3315,0,action_limit_10000,10000,13414.535909760045,policy_only
1963100312,47,fz_instance_48.pddl,21697968,21605607,,1,3412,0,action_limit_10000,10000,10585.65226188302,policy_only
1963100312,48,fz_instance_49.pddl,21697968,21605607,,1,3510,0,action_limit_10000,10000,14400.721044097096,policy_only
1963100312,49,fz_instance_50.pddl,21697968,21605607,,1,3609,0,action_limit_10000,10000,16339.669559372938,policy_only
1963100312,50,fz_instance_51.pddl,21697968,21605607,,1,3709,0,action_limit_10000,10000,7319.372828952968,policy_only
1963100312,51,fz_instance_52.pddl,21697968,21605607,,1,3810,0,action_limit_10000,10000,9792.923147599096,policy_only
1963100312,52,fz_instance_53.pddl,21697968,21605607,,1,3912,0,action_limit_10000,10000,14937.97130508197,policy_only
1963100312,53,fz_instance_54.pddl,21697968,21605607,,1,4015,0,action_limit_10000,10000,16173.135251965025,policy_only
1963100312,54,fz_instance_55.pddl,21697968,21605607,,1,4119,0,action_limit_10000,10000,16534.566269564093,policy_only
1963100312,55,fz_instance_56.pddl,21697968,21605607,,1,4224,0,action_limit_10000,10000,10494.827481728978,policy_only
1963100312,56,fz_instance_57.pddl,21697968,21605607,,1,4330,0,action_limit_10000,10000,17046.116471922956,policy_only
1963100312,57,fz_instance_58.pddl,21697968,21605607,,1,4437,0,action_limit_10000,10000,16334.848255399964,policy_only
1963100312,58,fz_instance_59.pddl,21697968,21605607,,1,4545,0,action_limit_10000,10000,14387.50371167995,policy_only
1963100312,59,fz_instance_60.pddl,21697968,21605607,,1,4654,0,action_limit_10000,10000,7988.336605877965,policy_only
1073581256,24,fz_instance_25.pddl,21697969,21605608,,1,1446,0,action_limit_10000,10000,3714.2476355638355,policy_only
1073581256,26,fz_instance_27.pddl,21697969,21605608,,1,1593,0,six_hour_timeout,,,policy_only
1073581256,27,fz_instance_28.pddl,21697969,21605608,,1,1674,0,six_hour_timeout,,,policy_only
1073581256,28,fz_instance_29.pddl,21697969,21605608,,1,1752,0,six_hour_timeout,,,policy_only
1073581256,29,fz_instance_30.pddl,21697969,21605608,,1,1831,0,action_limit_10000,10000,17895.676743367687,policy_only
1073581256,30,fz_instance_31.pddl,21697969,21605608,,1,1911,0,action_limit_10000,10000,10096.058376485482,policy_only
1073581256,31,fz_instance_32.pddl,21697969,21605608,,1,1992,0,six_hour_timeout,,,policy_only
1073581256,32,fz_instance_33.pddl,21697969,21605608,,1,2070,0,six_hour_timeout,,,policy_only
1073581256,33,fz_instance_34.pddl,21697969,21605608,,1,2157,0,six_hour_timeout,,,policy_only
1073581256,34,fz_instance_35.pddl,21697969,21605608,,1,2241,0,six_hour_timeout,,,policy_only
1073581256,35,fz_instance_36.pddl,21697969,21605608,,1,2326,0,action_limit_10000,10000,17069.66382907331,policy_only
1073581256,36,fz_instance_37.pddl,21697969,21605608,,1,2412,0,six_hour_timeout,,,policy_only
1073581256,37,fz_instance_38.pddl,21697969,21605608,,1,2499,0,six_hour_timeout,,,policy_only
1073581256,38,fz_instance_39.pddl,21697969,21605608,,1,2583,0,six_hour_timeout,,,policy_only
1073581256,39,fz_instance_40.pddl,21697969,21605608,,1,2676,0,six_hour_timeout,,,policy_only
1073581256,40,fz_instance_41.pddl,21697969,21605608,,1,2766,0,six_hour_timeout,,,policy_only
1073581256,41,fz_instance_42.pddl,21697969,21605608,,1,2857,0,six_hour_timeout,,,policy_only
1073581256,42,fz_instance_43.pddl,21697969,21605608,,1,2949,0,six_hour_timeout,,,policy_only
1073581256,43,fz_instance_44.pddl,21697969,21605608,,1,3042,0,six_hour_timeout,,,policy_only
1073581256,44,fz_instance_45.pddl,21697969,21605608,,1,3132,0,six_hour_timeout,,,policy_only
1073581256,45,fz_instance_46.pddl,21697969,21605608,,1,3231,0,action_limit_10000,10000,14186.47483515367,policy_only
1073581256,46,fz_instance_47.pddl,21697969,21605608,,1,3327,0,six_hour_timeout,,,policy_only
1073581256,47,fz_instance_48.pddl,21697969,21605608,,1,3424,0,six_hour_timeout,,,policy_only
1073581256,48,fz_instance_49.pddl,21697969,21605608,,1,3522,0,six_hour_timeout,,,policy_only
1073581256,49,fz_instance_50.pddl,21697969,21605608,,1,3621,0,six_hour_timeout,,,policy_only
1073581256,50,fz_instance_51.pddl,21697969,21605608,,1,3717,0,six_hour_timeout,,,policy_only
1073581256,51,fz_instance_52.pddl,21697969,21605608,,1,3822,0,six_hour_timeout,,,policy_only
1073581256,52,fz_instance_53.pddl,21697969,21605608,,1,3924,0,six_hour_timeout,,,policy_only
1073581256,53,fz_instance_54.pddl,21697969,21605608,,1,4027,0,six_hour_timeout,,,policy_only
1073581256,54,fz_instance_55.pddl,21697969,21605608,,1,4131,0,six_hour_timeout,,,policy_only
1073581256,55,fz_instance_56.pddl,21697969,21605608,,1,4236,0,six_hour_timeout,,,policy_only
1073581256,56,fz_instance_57.pddl,21697969,21605608,,1,4338,0,six_hour_timeout,,,policy_only
1073581256,57,fz_instance_58.pddl,21697969,21605608,,1,4449,0,six_hour_timeout,,,policy_only
1073581256,58,fz_instance_59.pddl,21697969,21605608,,1,4557,0,six_hour_timeout,,,policy_only
1073581256,59,fz_instance_60.pddl,21697969,21605608,,1,4666,0,six_hour_timeout,,,policy_only
1510771779,17,fz_instance_18.pddl,21697972,21605611,,1,961,0,action_limit_10000,10000,3307.1482422370464,policy_only
1510771779,18,fz_instance_19.pddl,21697972,21605611,,1,1031,0,action_limit_10000,10000,2912.889053120045,policy_only
1510771779,19,fz_instance_20.pddl,21697972,21605611,,1,1102,0,action_limit_10000,10000,11379.954788038041,policy_only
1510771779,20,fz_instance_21.pddl,21697972,21605611,,1,1174,0,six_hour_timeout,,,policy_only
1510771779,21,fz_instance_22.pddl,21697972,21605611,,1,1247,0,action_limit_10000,10000,11010.549805323128,policy_only
1510771779,22,fz_instance_23.pddl,21697972,21605611,,1,1323,0,action_limit_10000,10000,10081.29347180319,policy_only
1510771779,23,fz_instance_24.pddl,21697972,21605611,,1,1400,0,action_limit_10000,10000,8555.260335206054,policy_only
1510771779,24,fz_instance_25.pddl,21697972,21605611,,1,1476,0,action_limit_10000,10000,6330.217995057814,policy_only
1510771779,25,fz_instance_26.pddl,21697972,21605611,,1,1555,0,action_limit_10000,10000,8872.079171963036,policy_only
1510771779,26,fz_instance_27.pddl,21697972,21605611,,1,1633,0,action_limit_10000,10000,6978.28407715098,policy_only
1510771779,27,fz_instance_28.pddl,21697972,21605611,,1,1712,0,action_limit_10000,10000,8466.711336535867,policy_only
1510771779,28,fz_instance_29.pddl,21697972,21605611,,1,1794,0,action_limit_10000,10000,8790.885816254886,policy_only
1510771779,29,fz_instance_30.pddl,21697972,21605611,,1,1875,0,action_limit_10000,10000,9297.246744350996,policy_only
1510771779,30,fz_instance_31.pddl,21697972,21605611,,1,1957,0,action_limit_10000,10000,9153.621886980021,policy_only
1510771779,31,fz_instance_32.pddl,21697972,21605611,,1,2040,0,action_limit_10000,10000,8393.840493194992,policy_only
1510771779,32,fz_instance_33.pddl,21697972,21605611,,1,2124,0,action_limit_10000,10000,10142.276625646977,policy_only
1510771779,33,fz_instance_34.pddl,21697972,21605611,,1,2209,0,action_limit_10000,10000,13931.749250333058,policy_only
1510771779,34,fz_instance_35.pddl,21697972,21605611,,1,2297,0,six_hour_timeout,,,policy_only
1510771779,35,fz_instance_36.pddl,21697972,21605611,,1,2384,0,action_limit_10000,10000,20744.784838536987,policy_only
1510771779,36,fz_instance_37.pddl,21697972,21605611,,1,2472,0,action_limit_10000,10000,11178.043849381153,policy_only
1510771779,37,fz_instance_38.pddl,21697972,21605611,,1,2561,0,action_limit_10000,10000,8013.7033495600335,policy_only
1510771779,38,fz_instance_39.pddl,21697972,21605611,,1,2651,0,six_hour_timeout,,,policy_only
1510771779,39,fz_instance_40.pddl,21697972,21605611,,1,2742,0,six_hour_timeout,,,policy_only
1510771779,40,fz_instance_41.pddl,21697972,21605611,,1,2834,0,six_hour_timeout,,,policy_only
1510771779,41,fz_instance_42.pddl,21697972,21605611,,1,2927,0,action_limit_10000,10000,17548.864162551938,policy_only
1510771779,42,fz_instance_43.pddl,21697972,21605611,,1,3021,0,action_limit_10000,10000,18016.771353811026,policy_only
1510771779,43,fz_instance_44.pddl,21697972,21605611,,1,3116,0,six_hour_timeout,,,policy_only
1510771779,44,fz_instance_45.pddl,21697972,21605611,,1,3212,0,action_limit_10000,10000,21375.22699398198,policy_only
1510771779,45,fz_instance_46.pddl,21697972,21605611,,1,3309,0,six_hour_timeout,,,policy_only
1510771779,46,fz_instance_47.pddl,21697972,21605611,,1,3407,0,six_hour_timeout,,,policy_only
1510771779,47,fz_instance_48.pddl,21697972,21605611,,1,3506,0,six_hour_timeout,,,policy_only
1510771779,48,fz_instance_49.pddl,21697972,21605611,,1,3606,0,six_hour_timeout,,,policy_only
1510771779,49,fz_instance_50.pddl,21697972,21605611,,1,3707,0,six_hour_timeout,,,policy_only
1510771779,50,fz_instance_51.pddl,21697972,21605611,,1,3809,0,six_hour_timeout,,,policy_only
1510771779,51,fz_instance_52.pddl,21697972,21605611,,1,3912,0,six_hour_timeout,,,policy_only
1510771779,52,fz_instance_53.pddl,21697972,21605611,,1,4016,0,six_hour_timeout,,,policy_only
1510771779,53,fz_instance_54.pddl,21697972,21605611,,1,4121,0,six_hour_timeout,,,policy_only
1510771779,54,fz_instance_55.pddl,21697972,21605611,,1,4227,0,six_hour_timeout,,,policy_only
1510771779,55,fz_instance_56.pddl,21697972,21605611,,1,4334,0,six_hour_timeout,,,policy_only
1510771779,56,fz_instance_57.pddl,21697972,21605611,,1,4442,0,six_hour_timeout,,,policy_only
1510771779,57,fz_instance_58.pddl,21697972,21605611,,1,4551,0,six_hour_timeout,,,policy_only
1510771779,58,fz_instance_59.pddl,21697972,21605611,,1,4661,0,six_hour_timeout,,,policy_only
1510771779,59,fz_instance_60.pddl,21697972,21605611,,1,4772,0,six_hour_timeout,,,policy_only
534933607,15,fz_instance_16.pddl,21697973,21605612,,1,568,0,action_limit_10000,10000,916.8862238414586,policy_only
534933607,18,fz_instance_19.pddl,21697973,21605612,,1,715,0,action_limit_10000,10000,15268.766421886161,policy_only
534933607,19,fz_instance_20.pddl,21697973,21605612,,1,766,0,action_limit_10000,10000,11083.906006731093,policy_only
534933607,20,fz_instance_21.pddl,21697973,21605612,,1,818,0,action_limit_10000,10000,12535.485736248083,policy_only
534933607,21,fz_instance_22.pddl,21697973,21605612,,1,871,0,action_limit_10000,10000,7152.475265316665,policy_only
534933607,22,fz_instance_23.pddl,21697973,21605612,,1,925,0,action_limit_10000,10000,6267.174643187784,policy_only
534933607,23,fz_instance_24.pddl,21697973,21605612,,1,980,0,action_limit_10000,10000,4972.575270791538,policy_only
534933607,24,fz_instance_25.pddl,21697973,21605612,,1,1036,0,action_limit_10000,10000,5073.271407351829,policy_only
534933607,25,fz_instance_26.pddl,21697973,21605612,,1,1093,0,action_limit_10000,10000,4827.738604782149,policy_only
534933607,26,fz_instance_27.pddl,21697973,21605612,,1,1151,0,action_limit_10000,10000,4781.275673247874,policy_only
534933607,27,fz_instance_28.pddl,21697973,21605612,,1,1210,0,action_limit_10000,10000,6052.395798267797,policy_only
534933607,28,fz_instance_29.pddl,21697973,21605612,,1,1270,0,action_limit_10000,10000,5344.339824016206,policy_only
534933607,29,fz_instance_30.pddl,21697973,21605612,,1,1331,0,action_limit_10000,10000,3579.5156885990873,policy_only
534933607,30,fz_instance_31.pddl,21697973,21605612,,1,1393,0,action_limit_10000,10000,4834.834406297654,policy_only
534933607,31,fz_instance_32.pddl,21697973,21605612,,1,1456,0,action_limit_10000,10000,5779.136702583171,policy_only
534933607,32,fz_instance_33.pddl,21697973,21605612,,1,1520,0,action_limit_10000,10000,5994.509448892437,policy_only
534933607,33,fz_instance_34.pddl,21697973,21605612,,1,1585,0,action_limit_10000,10000,5424.7781234243885,policy_only
534933607,34,fz_instance_35.pddl,21697973,21605612,,1,1651,0,action_limit_10000,10000,4888.594252022915,policy_only
534933607,35,fz_instance_36.pddl,21697973,21605612,,1,1718,0,action_limit_10000,10000,5977.92354225833,policy_only
534933607,36,fz_instance_37.pddl,21697973,21605612,,1,1786,0,action_limit_10000,10000,7388.614449701272,policy_only
534933607,37,fz_instance_38.pddl,21697973,21605612,,1,1855,0,action_limit_10000,10000,6908.756711403839,policy_only
534933607,38,fz_instance_39.pddl,21697973,21605612,,1,1925,0,action_limit_10000,10000,6221.944813074544,policy_only
1972442430,22,fz_instance_23.pddl,21697974,21605613,,1,813,0,six_hour_timeout,,,policy_only
1972442430,27,fz_instance_28.pddl,21697974,21605613,,1,1078,0,six_hour_timeout,,,policy_only
1972442430,28,fz_instance_29.pddl,21697974,21605613,,1,1134,0,six_hour_timeout,,,policy_only
1972442430,29,fz_instance_30.pddl,21697974,21605613,,1,1191,0,six_hour_timeout,,,policy_only
1972442430,30,fz_instance_31.pddl,21697974,21605613,,1,1249,0,six_hour_timeout,,,policy_only
1972442430,31,fz_instance_32.pddl,21697974,21605613,,1,1308,0,six_hour_timeout,,,policy_only
1972442430,32,fz_instance_33.pddl,21697974,21605613,,1,1368,0,action_limit_10000,10000,6497.333914185059,policy_only
1972442430,33,fz_instance_34.pddl,21697974,21605613,,1,1429,0,six_hour_timeout,,,policy_only
1972442430,34,fz_instance_35.pddl,21697974,21605613,,1,1491,0,action_limit_10000,10000,4795.205010207021,policy_only
1972442430,35,fz_instance_36.pddl,21697974,21605613,,1,1554,0,six_hour_timeout,,,policy_only
1972442430,36,fz_instance_37.pddl,21697974,21605613,,1,1618,0,six_hour_timeout,,,policy_only
1972442430,37,fz_instance_38.pddl,21697974,21605613,,1,1683,0,six_hour_timeout,,,policy_only
1972442430,38,fz_instance_39.pddl,21697974,21605613,,1,1749,0,six_hour_timeout,,,policy_only
1972442430,39,fz_instance_40.pddl,21697974,21605613,,1,1816,0,action_limit_10000,10000,3219.198095737025,policy_only
1972442430,40,fz_instance_41.pddl,21697974,21605613,,1,1884,0,action_limit_10000,10000,11115.713151804986,policy_only
1972442430,41,fz_instance_42.pddl,21697974,21605613,,1,1953,0,six_hour_timeout,,,policy_only
1972442430,42,fz_instance_43.pddl,21697974,21605613,,1,2023,0,six_hour_timeout,,,policy_only
1972442430,43,fz_instance_44.pddl,21697974,21605613,,1,2094,0,action_limit_10000,10000,13027.309947691974,policy_only
1972442430,44,fz_instance_45.pddl,21697974,21605613,,1,2166,0,action_limit_10000,10000,5340.142874352983,policy_only
1972442430,45,fz_instance_46.pddl,21697974,21605613,,1,2239,0,six_hour_timeout,,,policy_only
1972442430,46,fz_instance_47.pddl,21697974,21605613,,1,2313,0,action_limit_10000,10000,8340.138588047004,policy_only
1972442430,47,fz_instance_48.pddl,21697974,21605613,,1,2388,0,six_hour_timeout,,,policy_only
1972442430,48,fz_instance_49.pddl,21697974,21605613,,1,2464,0,action_limit_10000,10000,2370.776247789967,policy_only
1972442430,49,fz_instance_50.pddl,21697974,21605613,,1,2541,0,six_hour_timeout,,,policy_only
1972442430,50,fz_instance_51.pddl,21697974,21605613,,1,2619,0,six_hour_timeout,,,policy_only
1972442430,51,fz_instance_52.pddl,21697974,21605613,,1,2698,0,six_hour_timeout,,,policy_only
1972442430,52,fz_instance_53.pddl,21697974,21605613,,1,2778,0,six_hour_timeout,,,policy_only
1972442430,53,fz_instance_54.pddl,21697974,21605613,,1,2859,0,action_limit_10000,10000,12386.326002100017,policy_only
1972442430,54,fz_instance_55.pddl,21697974,21605613,,1,2941,0,six_hour_timeout,,,policy_only
1972442430,55,fz_instance_56.pddl,21697974,21605613,,1,3024,0,six_hour_timeout,,,policy_only
1972442430,56,fz_instance_57.pddl,21697974,21605613,,1,3108,0,action_limit_10000,10000,19849.81780372199,policy_only
1972442430,57,fz_instance_58.pddl,21697974,21605613,,1,3193,0,action_limit_10000,10000,4518.541655385052,policy_only
1972442430,58,fz_instance_59.pddl,21697974,21605613,,1,3279,0,action_limit_10000,10000,3716.21842174395,policy_only
1972442430,59,fz_instance_60.pddl,21697974,21605613,,1,3366,0,action_limit_10000,10000,647.1756113759475,policy_only
2082152039,40,fz_instance_41.pddl,21697975,21605614,,1,2930,0,six_hour_timeout,,,policy_only
2082152039,41,fz_instance_42.pddl,21697975,21605614,,1,3045,0,six_hour_timeout,,,policy_only
2082152039,42,fz_instance_43.pddl,21697975,21605614,,1,3159,0,six_hour_timeout,,,policy_only
2082152039,43,fz_instance_44.pddl,21697975,21605614,,1,3274,0,action_limit_10000,10000,18097.907685565995,policy_only
2082152039,44,fz_instance_45.pddl,21697975,21605614,,1,3392,0,action_limit_10000,10000,6739.178619408049,policy_only
2082152039,45,fz_instance_46.pddl,21697975,21605614,,1,3511,0,action_limit_10000,10000,17463.29314222897,policy_only
2082152039,46,fz_instance_47.pddl,21697975,21605614,,1,3633,0,action_limit_10000,10000,10896.322387453052,policy_only
2082152039,47,fz_instance_48.pddl,21697975,21605614,,1,3754,0,action_limit_10000,10000,12875.218637107988,policy_only
2082152039,48,fz_instance_49.pddl,21697975,21605614,,1,3878,0,action_limit_10000,10000,7658.626385736978,policy_only
2082152039,49,fz_instance_50.pddl,21697975,21605614,,1,4001,0,action_limit_10000,10000,14599.163765387959,policy_only
2082152039,50,fz_instance_51.pddl,21697975,21605614,,1,4127,0,action_limit_10000,10000,5366.763283574954,policy_only
2082152039,51,fz_instance_52.pddl,21697975,21605614,,1,4252,0,action_limit_10000,10000,8598.051325705019,policy_only
2082152039,52,fz_instance_53.pddl,21697975,21605614,,1,4382,0,action_limit_10000,10000,8974.011095282971,policy_only
2082152039,53,fz_instance_54.pddl,21697975,21605614,,1,4513,0,action_limit_10000,10000,4562.695851654047,policy_only
2082152039,54,fz_instance_55.pddl,21697975,21605614,,1,4643,0,action_limit_10000,10000,4218.963607328944,policy_only
2082152039,55,fz_instance_56.pddl,21697975,21605614,,1,4774,0,action_limit_10000,10000,6249.920302268001,policy_only
2082152039,56,fz_instance_57.pddl,21697975,21605614,,1,4908,0,action_limit_10000,10000,11947.160229322035,policy_only
2082152039,57,fz_instance_58.pddl,21697975,21605614,,1,5045,0,action_limit_10000,10000,13871.65351357893,policy_only
2082152039,58,fz_instance_59.pddl,21697975,21605614,,1,5183,0,action_limit_10000,10000,9410.284920400009,policy_only
2082152039,59,fz_instance_60.pddl,21697975,21605614,,1,5320,0,action_limit_10000,10000,7125.586153132026,policy_only
1472491096,16,fz_instance_17.pddl,21697971,21605610,21701971,1,846,0,action_limit_10000,10000,5706.047045605956,policy_only
1472491096,18,fz_instance_19.pddl,21697971,21605610,21701971,1,981,0,action_limit_10000,10000,8254.948872577865,policy_only
1472491096,19,fz_instance_20.pddl,21697971,21605610,21701971,1,1048,0,action_limit_10000,10000,10027.91380234505,policy_only
1472491096,20,fz_instance_21.pddl,21697971,21605610,21701971,1,1118,0,action_limit_10000,10000,16057.991088220151,policy_only
1472491096,21,fz_instance_22.pddl,21697971,21605610,21701971,1,1187,0,action_limit_10000,10000,16970.04757213709,policy_only
1472491096,22,fz_instance_23.pddl,21697971,21605610,21701971,1,1259,0,action_limit_10000,10000,9921.881749070017,policy_only
1472491096,23,fz_instance_24.pddl,21697971,21605610,21701971,1,1330,0,action_limit_10000,10000,10664.301852378994,policy_only
1472491096,24,fz_instance_25.pddl,21697971,21605610,21701971,1,1402,0,action_limit_10000,10000,10087.427588182967,policy_only
1472491096,25,fz_instance_26.pddl,21697971,21605610,21701971,1,1475,0,action_limit_10000,10000,10938.854322247906,policy_only
1472491096,26,fz_instance_27.pddl,21697971,21605610,21701971,1,1551,0,action_limit_10000,10000,5960.572883161018,policy_only
1472491096,27,fz_instance_28.pddl,21697971,21605610,21701971,1,1626,0,six_hour_timeout,,,policy_only
1472491096,28,fz_instance_29.pddl,21697971,21605610,21701971,1,1702,0,six_hour_timeout,,,policy_only
1472491096,29,fz_instance_30.pddl,21697971,21605610,21701971,1,1779,0,six_hour_timeout,,,policy_only
1472491096,30,fz_instance_31.pddl,21697971,21605610,21701971,1,1857,0,six_hour_timeout,,,policy_only
1472491096,31,fz_instance_32.pddl,21697971,21605610,21701971,1,1936,0,six_hour_timeout,,,policy_only
1472491096,32,fz_instance_33.pddl,21697971,21605610,21701971,1,2016,0,six_hour_timeout,,,policy_only
1472491096,33,fz_instance_34.pddl,21697971,21605610,21701971,1,2097,0,action_limit_10000,10000,21582.210670028115,policy_only
1472491096,34,fz_instance_35.pddl,21697971,21605610,21701971,1,2179,0,six_hour_timeout,,,policy_only
1472491096,35,fz_instance_36.pddl,21697971,21605610,21701971,1,2262,0,six_hour_timeout,,,policy_only
1472491096,36,fz_instance_37.pddl,21697971,21605610,21701971,1,2346,0,six_hour_timeout,,,policy_only
1472491096,37,fz_instance_38.pddl,21697971,21605610,21701971,1,2431,0,six_hour_timeout,,,policy_only
1472491096,38,fz_instance_39.pddl,21697971,21605610,21701971,1,2517,0,six_hour_timeout,,,policy_only
1472491096,39,fz_instance_40.pddl,21697971,21605610,21701971,1,2604,0,six_hour_timeout,,,policy_only
1472491096,40,fz_instance_41.pddl,21697971,21605610,21701971,1,2692,0,six_hour_timeout,,,policy_only
1472491096,41,fz_instance_42.pddl,21697971,21605610,21701971,1,2781,0,six_hour_timeout,,,policy_only
1472491096,42,fz_instance_43.pddl,21697971,21605610,21701971,1,2871,0,six_hour_timeout,,,policy_only
1472491096,43,fz_instance_44.pddl,21697971,21605610,21701971,1,2962,0,six_hour_timeout,,,policy_only
1472491096,44,fz_instance_45.pddl,21697971,21605610,21701971,1,3054,0,six_hour_timeout,,,policy_only
1472491096,45,fz_instance_46.pddl,21697971,21605610,21701971,1,3147,0,action_limit_10000,10000,11541.352648909902,policy_only
1472491096,46,fz_instance_47.pddl,21697971,21605610,21701971,1,3241,0,six_hour_timeout,,,policy_only
1472491096,47,fz_instance_48.pddl,21697971,21605610,21701971,1,3336,0,six_hour_timeout,,,policy_only
1472491096,48,fz_instance_49.pddl,21697971,21605610,21701971,1,3432,0,six_hour_timeout,,,policy_only
1472491096,49,fz_instance_50.pddl,21697971,21605610,21701971,1,3529,0,six_hour_timeout,,,policy_only
1472491096,50,fz_instance_51.pddl,21697971,21605610,21701971,1,3627,0,six_hour_timeout,,,policy_only
1472491096,51,fz_instance_52.pddl,21697971,21605610,21701971,1,3726,0,six_hour_timeout,,,policy_only
1472491096,52,fz_instance_53.pddl,21697971,21605610,21701971,1,3826,0,six_hour_timeout,,,policy_only
1472491096,53,fz_instance_54.pddl,21697971,21605610,21701971,1,3927,0,six_hour_timeout,,,policy_only
1472491096,54,fz_instance_55.pddl,21697971,21605610,21701971,1,4029,0,six_hour_timeout,,,policy_only
1472491096,55,fz_instance_56.pddl,21697971,21605610,21701971,1,4132,0,six_hour_timeout,,,policy_only
1472491096,56,fz_instance_57.pddl,21697971,21605610,21701971,1,4236,0,six_hour_timeout,,,policy_only
1472491096,57,fz_instance_58.pddl,21697971,21605610,21701971,1,4341,0,six_hour_timeout,,,policy_only
1472491096,58,fz_instance_59.pddl,21697971,21605610,21701971,1,4447,0,action_limit_10000,10000,7528.135413106997,policy_only
1472491096,59,fz_instance_60.pddl,21697971,21605610,21701971,1,4554,0,six_hour_timeout,,,policy_only
