domain,vh,stage,seed_count,instances_per_seed,selected_policy_mean,same_checkpoint_policy_mean,mcts_30m_mean,mcts_2h_mean,mcts_6h_published_mean,verified_terminal_count,target_terminal_count,current_count_status,published_source_status,published_status_warning,historical_leaf,intended_leaf,width,iterations,stage2_policy_asterisk,teacher_confounded,source_cutoff_csv,source_seed_csv,terminal_evidence_csv,runtime_leaf_evidence,source_terminal_record_note,completion_manifest,terminal_capture_idt,original_training_selector_policy_mean,primary_S1_selector
block_grouping,off,stage1,10,20,16.3,16.3,11.6,14.8,15.4,200,200,all_terminal_identities_verified,complete,,hadd-gbfs,hadd-gbfs,5,20,False,False,C:\Users\roeeh\Desktop\School\Meitar\Thesis\Code\numeric-asnets\.codex-worktrees\mcts-safe-context\experiment_tracking\advisor_followup_20260910\rq4_raw_means_validation_led.csv,C:\Users\roeeh\Desktop\School\Meitar\Thesis\Code\numeric-asnets\.codex-worktrees\mcts-safe-context\experiment_tracking\stage1_policy_mcts_seed_cutoffs_latest.csv,C:\Users\roeeh\Desktop\School\Meitar\Thesis\Code\numeric-asnets\experiment_tracking\campaign_snapshot_20261004_followup\historical_terminal_cells_reconciled.csv,historical_executed_estimator_audit.jsonl plus final proof_capture.jsonl alternate full startup logs; MPrime original attempt startup logs,New intended-hADD outcomes do not close older HMRMax identities; no missing instance is scored as a loss,,2026-10-04 11:43:02 IDT,,
block_grouping,on,stage1,10,20,15.9,15.9,12.0,14.0,16.2,200,200,all_terminal_identities_verified,complete,,hadd-gbfs,hadd-gbfs,5,20,False,False,C:\Users\roeeh\Desktop\School\Meitar\Thesis\Code\numeric-asnets\.codex-worktrees\mcts-safe-context\experiment_tracking\advisor_followup_20260910\rq4_raw_means_validation_led.csv,C:\Users\roeeh\Desktop\School\Meitar\Thesis\Code\numeric-asnets\.codex-worktrees\mcts-safe-context\experiment_tracking\stage1_policy_mcts_seed_cutoffs_latest.csv,C:\Users\roeeh\Desktop\School\Meitar\Thesis\Code\numeric-asnets\experiment_tracking\campaign_snapshot_20261004_followup\historical_terminal_cells_reconciled.csv,historical_executed_estimator_audit.jsonl plus final proof_capture.jsonl alternate full startup logs; MPrime original attempt startup logs,New intended-hADD outcomes do not close older HMRMax identities; no missing instance is scored as a loss,,2026-10-04 11:43:02 IDT,,
drone,off,stage1,10,20,5.9,5.9,6.9,6.9,6.9,200,200,all_terminal_identities_verified,complete,,hadd-astar,hmrp-gbfs,20,70,False,False,C:\Users\roeeh\Desktop\School\Meitar\Thesis\Code\numeric-asnets\.codex-worktrees\mcts-safe-context\experiment_tracking\advisor_followup_20260910\rq4_raw_means_validation_led.csv,C:\Users\roeeh\Desktop\School\Meitar\Thesis\Code\numeric-asnets\.codex-worktrees\mcts-safe-context\experiment_tracking\stage1_policy_mcts_seed_cutoffs_latest.csv,C:\Users\roeeh\Desktop\School\Meitar\Thesis\Code\numeric-asnets\experiment_tracking\campaign_snapshot_20261004_followup\historical_terminal_cells_reconciled.csv,historical_executed_estimator_audit.jsonl plus final proof_capture.jsonl alternate full startup logs; MPrime original attempt startup logs,New intended-hADD outcomes do not close older HMRMax identities; no missing instance is scored as a loss,,2026-10-04 11:43:02 IDT,,
drone,on,stage1,10,20,5.1,5.1,10.0,10.4,10.4,200,200,all_terminal_identities_verified,complete,,hadd-astar,hmrp-gbfs,20,70,False,False,C:\Users\roeeh\Desktop\School\Meitar\Thesis\Code\numeric-asnets\.codex-worktrees\mcts-safe-context\experiment_tracking\advisor_followup_20260910\rq4_raw_means_validation_led.csv,C:\Users\roeeh\Desktop\School\Meitar\Thesis\Code\numeric-asnets\.codex-worktrees\mcts-safe-context\experiment_tracking\stage1_policy_mcts_seed_cutoffs_latest.csv,C:\Users\roeeh\Desktop\School\Meitar\Thesis\Code\numeric-asnets\experiment_tracking\campaign_snapshot_20261004_followup\historical_terminal_cells_reconciled.csv,historical_executed_estimator_audit.jsonl plus final proof_capture.jsonl alternate full startup logs; MPrime original attempt startup logs,New intended-hADD outcomes do not close older HMRMax identities; no missing instance is scored as a loss,,2026-10-04 11:43:02 IDT,,
fo_counters,off,stage1,10,20,4.2,4.2,7.5,7.8,7.8,200,200,all_terminal_identities_verified,complete,,hmrmax-astar,hadd-gbfs,20,70,False,False,C:\Users\roeeh\Desktop\School\Meitar\Thesis\Code\numeric-asnets\.codex-worktrees\mcts-safe-context\experiment_tracking\advisor_followup_20260910\rq4_raw_means_validation_led.csv,C:\Users\roeeh\Desktop\School\Meitar\Thesis\Code\numeric-asnets\.codex-worktrees\mcts-safe-context\experiment_tracking\stage1_policy_mcts_seed_cutoffs_latest.csv,C:\Users\roeeh\Desktop\School\Meitar\Thesis\Code\numeric-asnets\experiment_tracking\campaign_snapshot_20261004_followup\historical_terminal_cells_reconciled.csv,historical_executed_estimator_audit.jsonl plus final proof_capture.jsonl alternate full startup logs; MPrime original attempt startup logs,New intended-hADD outcomes do not close older HMRMax identities; no missing instance is scored as a loss,C:\Users\roeeh\Desktop\School\Meitar\Thesis\Code\numeric-asnets\experiment_tracking\campaign_snapshot_20260930_1617\historical_followup_manifest.csv,2026-10-04 11:43:02 IDT,,
fo_counters,on,stage1,10,20,3.7,3.7,5.3,5.7,5.7,200,200,all_terminal_identities_verified,complete,,hmrmax-astar,hadd-gbfs,20,70,False,False,C:\Users\roeeh\Desktop\School\Meitar\Thesis\Code\numeric-asnets\.codex-worktrees\mcts-safe-context\experiment_tracking\advisor_followup_20260910\rq4_raw_means_validation_led.csv,C:\Users\roeeh\Desktop\School\Meitar\Thesis\Code\numeric-asnets\.codex-worktrees\mcts-safe-context\experiment_tracking\stage1_policy_mcts_seed_cutoffs_latest.csv,C:\Users\roeeh\Desktop\School\Meitar\Thesis\Code\numeric-asnets\experiment_tracking\campaign_snapshot_20261004_followup\historical_terminal_cells_reconciled.csv,historical_executed_estimator_audit.jsonl plus final proof_capture.jsonl alternate full startup logs; MPrime original attempt startup logs,New intended-hADD outcomes do not close older HMRMax identities; no missing instance is scored as a loss,C:\Users\roeeh\Desktop\School\Meitar\Thesis\Code\numeric-asnets\experiment_tracking\campaign_snapshot_20260930_1617\historical_followup_manifest.csv,2026-10-04 11:43:02 IDT,,
rover,off,stage1,10,20,4.0,4.0,4.8,5.0,5.0,200,200,all_terminal_identities_verified,complete,,hmrp-ha-gbfs,hmrp-ha-gbfs,20,70,False,False,C:\Users\roeeh\Desktop\School\Meitar\Thesis\Code\numeric-asnets\.codex-worktrees\mcts-safe-context\experiment_tracking\advisor_followup_20260910\rq4_raw_means_validation_led.csv,C:\Users\roeeh\Desktop\School\Meitar\Thesis\Code\numeric-asnets\.codex-worktrees\mcts-safe-context\experiment_tracking\stage1_policy_mcts_seed_cutoffs_latest.csv,C:\Users\roeeh\Desktop\School\Meitar\Thesis\Code\numeric-asnets\experiment_tracking\campaign_snapshot_20261004_followup\historical_terminal_cells_reconciled.csv,historical_executed_estimator_audit.jsonl plus final proof_capture.jsonl alternate full startup logs; MPrime original attempt startup logs,New intended-hADD outcomes do not close older HMRMax identities; no missing instance is scored as a loss,C:\Users\roeeh\Desktop\School\Meitar\Thesis\Code\numeric-asnets\experiment_tracking\campaign_snapshot_20260930_1617\historical_followup_manifest.csv,2026-10-04 11:43:02 IDT,,
rover,on,stage1,10,20,3.8,3.8,4.4,4.4,4.4,200,200,all_terminal_identities_verified,complete,,hmrp-ha-gbfs,hmrp-ha-gbfs,20,70,False,False,C:\Users\roeeh\Desktop\School\Meitar\Thesis\Code\numeric-asnets\.codex-worktrees\mcts-safe-context\experiment_tracking\advisor_followup_20260910\rq4_raw_means_validation_led.csv,C:\Users\roeeh\Desktop\School\Meitar\Thesis\Code\numeric-asnets\.codex-worktrees\mcts-safe-context\experiment_tracking\stage1_policy_mcts_seed_cutoffs_latest.csv,C:\Users\roeeh\Desktop\School\Meitar\Thesis\Code\numeric-asnets\experiment_tracking\campaign_snapshot_20261004_followup\historical_terminal_cells_reconciled.csv,historical_executed_estimator_audit.jsonl plus final proof_capture.jsonl alternate full startup logs; MPrime original attempt startup logs,New intended-hADD outcomes do not close older HMRMax identities; no missing instance is scored as a loss,C:\Users\roeeh\Desktop\School\Meitar\Thesis\Code\numeric-asnets\experiment_tracking\campaign_snapshot_20260930_1617\historical_followup_manifest.csv,2026-10-04 11:43:02 IDT,,
counters,off,stage1,10,59,32.5,32.5,24.9,25.6,25.7,590,590,all_terminal_identities_verified,complete,,hmrmax-astar,hmrp-ha-ht-gbfs,5,20,False,False,C:\Users\roeeh\Desktop\School\Meitar\Thesis\Code\numeric-asnets\.codex-worktrees\mcts-safe-context\experiment_tracking\advisor_followup_20260910\rq4_raw_means_validation_led.csv,C:\Users\roeeh\Desktop\School\Meitar\Thesis\Code\numeric-asnets\.codex-worktrees\mcts-safe-context\experiment_tracking\stage1_policy_mcts_seed_cutoffs_latest.csv,C:\Users\roeeh\Desktop\School\Meitar\Thesis\Code\numeric-asnets\experiment_tracking\campaign_snapshot_20261004_followup\historical_terminal_cells_reconciled.csv,historical_executed_estimator_audit.jsonl plus final proof_capture.jsonl alternate full startup logs; MPrime original attempt startup logs,New intended-hADD outcomes do not close older HMRMax identities; no missing instance is scored as a loss,C:\Users\roeeh\Desktop\School\Meitar\Thesis\Code\numeric-asnets\experiment_tracking\campaign_snapshot_20260930_1617\historical_followup_manifest.csv,2026-10-04 11:43:02 IDT,,
counters,on,stage1,10,59,18.6,18.6,20.3,22.1,22.5,590,590,all_terminal_identities_verified,complete,,hmrmax-astar,hmrp-ha-ht-gbfs,5,20,False,True,C:\Users\roeeh\Desktop\School\Meitar\Thesis\Code\numeric-asnets\.codex-worktrees\mcts-safe-context\experiment_tracking\advisor_followup_20260910\rq4_raw_means_validation_led.csv,C:\Users\roeeh\Desktop\School\Meitar\Thesis\Code\numeric-asnets\.codex-worktrees\mcts-safe-context\experiment_tracking\stage1_policy_mcts_seed_cutoffs_latest.csv,C:\Users\roeeh\Desktop\School\Meitar\Thesis\Code\numeric-asnets\experiment_tracking\campaign_snapshot_20261004_followup\historical_terminal_cells_reconciled.csv,historical_executed_estimator_audit.jsonl plus final proof_capture.jsonl alternate full startup logs; MPrime original attempt startup logs,New intended-hADD outcomes do not close older HMRMax identities; no missing instance is scored as a loss,C:\Users\roeeh\Desktop\School\Meitar\Thesis\Code\numeric-asnets\experiment_tracking\campaign_snapshot_20260930_1617\historical_followup_manifest.csv,2026-10-04 11:43:02 IDT,,
mprime,off,stage1,10,20,16.3,16.3,13.0,14.7,15.7,200,200,all_terminal_identities_verified,complete,,hmrp-ha-gbfs,hmrp-ha-astar,20,70,False,False,C:\Users\roeeh\Desktop\School\Meitar\Thesis\Code\numeric-asnets\.codex-worktrees\mcts-safe-context\experiment_tracking\advisor_followup_20260910\rq4_raw_means_validation_led.csv,C:\Users\roeeh\Desktop\School\Meitar\Thesis\Code\numeric-asnets\.codex-worktrees\mcts-safe-context\experiment_tracking\mprime_phase_b_a_stage1_mcts_20260913\results_20260914\per_instance_results.csv,C:\Users\roeeh\Desktop\School\Meitar\Thesis\Code\numeric-asnets\experiment_tracking\campaign_snapshot_20261004_followup\historical_terminal_cells_reconciled.csv,historical_executed_estimator_audit.jsonl plus final proof_capture.jsonl alternate full startup logs; MPrime original attempt startup logs,New intended-hADD outcomes do not close older HMRMax identities; no missing instance is scored as a loss,,2026-10-04 11:43:02 IDT,15.0,corrected-validation Phase-B replicate A; validation-only ranking
mprime,on,stage1,10,20,15.7,15.7,13.3,15.1,16.0,200,200,all_terminal_identities_verified,complete,,hmrp-ha-gbfs,hmrp-ha-astar,20,70,False,False,C:\Users\roeeh\Desktop\School\Meitar\Thesis\Code\numeric-asnets\.codex-worktrees\mcts-safe-context\experiment_tracking\advisor_followup_20260910\rq4_raw_means_validation_led.csv,C:\Users\roeeh\Desktop\School\Meitar\Thesis\Code\numeric-asnets\.codex-worktrees\mcts-safe-context\experiment_tracking\mprime_phase_b_a_stage1_mcts_20260913\results_20260914\per_instance_results.csv,C:\Users\roeeh\Desktop\School\Meitar\Thesis\Code\numeric-asnets\experiment_tracking\campaign_snapshot_20261004_followup\historical_terminal_cells_reconciled.csv,historical_executed_estimator_audit.jsonl plus final proof_capture.jsonl alternate full startup logs; MPrime original attempt startup logs,New intended-hADD outcomes do not close older HMRMax identities; no missing instance is scored as a loss,,2026-10-04 11:43:02 IDT,14.6,corrected-validation Phase-B replicate A; validation-only ranking
block_grouping,off,stage2,10,20,16.0,16.0,11.4,15.0,15.7,200,200,all_terminal_identities_verified,complete,,hadd-gbfs,hadd-gbfs,5,20,False,False,C:\Users\roeeh\Desktop\School\Meitar\Thesis\Code\numeric-asnets\.codex-worktrees\mcts-safe-context\experiment_tracking\advisor_followup_20260910\rq4_raw_means_validation_led.csv,C:\Users\roeeh\Desktop\School\Meitar\Thesis\Code\numeric-asnets\.codex-worktrees\mcts-safe-context\experiment_tracking\stage2_policy_mcts_seed_cutoffs_latest.csv,C:\Users\roeeh\Desktop\School\Meitar\Thesis\Code\numeric-asnets\experiment_tracking\campaign_snapshot_20261004_followup\historical_terminal_cells_reconciled.csv,historical_executed_estimator_audit.jsonl plus final proof_capture.jsonl alternate full startup logs; MPrime original attempt startup logs,New intended-hADD outcomes do not close older HMRMax identities; no missing instance is scored as a loss,,2026-10-04 11:43:02 IDT,,
block_grouping,on,stage2,10,20,12.8,12.8,10.1,10.6,12.6,200,200,all_terminal_identities_verified,complete,,hadd-gbfs,hadd-gbfs,5,20,False,False,C:\Users\roeeh\Desktop\School\Meitar\Thesis\Code\numeric-asnets\.codex-worktrees\mcts-safe-context\experiment_tracking\advisor_followup_20260910\rq4_raw_means_validation_led.csv,C:\Users\roeeh\Desktop\School\Meitar\Thesis\Code\numeric-asnets\.codex-worktrees\mcts-safe-context\experiment_tracking\stage2_policy_mcts_seed_cutoffs_latest.csv,C:\Users\roeeh\Desktop\School\Meitar\Thesis\Code\numeric-asnets\experiment_tracking\campaign_snapshot_20261004_followup\historical_terminal_cells_reconciled.csv,historical_executed_estimator_audit.jsonl plus final proof_capture.jsonl alternate full startup logs; MPrime original attempt startup logs,New intended-hADD outcomes do not close older HMRMax identities; no missing instance is scored as a loss,,2026-10-04 11:43:02 IDT,,
drone,off,stage2,10,20,6.7,6.7,7.5,7.7,7.7,200,200,all_terminal_identities_verified,complete,,hadd-astar,hmrp-gbfs,20,70,True,False,C:\Users\roeeh\Desktop\School\Meitar\Thesis\Code\numeric-asnets\.codex-worktrees\mcts-safe-context\experiment_tracking\advisor_followup_20260910\rq4_raw_means_validation_led.csv,C:\Users\roeeh\Desktop\School\Meitar\Thesis\Code\numeric-asnets\.codex-worktrees\mcts-safe-context\experiment_tracking\stage2_policy_mcts_seed_cutoffs_latest.csv,C:\Users\roeeh\Desktop\School\Meitar\Thesis\Code\numeric-asnets\experiment_tracking\campaign_snapshot_20261004_followup\historical_terminal_cells_reconciled.csv,historical_executed_estimator_audit.jsonl plus final proof_capture.jsonl alternate full startup logs; MPrime original attempt startup logs,New intended-hADD outcomes do not close older HMRMax identities; no missing instance is scored as a loss,,2026-10-04 11:43:02 IDT,,
drone,on,stage2,10,20,5.0,5.0,10.9,11.2,11.2,200,200,all_terminal_identities_verified,complete,,hadd-astar,hmrp-gbfs,20,70,True,False,C:\Users\roeeh\Desktop\School\Meitar\Thesis\Code\numeric-asnets\.codex-worktrees\mcts-safe-context\experiment_tracking\advisor_followup_20260910\rq4_raw_means_validation_led.csv,C:\Users\roeeh\Desktop\School\Meitar\Thesis\Code\numeric-asnets\.codex-worktrees\mcts-safe-context\experiment_tracking\stage2_policy_mcts_seed_cutoffs_latest.csv,C:\Users\roeeh\Desktop\School\Meitar\Thesis\Code\numeric-asnets\experiment_tracking\campaign_snapshot_20261004_followup\historical_terminal_cells_reconciled.csv,historical_executed_estimator_audit.jsonl plus final proof_capture.jsonl alternate full startup logs; MPrime original attempt startup logs,New intended-hADD outcomes do not close older HMRMax identities; no missing instance is scored as a loss,,2026-10-04 11:43:02 IDT,,
rover,off,stage2,10,20,4.0,4.0,4.5,4.5,4.5,200,200,all_terminal_identities_verified,complete,,hmrp-ha-gbfs,hmrp-ha-gbfs,20,70,False,False,C:\Users\roeeh\Desktop\School\Meitar\Thesis\Code\numeric-asnets\.codex-worktrees\mcts-safe-context\experiment_tracking\advisor_followup_20260910\rq4_raw_means_validation_led.csv,C:\Users\roeeh\Desktop\School\Meitar\Thesis\Code\numeric-asnets\.codex-worktrees\mcts-safe-context\experiment_tracking\stage2_policy_mcts_seed_cutoffs_latest.csv,C:\Users\roeeh\Desktop\School\Meitar\Thesis\Code\numeric-asnets\experiment_tracking\campaign_snapshot_20261004_followup\historical_terminal_cells_reconciled.csv,historical_executed_estimator_audit.jsonl plus final proof_capture.jsonl alternate full startup logs; MPrime original attempt startup logs,New intended-hADD outcomes do not close older HMRMax identities; no missing instance is scored as a loss,C:\Users\roeeh\Desktop\School\Meitar\Thesis\Code\numeric-asnets\experiment_tracking\campaign_snapshot_20260930_1617\historical_followup_manifest.csv,2026-10-04 11:43:02 IDT,,
rover,on,stage2,10,20,3.9,3.9,4.4,4.5,4.5,200,200,all_terminal_identities_verified,complete,,hmrp-ha-gbfs,hmrp-ha-gbfs,20,70,False,False,C:\Users\roeeh\Desktop\School\Meitar\Thesis\Code\numeric-asnets\.codex-worktrees\mcts-safe-context\experiment_tracking\advisor_followup_20260910\rq4_raw_means_validation_led.csv,C:\Users\roeeh\Desktop\School\Meitar\Thesis\Code\numeric-asnets\.codex-worktrees\mcts-safe-context\experiment_tracking\stage2_policy_mcts_seed_cutoffs_latest.csv,C:\Users\roeeh\Desktop\School\Meitar\Thesis\Code\numeric-asnets\experiment_tracking\campaign_snapshot_20261004_followup\historical_terminal_cells_reconciled.csv,historical_executed_estimator_audit.jsonl plus final proof_capture.jsonl alternate full startup logs; MPrime original attempt startup logs,New intended-hADD outcomes do not close older HMRMax identities; no missing instance is scored as a loss,C:\Users\roeeh\Desktop\School\Meitar\Thesis\Code\numeric-asnets\experiment_tracking\campaign_snapshot_20260930_1617\historical_followup_manifest.csv,2026-10-04 11:43:02 IDT,,
counters,off,stage2,10,59,36.9,36.9,34.9,36.7,36.7,590,590,all_terminal_identities_verified,complete,,hmrmax-astar,hmrp-ha-ht-gbfs,5,20,True,False,C:\Users\roeeh\Desktop\School\Meitar\Thesis\Code\numeric-asnets\.codex-worktrees\mcts-safe-context\experiment_tracking\advisor_followup_20260910\rq4_raw_means_validation_led.csv,C:\Users\roeeh\Desktop\School\Meitar\Thesis\Code\numeric-asnets\.codex-worktrees\mcts-safe-context\experiment_tracking\stage2_policy_mcts_seed_cutoffs_latest.csv,C:\Users\roeeh\Desktop\School\Meitar\Thesis\Code\numeric-asnets\experiment_tracking\campaign_snapshot_20261004_followup\historical_terminal_cells_reconciled.csv,historical_executed_estimator_audit.jsonl plus final proof_capture.jsonl alternate full startup logs; MPrime original attempt startup logs,New intended-hADD outcomes do not close older HMRMax identities; no missing instance is scored as a loss,C:\Users\roeeh\Desktop\School\Meitar\Thesis\Code\numeric-asnets\experiment_tracking\campaign_snapshot_20260930_1617\historical_followup_manifest.csv,2026-10-04 11:43:02 IDT,,
counters,on,stage2,10,59,21.8,21.8,22.6,26.4,27.1,590,590,all_terminal_identities_verified,complete,,hmrmax-astar,hmrp-ha-ht-gbfs,5,20,True,True,C:\Users\roeeh\Desktop\School\Meitar\Thesis\Code\numeric-asnets\.codex-worktrees\mcts-safe-context\experiment_tracking\advisor_followup_20260910\rq4_raw_means_validation_led.csv,C:\Users\roeeh\Desktop\School\Meitar\Thesis\Code\numeric-asnets\.codex-worktrees\mcts-safe-context\experiment_tracking\stage2_policy_mcts_seed_cutoffs_latest.csv,C:\Users\roeeh\Desktop\School\Meitar\Thesis\Code\numeric-asnets\experiment_tracking\campaign_snapshot_20261004_followup\historical_terminal_cells_reconciled.csv,historical_executed_estimator_audit.jsonl plus final proof_capture.jsonl alternate full startup logs; MPrime original attempt startup logs,New intended-hADD outcomes do not close older HMRMax identities; no missing instance is scored as a loss,C:\Users\roeeh\Desktop\School\Meitar\Thesis\Code\numeric-asnets\experiment_tracking\campaign_snapshot_20260930_1617\historical_followup_manifest.csv,2026-10-04 11:43:02 IDT,,
mprime,off,stage2,10,20,16.5,16.5,14.2,15.8,16.6,200,200,all_terminal_identities_verified,complete,,hmrp-ha-gbfs,hmrp-ha-astar,20,70,False,False,C:\Users\roeeh\Desktop\School\Meitar\Thesis\Code\numeric-asnets\.codex-worktrees\mcts-safe-context\experiment_tracking\advisor_followup_20260910\rq4_raw_means_validation_led.csv,C:\Users\roeeh\Desktop\School\Meitar\Thesis\Code\numeric-asnets\experiment_tracking\mprime_final_stage2_recovered_20260927\search_reconciliation.csv,C:\Users\roeeh\Desktop\School\Meitar\Thesis\Code\numeric-asnets\experiment_tracking\campaign_snapshot_20261004_followup\historical_terminal_cells_reconciled.csv,historical_executed_estimator_audit.jsonl plus final proof_capture.jsonl alternate full startup logs; MPrime original attempt startup logs,New intended-hADD outcomes do not close older HMRMax identities; no missing instance is scored as a loss,,2026-10-04 11:43:02 IDT,,
mprime,on,stage2,10,20,16.7,16.7,12.9,14.6,16.0,200,200,all_terminal_identities_verified,complete,,hmrp-ha-gbfs,hmrp-ha-astar,20,70,False,False,C:\Users\roeeh\Desktop\School\Meitar\Thesis\Code\numeric-asnets\.codex-worktrees\mcts-safe-context\experiment_tracking\advisor_followup_20260910\rq4_raw_means_validation_led.csv,C:\Users\roeeh\Desktop\School\Meitar\Thesis\Code\numeric-asnets\experiment_tracking\mprime_final_stage2_recovered_20260927\search_reconciliation.csv,C:\Users\roeeh\Desktop\School\Meitar\Thesis\Code\numeric-asnets\experiment_tracking\campaign_snapshot_20261004_followup\historical_terminal_cells_reconciled.csv,historical_executed_estimator_audit.jsonl plus final proof_capture.jsonl alternate full startup logs; MPrime original attempt startup logs,New intended-hADD outcomes do not close older HMRMax identities; no missing instance is scored as a loss,,2026-10-04 11:43:02 IDT,,
fo_counters,off,stage2,10,20,2.9,2.9,6.1,6.1,6.1,200,200,all_terminal_identities_verified,complete,,hmrmax-astar,hadd-gbfs,20,70,True,False,C:\Users\roeeh\Desktop\School\Meitar\Thesis\Code\numeric-asnets\.codex-worktrees\mcts-safe-context\experiment_tracking\advisor_followup_20260910\rq4_raw_means_validation_led.csv,C:\Users\roeeh\Desktop\School\Meitar\Thesis\Code\numeric-asnets\.codex-worktrees\mcts-safe-context\experiment_tracking\advisor_followup_20260910\fo_stage2_validation_vh_off_exact_seed_results_20260913.csv,C:\Users\roeeh\Desktop\School\Meitar\Thesis\Code\numeric-asnets\experiment_tracking\campaign_snapshot_20261004_followup\historical_terminal_cells_reconciled.csv,historical_executed_estimator_audit.jsonl plus final proof_capture.jsonl alternate full startup logs; MPrime original attempt startup logs,New intended-hADD outcomes do not close older HMRMax identities; no missing instance is scored as a loss,C:\Users\roeeh\Desktop\School\Meitar\Thesis\Code\numeric-asnets\experiment_tracking\campaign_snapshot_20260930_1617\historical_followup_manifest.csv,2026-10-04 11:43:02 IDT,,
fo_counters,on,stage2,10,20,3.1,3.1,5.2,5.4,5.4,200,200,all_terminal_identities_verified,complete,,hmrmax-astar,hadd-gbfs,20,70,True,False,C:\Users\roeeh\Desktop\School\Meitar\Thesis\Code\numeric-asnets\.codex-worktrees\mcts-safe-context\experiment_tracking\advisor_followup_20260910\rq4_raw_means_validation_led.csv,C:\Users\roeeh\Desktop\School\Meitar\Thesis\Code\numeric-asnets\.codex-worktrees\mcts-safe-context\experiment_tracking\advisor_followup_20260910\fo_stage2_validation_vh_on_exact_seed_results_20260912.csv,C:\Users\roeeh\Desktop\School\Meitar\Thesis\Code\numeric-asnets\experiment_tracking\campaign_snapshot_20261004_followup\historical_terminal_cells_reconciled.csv,historical_executed_estimator_audit.jsonl plus final proof_capture.jsonl alternate full startup logs; MPrime original attempt startup logs,New intended-hADD outcomes do not close older HMRMax identities; no missing instance is scored as a loss,C:\Users\roeeh\Desktop\School\Meitar\Thesis\Code\numeric-asnets\experiment_tracking\campaign_snapshot_20260930_1617\historical_followup_manifest.csv,2026-10-04 11:43:02 IDT,,
counters_repaired,on,stage1,10,59,44.2,44.2,20.2,20.5,21.1,590,590,all_terminal_identities_verified,,,hmrp-ha-ht-gbfs,hmrp-ha-ht-gbfs,5,20,False,False,,C:\Users\roeeh\Desktop\School\Meitar\Thesis\Code\numeric-asnets\experiment_tracking\campaign_snapshot_20261004_followup\counters_repaired_s1_cutoffs_per_seed.csv,C:\Users\roeeh\Desktop\School\Meitar\Thesis\Code\numeric-asnets\experiment_tracking\campaign_snapshot_20261004_followup\historical_terminal_cells_reconciled.csv,,,,2026-10-04 11:43:02 IDT,,
counters_repaired,on,stage2,10,59,33.5,33.5,,,,510,590,partial_prefix_lower_bound;6_of10_fixed_and5_of10_PW_endpoints_complete,,,hmrp-ha-ht-gbfs,hmrp-ha-ht-gbfs,5,20,False,False,,C:\Users\roeeh\Desktop\School\Meitar\Thesis\Code\numeric-asnets\experiment_tracking\campaign_snapshot_20261001_evening\counters_selected_policy_scores.csv,C:\Users\roeeh\Desktop\School\Meitar\Thesis\Code\numeric-asnets\experiment_tracking\campaign_snapshot_20261004_followup\counters_selected_policy_scores.csv,,11 completed endpoints each59/59; remaining9 unfinished. No final ten-seed mean. See counters_repaired_s2_search_progress.json.,C:\Users\roeeh\Desktop\School\Meitar\Thesis\Code\numeric-asnets\experiment_tracking\campaign_snapshot_20261001_evening\counters_selected_mcts_manifest.csv,2026-10-04 11:43:02 IDT,,
