test_id,family,domain,contrast,n,baseline_mean,comparison_mean,effect,raw_p,wins,losses,ties,qualification,holm_p,holm_all_52_p,significant_family_0_05,significant_all_0_05,holm_separate_RQ_search_12_p,primary_holm_p,primary_significant_0_05,primary_correction_scope
policy_stage_12:block_grouping:off:S2-S1,policy_stage_12,block_grouping,off:S2-S1,10,16.3,16.0,-0.3,0.625,1,3,6,selected endpoint policy comparison; domain/VH-specific configuration,1,1,False,False,,1,False,all52 historical and repaired contrasts together; other corrections supplemental
search_24:block_grouping:off:stage1:fixed-policy,search_24,block_grouping,off:stage1:fixed-policy,10,16.3,15.4,-0.9,0.109375,2,6,2,same-checkpoint policy comparison; domain/VH-specific configuration,1,1,False,False,0.875,1,False,all52 historical and repaired contrasts together; other corrections supplemental
search_24:block_grouping:off:stage2:fixed-policy,search_24,block_grouping,off:stage2:fixed-policy,10,16.0,15.7,-0.3,0.5,1,3,6,same-checkpoint policy comparison; domain/VH-specific configuration,1,1,False,False,1,1,False,all52 historical and repaired contrasts together; other corrections supplemental
policy_stage_12:block_grouping:on:S2-S1,policy_stage_12,block_grouping,on:S2-S1,10,15.9,12.8,-3.1,0.015625,1,9,0,selected endpoint policy comparison; domain/VH-specific configuration,0.1875,0.703125,False,False,,0.703125,False,all52 historical and repaired contrasts together; other corrections supplemental
search_24:block_grouping:on:stage1:fixed-policy,search_24,block_grouping,on:stage1:fixed-policy,10,15.9,16.2,0.3,0.453125,5,2,3,same-checkpoint policy comparison; domain/VH-specific configuration,1,1,False,False,1,1,False,all52 historical and repaired contrasts together; other corrections supplemental
search_24:block_grouping:on:stage2:fixed-policy,search_24,block_grouping,on:stage2:fixed-policy,10,12.8,12.6,-0.2,0.8125,2,3,5,same-checkpoint policy comparison; domain/VH-specific configuration,1,1,False,False,1,1,False,all52 historical and repaired contrasts together; other corrections supplemental
VH_policy_12:block_grouping:stage1:on-off,VH_policy_12,block_grouping,stage1:on-off,10,16.3,15.9,-0.4,0.6328125,3,5,2,"same seed, independently trained VH modes; report chosen settings",1,1,False,False,,1,False,all52 historical and repaired contrasts together; other corrections supplemental
VH_policy_12:block_grouping:stage2:on-off,VH_policy_12,block_grouping,stage2:on-off,10,16.0,12.8,-3.2,0.005859375,1,9,0,"same seed, independently trained VH modes; report chosen settings",0.0703125,0.26953125,False,False,,0.26953125,False,all52 historical and repaired contrasts together; other corrections supplemental
policy_stage_12:counters:off:S2-S1,policy_stage_12,counters,off:S2-S1,10,32.5,36.9,4.4,0.66015625,6,4,0,selected endpoint policy comparison; domain/VH-specific configuration,1,1,False,False,,1,False,all52 historical and repaired contrasts together; other corrections supplemental
search_24:counters:off:stage1:fixed-policy,search_24,counters,off:stage1:fixed-policy,10,32.5,25.7,-6.8,0.25,4,3,3,same-checkpoint policy comparison; domain/VH-specific configuration,1,1,False,False,1,1,False,all52 historical and repaired contrasts together; other corrections supplemental
search_24:counters:off:stage2:fixed-policy,search_24,counters,off:stage2:fixed-policy,10,36.9,36.7,-0.2,0.96875,6,2,2,same-checkpoint policy comparison; domain/VH-specific configuration,1,1,False,False,1,1,False,all52 historical and repaired contrasts together; other corrections supplemental
policy_stage_12:counters:on:S2-S1,policy_stage_12,counters,on:S2-S1,10,18.6,21.8,3.2,0.5625,5,2,3,"historical teacher-confounded sensitivity, not a causal VH or corrected-lineage effect",1,1,False,False,,1,False,all52 historical and repaired contrasts together; other corrections supplemental
search_24:counters:on:stage1:fixed-policy,search_24,counters,on:stage1:fixed-policy,10,18.6,22.5,3.9,0.328125,8,1,1,"historical teacher-confounded sensitivity, not a causal VH or corrected-lineage effect",1,1,False,False,1,1,False,all52 historical and repaired contrasts together; other corrections supplemental
search_24:counters:on:stage2:fixed-policy,search_24,counters,on:stage2:fixed-policy,10,21.8,27.1,5.3,0.08203125,8,1,1,"historical teacher-confounded sensitivity, not a causal VH or corrected-lineage effect",1,1,False,False,0.65625,1,False,all52 historical and repaired contrasts together; other corrections supplemental
VH_policy_12:counters:stage1:on-off,VH_policy_12,counters,stage1:on-off,10,32.5,18.6,-13.9,0.015625,1,7,2,teacher-confounded historical sensitivity,0.171875,0.703125,False,False,,0.703125,False,all52 historical and repaired contrasts together; other corrections supplemental
VH_policy_12:counters:stage2:on-off,VH_policy_12,counters,stage2:on-off,10,36.9,21.8,-15.1,0.1640625,3,7,0,teacher-confounded historical sensitivity,1,1,False,False,,1,False,all52 historical and repaired contrasts together; other corrections supplemental
policy_stage_12:drone:off:S2-S1,policy_stage_12,drone,off:S2-S1,10,5.9,6.7,0.8,0.50390625,5,4,1,selected endpoint policy comparison; domain/VH-specific configuration,1,1,False,False,,1,False,all52 historical and repaired contrasts together; other corrections supplemental
search_24:drone:off:stage1:fixed-policy,search_24,drone,off:stage1:fixed-policy,10,5.9,6.9,1.0,0.07421875,7,2,1,same-checkpoint policy comparison; domain/VH-specific configuration,1,1,False,False,0.66796875,1,False,all52 historical and repaired contrasts together; other corrections supplemental
search_24:drone:off:stage2:fixed-policy,search_24,drone,off:stage2:fixed-policy,10,6.7,7.7,1.0,0.1953125,7,1,2,same-checkpoint policy comparison; domain/VH-specific configuration,1,1,False,False,1,1,False,all52 historical and repaired contrasts together; other corrections supplemental
policy_stage_12:drone:on:S2-S1,policy_stage_12,drone,on:S2-S1,10,5.1,5.0,-0.1,1.0,3,5,2,selected endpoint policy comparison; domain/VH-specific configuration,1,1,False,False,,1,False,all52 historical and repaired contrasts together; other corrections supplemental
search_24:drone:on:stage1:fixed-policy,search_24,drone,on:stage1:fixed-policy,10,5.1,10.4,5.3,0.001953125,10,0,0,same-checkpoint policy comparison; domain/VH-specific configuration,0.046875,0.1015625,True,False,0.0234375,0.1015625,False,all52 historical and repaired contrasts together; other corrections supplemental
search_24:drone:on:stage2:fixed-policy,search_24,drone,on:stage2:fixed-policy,10,5.0,11.2,6.2,0.001953125,10,0,0,same-checkpoint policy comparison; domain/VH-specific configuration,0.046875,0.1015625,True,False,0.0234375,0.1015625,False,all52 historical and repaired contrasts together; other corrections supplemental
VH_policy_12:drone:stage1:on-off,VH_policy_12,drone,stage1:on-off,10,5.9,5.1,-0.8,0.58203125,6,3,1,"same seed, independently trained VH modes; report chosen settings",1,1,False,False,,1,False,all52 historical and repaired contrasts together; other corrections supplemental
VH_policy_12:drone:stage2:on-off,VH_policy_12,drone,stage2:on-off,10,6.7,5.0,-1.7,0.2578125,3,7,0,"same seed, independently trained VH modes; report chosen settings",1,1,False,False,,1,False,all52 historical and repaired contrasts together; other corrections supplemental
policy_stage_12:fo_counters:off:S2-S1,policy_stage_12,fo_counters,off:S2-S1,10,4.2,2.9,-1.3,0.046875,1,6,3,selected endpoint policy comparison; domain/VH-specific configuration,0.515625,1,False,False,,1,False,all52 historical and repaired contrasts together; other corrections supplemental
search_24:fo_counters:off:stage1:fixed-policy,search_24,fo_counters,off:stage1:fixed-policy,10,4.2,7.8,3.6,0.00390625,9,0,1,same-checkpoint policy comparison; domain/VH-specific configuration,0.08203125,0.19140625,False,False,0.04296875,0.19140625,False,all52 historical and repaired contrasts together; other corrections supplemental
search_24:fo_counters:off:stage2:fixed-policy,search_24,fo_counters,off:stage2:fixed-policy,10,2.9,6.1,3.2,0.001953125,10,0,0,same-checkpoint policy comparison; domain/VH-specific configuration,0.046875,0.1015625,True,False,0.0234375,0.1015625,False,all52 historical and repaired contrasts together; other corrections supplemental
policy_stage_12:fo_counters:on:S2-S1,policy_stage_12,fo_counters,on:S2-S1,10,3.7,3.1,-0.6,0.25,2,4,4,selected endpoint policy comparison; domain/VH-specific configuration,1,1,False,False,,1,False,all52 historical and repaired contrasts together; other corrections supplemental
search_24:fo_counters:on:stage1:fixed-policy,search_24,fo_counters,on:stage1:fixed-policy,10,3.7,5.7,2.0,0.00390625,9,0,1,same-checkpoint policy comparison; domain/VH-specific configuration,0.08203125,0.19140625,False,False,0.0390625,0.19140625,False,all52 historical and repaired contrasts together; other corrections supplemental
search_24:fo_counters:on:stage2:fixed-policy,search_24,fo_counters,on:stage2:fixed-policy,10,3.1,5.4,2.3,0.00390625,9,0,1,same-checkpoint policy comparison; domain/VH-specific configuration,0.08203125,0.19140625,False,False,0.0390625,0.19140625,False,all52 historical and repaired contrasts together; other corrections supplemental
VH_policy_12:fo_counters:stage1:on-off,VH_policy_12,fo_counters,stage1:on-off,10,4.2,3.7,-0.5,0.408203125,4,6,0,"same seed, independently trained VH modes; report chosen settings",1,1,False,False,,1,False,all52 historical and repaired contrasts together; other corrections supplemental
VH_policy_12:fo_counters:stage2:on-off,VH_policy_12,fo_counters,stage2:on-off,10,2.9,3.1,0.2,0.875,3,5,2,"same seed, independently trained VH modes; report chosen settings",1,1,False,False,,1,False,all52 historical and repaired contrasts together; other corrections supplemental
policy_stage_12:mprime:off:S2-S1,policy_stage_12,mprime,off:S2-S1,10,16.3,16.5,0.2,0.9296875,4,4,2,"Corrected-validation Phase-B-A checkpoints; S1 original training-selector endpoint preserved separately, not mixed into primary stage/VH comparison",1,1,False,False,,1,False,all52 historical and repaired contrasts together; other corrections supplemental
search_24:mprime:off:stage1:fixed-policy,search_24,mprime,off:stage1:fixed-policy,10,16.3,15.7,-0.6,0.4453125,3,6,1,"Corrected-validation Phase-B-A checkpoints; S1 original training-selector endpoint preserved separately, not mixed into primary stage/VH comparison",1,1,False,False,1,1,False,all52 historical and repaired contrasts together; other corrections supplemental
search_24:mprime:off:stage2:fixed-policy,search_24,mprime,off:stage2:fixed-policy,10,16.5,16.6,0.1,1.0,5,4,1,"Corrected-validation Phase-B-A checkpoints; S1 original training-selector endpoint preserved separately, not mixed into primary stage/VH comparison",1,1,False,False,1,1,False,all52 historical and repaired contrasts together; other corrections supplemental
policy_stage_12:mprime:on:S2-S1,policy_stage_12,mprime,on:S2-S1,10,15.7,16.7,1.0,0.25390625,6,3,1,"Corrected-validation Phase-B-A checkpoints; S1 original training-selector endpoint preserved separately, not mixed into primary stage/VH comparison",1,1,False,False,,1,False,all52 historical and repaired contrasts together; other corrections supplemental
search_24:mprime:on:stage1:fixed-policy,search_24,mprime,on:stage1:fixed-policy,10,15.7,16,0.3,0.828125,5,4,1,"Corrected-validation Phase-B-A checkpoints; S1 original training-selector endpoint preserved separately, not mixed into primary stage/VH comparison",1,1,False,False,1,1,False,all52 historical and repaired contrasts together; other corrections supplemental
search_24:mprime:on:stage2:fixed-policy,search_24,mprime,on:stage2:fixed-policy,10,16.7,16,-0.7,0.4453125,3,7,0,"Corrected-validation Phase-B-A checkpoints; S1 original training-selector endpoint preserved separately, not mixed into primary stage/VH comparison",1,1,False,False,1,1,False,all52 historical and repaired contrasts together; other corrections supplemental
VH_policy_12:mprime:stage1:on-off,VH_policy_12,mprime,stage1:on-off,10,16.3,15.7,-0.6,0.630859375,4,6,0,"Corrected-validation Phase-B-A checkpoints; S1 original training-selector endpoint preserved separately, not mixed into primary stage/VH comparison",1,1,False,False,,1,False,all52 historical and repaired contrasts together; other corrections supplemental
VH_policy_12:mprime:stage2:on-off,VH_policy_12,mprime,stage2:on-off,10,16.5,16.7,0.2,0.90625,5,3,2,"Corrected-validation Phase-B-A checkpoints; S1 original training-selector endpoint preserved separately, not mixed into primary stage/VH comparison",1,1,False,False,,1,False,all52 historical and repaired contrasts together; other corrections supplemental
policy_stage_12:rover:off:S2-S1,policy_stage_12,rover,off:S2-S1,10,4.0,4.0,0.0,1.0,0,0,10,selected endpoint policy comparison; domain/VH-specific configuration,1,1,False,False,,1,False,all52 historical and repaired contrasts together; other corrections supplemental
search_24:rover:off:stage1:fixed-policy,search_24,rover,off:stage1:fixed-policy,10,4.0,5,1.0,0.03125,6,0,4,same-checkpoint policy comparison; domain/VH-specific configuration,0.5625,1,False,False,0.3125,1,False,all52 historical and repaired contrasts together; other corrections supplemental
search_24:rover:off:stage2:fixed-policy,search_24,rover,off:stage2:fixed-policy,10,4.0,4.5,0.5,0.125,4,0,6,same-checkpoint policy comparison; domain/VH-specific configuration,1,1,False,False,0.875,1,False,all52 historical and repaired contrasts together; other corrections supplemental
policy_stage_12:rover:on:S2-S1,policy_stage_12,rover,on:S2-S1,10,3.8,3.9,0.1,1.0,2,1,7,selected endpoint policy comparison; domain/VH-specific configuration,1,1,False,False,,1,False,all52 historical and repaired contrasts together; other corrections supplemental
search_24:rover:on:stage1:fixed-policy,search_24,rover,on:stage1:fixed-policy,10,3.8,4.4,0.6,0.125,4,0,6,same-checkpoint policy comparison; domain/VH-specific configuration,1,1,False,False,0.875,1,False,all52 historical and repaired contrasts together; other corrections supplemental
search_24:rover:on:stage2:fixed-policy,search_24,rover,on:stage2:fixed-policy,10,3.9,4.5,0.6,0.15625,5,1,4,same-checkpoint policy comparison; domain/VH-specific configuration,1,1,False,False,0.9375,1,False,all52 historical and repaired contrasts together; other corrections supplemental
VH_policy_12:rover:stage1:on-off,VH_policy_12,rover,stage1:on-off,10,4.0,3.8,-0.2,1.0,0,1,9,"same seed, independently trained VH modes; report chosen settings",1,1,False,False,,1,False,all52 historical and repaired contrasts together; other corrections supplemental
VH_policy_12:rover:stage2:on-off,VH_policy_12,rover,stage2:on-off,10,4.0,3.9,-0.1,1.0,2,1,7,"same seed, independently trained VH modes; report chosen settings",1,1,False,False,,1,False,all52 historical and repaired contrasts together; other corrections supplemental
repaired_Counters_4:counters_repaired:on:S2-S1,repaired_Counters_4,counters_repaired,on:S2-S1,10,44.2,33.5,-10.7,0.25,4,3,3,teacher-correct repaired population; anchor10; training checkpoint selection audited,0.71484375,1,False,False,,1,False,all52 historical and repaired contrasts together; other corrections supplemental
repaired_Counters_4:counters_repaired:on:stage1:fixed-policy,repaired_Counters_4,counters_repaired,on:stage1:fixed-policy,10,44.2,21.1,-23.1,0.015625,3,7,0,same checkpoint paired intended HMRP narrow5x20; full590/590,0.0625,0.703125,False,False,,0.703125,False,all52 historical and repaired contrasts together; other corrections supplemental
repaired_Counters_4:counters_repaired:stage1:on-off,repaired_Counters_4,counters_repaired,stage1:on-off,10,32.5,44.2,11.7,0.23828125,5,4,1,"teacher-correct VH-on versus historical teacher-correct VH-off; different trained configurations, not leaf-only effect",0.71484375,1,False,False,,1,False,all52 historical and repaired contrasts together; other corrections supplemental
repaired_Counters_4:counters_repaired:stage2:on-off,repaired_Counters_4,counters_repaired,stage2:on-off,10,36.9,33.5,-3.4,0.71875,3,6,1,"teacher-correct VH-on versus historical teacher-correct VH-off; different trained configurations, not leaf-only effect",0.71875,1,False,False,,1,False,all52 historical and repaired contrasts together; other corrections supplemental
