test_id,seed,baseline,comparison,difference
policy_stage_12:block_grouping:off:S2-S1,1073581256,15.0,17.0,2.0
policy_stage_12:block_grouping:off:S2-S1,1239739722,17.0,17.0,0.0
policy_stage_12:block_grouping:off:S2-S1,1472491096,15.0,15.0,0.0
policy_stage_12:block_grouping:off:S2-S1,1510771779,18.0,17.0,-1.0
policy_stage_12:block_grouping:off:S2-S1,1963100312,18.0,15.0,-3.0
policy_stage_12:block_grouping:off:S2-S1,1972442430,17.0,17.0,0.0
policy_stage_12:block_grouping:off:S2-S1,2011206605,15.0,15.0,0.0
policy_stage_12:block_grouping:off:S2-S1,2082152039,15.0,15.0,0.0
policy_stage_12:block_grouping:off:S2-S1,534933607,17.0,17.0,0.0
policy_stage_12:block_grouping:off:S2-S1,923500475,16.0,15.0,-1.0
search_24:block_grouping:off:stage1:fixed-policy,1073581256,15.0,15,0.0
search_24:block_grouping:off:stage1:fixed-policy,1239739722,17.0,15,-2.0
search_24:block_grouping:off:stage1:fixed-policy,1472491096,15.0,16,1.0
search_24:block_grouping:off:stage1:fixed-policy,1510771779,18.0,16,-2.0
search_24:block_grouping:off:stage1:fixed-policy,1963100312,18.0,15,-3.0
search_24:block_grouping:off:stage1:fixed-policy,1972442430,17.0,16,-1.0
search_24:block_grouping:off:stage1:fixed-policy,2011206605,15.0,15,0.0
search_24:block_grouping:off:stage1:fixed-policy,2082152039,15.0,16,1.0
search_24:block_grouping:off:stage1:fixed-policy,534933607,17.0,16,-1.0
search_24:block_grouping:off:stage1:fixed-policy,923500475,16.0,14,-2.0
search_24:block_grouping:off:stage2:fixed-policy,1073581256,17.0,17,0.0
search_24:block_grouping:off:stage2:fixed-policy,1239739722,17.0,17,0.0
search_24:block_grouping:off:stage2:fixed-policy,1472491096,15.0,16,1.0
search_24:block_grouping:off:stage2:fixed-policy,1510771779,17.0,17,0.0
search_24:block_grouping:off:stage2:fixed-policy,1963100312,15.0,15,0.0
search_24:block_grouping:off:stage2:fixed-policy,1972442430,17.0,15,-2.0
search_24:block_grouping:off:stage2:fixed-policy,2011206605,15.0,14,-1.0
search_24:block_grouping:off:stage2:fixed-policy,2082152039,15.0,15,0.0
search_24:block_grouping:off:stage2:fixed-policy,534933607,17.0,16,-1.0
search_24:block_grouping:off:stage2:fixed-policy,923500475,15.0,15,0.0
policy_stage_12:block_grouping:on:S2-S1,1073581256,14.0,13.0,-1.0
policy_stage_12:block_grouping:on:S2-S1,1239739722,13.0,16.0,3.0
policy_stage_12:block_grouping:on:S2-S1,1472491096,17.0,16.0,-1.0
policy_stage_12:block_grouping:on:S2-S1,1510771779,17.0,14.0,-3.0
policy_stage_12:block_grouping:on:S2-S1,1963100312,17.0,11.0,-6.0
policy_stage_12:block_grouping:on:S2-S1,1972442430,15.0,12.0,-3.0
policy_stage_12:block_grouping:on:S2-S1,2011206605,17.0,12.0,-5.0
policy_stage_12:block_grouping:on:S2-S1,2082152039,15.0,12.0,-3.0
policy_stage_12:block_grouping:on:S2-S1,534933607,17.0,11.0,-6.0
policy_stage_12:block_grouping:on:S2-S1,923500475,17.0,11.0,-6.0
search_24:block_grouping:on:stage1:fixed-policy,1073581256,14.0,15,1.0
search_24:block_grouping:on:stage1:fixed-policy,1239739722,13.0,14,1.0
search_24:block_grouping:on:stage1:fixed-policy,1472491096,17.0,17,0.0
search_24:block_grouping:on:stage1:fixed-policy,1510771779,17.0,16,-1.0
search_24:block_grouping:on:stage1:fixed-policy,1963100312,17.0,17,0.0
search_24:block_grouping:on:stage1:fixed-policy,1972442430,15.0,16,1.0
search_24:block_grouping:on:stage1:fixed-policy,2011206605,17.0,17,0.0
search_24:block_grouping:on:stage1:fixed-policy,2082152039,15.0,16,1.0
search_24:block_grouping:on:stage1:fixed-policy,534933607,17.0,16,-1.0
search_24:block_grouping:on:stage1:fixed-policy,923500475,17.0,18,1.0
search_24:block_grouping:on:stage2:fixed-policy,1073581256,13.0,14,1.0
search_24:block_grouping:on:stage2:fixed-policy,1239739722,16.0,14,-2.0
search_24:block_grouping:on:stage2:fixed-policy,1472491096,16.0,16,0.0
search_24:block_grouping:on:stage2:fixed-policy,1510771779,14.0,14,0.0
search_24:block_grouping:on:stage2:fixed-policy,1963100312,11.0,11,0.0
search_24:block_grouping:on:stage2:fixed-policy,1972442430,12.0,10,-2.0
search_24:block_grouping:on:stage2:fixed-policy,2011206605,12.0,11,-1.0
search_24:block_grouping:on:stage2:fixed-policy,2082152039,12.0,12,0.0
search_24:block_grouping:on:stage2:fixed-policy,534933607,11.0,13,2.0
search_24:block_grouping:on:stage2:fixed-policy,923500475,11.0,11,0.0
VH_policy_12:block_grouping:stage1:on-off,1073581256,15.0,14.0,-1.0
VH_policy_12:block_grouping:stage1:on-off,1239739722,17.0,13.0,-4.0
VH_policy_12:block_grouping:stage1:on-off,1472491096,15.0,17.0,2.0
VH_policy_12:block_grouping:stage1:on-off,1510771779,18.0,17.0,-1.0
VH_policy_12:block_grouping:stage1:on-off,1963100312,18.0,17.0,-1.0
VH_policy_12:block_grouping:stage1:on-off,1972442430,17.0,15.0,-2.0
VH_policy_12:block_grouping:stage1:on-off,2011206605,15.0,17.0,2.0
VH_policy_12:block_grouping:stage1:on-off,2082152039,15.0,15.0,0.0
VH_policy_12:block_grouping:stage1:on-off,534933607,17.0,17.0,0.0
VH_policy_12:block_grouping:stage1:on-off,923500475,16.0,17.0,1.0
VH_policy_12:block_grouping:stage2:on-off,1073581256,17.0,13.0,-4.0
VH_policy_12:block_grouping:stage2:on-off,1239739722,17.0,16.0,-1.0
VH_policy_12:block_grouping:stage2:on-off,1472491096,15.0,16.0,1.0
VH_policy_12:block_grouping:stage2:on-off,1510771779,17.0,14.0,-3.0
VH_policy_12:block_grouping:stage2:on-off,1963100312,15.0,11.0,-4.0
VH_policy_12:block_grouping:stage2:on-off,1972442430,17.0,12.0,-5.0
VH_policy_12:block_grouping:stage2:on-off,2011206605,15.0,12.0,-3.0
VH_policy_12:block_grouping:stage2:on-off,2082152039,15.0,12.0,-3.0
VH_policy_12:block_grouping:stage2:on-off,534933607,17.0,11.0,-6.0
VH_policy_12:block_grouping:stage2:on-off,923500475,15.0,11.0,-4.0
policy_stage_12:counters:off:S2-S1,1073581256,59.0,53.0,-6.0
policy_stage_12:counters:off:S2-S1,1239739722,17.0,21.0,4.0
policy_stage_12:counters:off:S2-S1,1472491096,38.0,18.0,-20.0
policy_stage_12:counters:off:S2-S1,1510771779,10.0,45.0,35.0
policy_stage_12:counters:off:S2-S1,1963100312,17.0,59.0,42.0
policy_stage_12:counters:off:S2-S1,1972442430,12.0,37.0,25.0
policy_stage_12:counters:off:S2-S1,2011206605,19.0,39.0,20.0
policy_stage_12:counters:off:S2-S1,2082152039,35.0,59.0,24.0
policy_stage_12:counters:off:S2-S1,534933607,59.0,6.0,-53.0
policy_stage_12:counters:off:S2-S1,923500475,59.0,32.0,-27.0
search_24:counters:off:stage1:fixed-policy,1073581256,59.0,59,0.0
search_24:counters:off:stage1:fixed-policy,1239739722,17.0,17,0.0
search_24:counters:off:stage1:fixed-policy,1472491096,38.0,38,0.0
search_24:counters:off:stage1:fixed-policy,1510771779,10.0,17,7.0
search_24:counters:off:stage1:fixed-policy,1963100312,17.0,22,5.0
search_24:counters:off:stage1:fixed-policy,1972442430,12.0,13,1.0
search_24:counters:off:stage1:fixed-policy,2011206605,19.0,21,2.0
search_24:counters:off:stage1:fixed-policy,2082152039,35.0,18,-17.0
search_24:counters:off:stage1:fixed-policy,534933607,59.0,23,-36.0
search_24:counters:off:stage1:fixed-policy,923500475,59.0,29,-30.0
search_24:counters:off:stage2:fixed-policy,1073581256,53.0,51,-2.0
search_24:counters:off:stage2:fixed-policy,1239739722,21.0,22,1.0
search_24:counters:off:stage2:fixed-policy,1472491096,18.0,18,0.0
search_24:counters:off:stage2:fixed-policy,1510771779,45.0,48,3.0
search_24:counters:off:stage2:fixed-policy,1963100312,59.0,49,-10.0
search_24:counters:off:stage2:fixed-policy,1972442430,37.0,38,1.0
search_24:counters:off:stage2:fixed-policy,2011206605,39.0,40,1.0
search_24:counters:off:stage2:fixed-policy,2082152039,59.0,59,0.0
search_24:counters:off:stage2:fixed-policy,534933607,6.0,9,3.0
search_24:counters:off:stage2:fixed-policy,923500475,32.0,33,1.0
policy_stage_12:counters:on:S2-S1,1073581256,59.0,55.0,-4.0
policy_stage_12:counters:on:S2-S1,1239739722,8.0,14.0,6.0
policy_stage_12:counters:on:S2-S1,1472491096,20.0,3.0,-17.0
policy_stage_12:counters:on:S2-S1,1510771779,3.0,4.0,1.0
policy_stage_12:counters:on:S2-S1,1963100312,3.0,3.0,0.0
policy_stage_12:counters:on:S2-S1,1972442430,15.0,23.0,8.0
policy_stage_12:counters:on:S2-S1,2011206605,7.0,7.0,0.0
policy_stage_12:counters:on:S2-S1,2082152039,9.0,12.0,3.0
policy_stage_12:counters:on:S2-S1,534933607,59.0,59.0,0.0
policy_stage_12:counters:on:S2-S1,923500475,3.0,38.0,35.0
search_24:counters:on:stage1:fixed-policy,1073581256,59.0,33,-26.0
search_24:counters:on:stage1:fixed-policy,1239739722,8.0,16,8.0
search_24:counters:on:stage1:fixed-policy,1472491096,20.0,26,6.0
search_24:counters:on:stage1:fixed-policy,1510771779,3.0,17,14.0
search_24:counters:on:stage1:fixed-policy,1963100312,3.0,13,10.0
search_24:counters:on:stage1:fixed-policy,1972442430,15.0,16,1.0
search_24:counters:on:stage1:fixed-policy,2011206605,7.0,14,7.0
search_24:counters:on:stage1:fixed-policy,2082152039,9.0,14,5.0
search_24:counters:on:stage1:fixed-policy,534933607,59.0,59,0.0
search_24:counters:on:stage1:fixed-policy,923500475,3.0,17,14.0
search_24:counters:on:stage2:fixed-policy,1073581256,55.0,56,1.0
search_24:counters:on:stage2:fixed-policy,1239739722,14.0,21,7.0
search_24:counters:on:stage2:fixed-policy,1472491096,3.0,7,4.0
search_24:counters:on:stage2:fixed-policy,1510771779,4.0,22,18.0
search_24:counters:on:stage2:fixed-policy,1963100312,3.0,21,18.0
search_24:counters:on:stage2:fixed-policy,1972442430,23.0,24,1.0
search_24:counters:on:stage2:fixed-policy,2011206605,7.0,14,7.0
search_24:counters:on:stage2:fixed-policy,2082152039,12.0,19,7.0
search_24:counters:on:stage2:fixed-policy,534933607,59.0,59,0.0
search_24:counters:on:stage2:fixed-policy,923500475,38.0,28,-10.0
VH_policy_12:counters:stage1:on-off,1073581256,59.0,59.0,0.0
VH_policy_12:counters:stage1:on-off,1239739722,17.0,8.0,-9.0
VH_policy_12:counters:stage1:on-off,1472491096,38.0,20.0,-18.0
VH_policy_12:counters:stage1:on-off,1510771779,10.0,3.0,-7.0
VH_policy_12:counters:stage1:on-off,1963100312,17.0,3.0,-14.0
VH_policy_12:counters:stage1:on-off,1972442430,12.0,15.0,3.0
VH_policy_12:counters:stage1:on-off,2011206605,19.0,7.0,-12.0
VH_policy_12:counters:stage1:on-off,2082152039,35.0,9.0,-26.0
VH_policy_12:counters:stage1:on-off,534933607,59.0,59.0,0.0
VH_policy_12:counters:stage1:on-off,923500475,59.0,3.0,-56.0
VH_policy_12:counters:stage2:on-off,1073581256,53.0,55.0,2.0
VH_policy_12:counters:stage2:on-off,1239739722,21.0,14.0,-7.0
VH_policy_12:counters:stage2:on-off,1472491096,18.0,3.0,-15.0
VH_policy_12:counters:stage2:on-off,1510771779,45.0,4.0,-41.0
VH_policy_12:counters:stage2:on-off,1963100312,59.0,3.0,-56.0
VH_policy_12:counters:stage2:on-off,1972442430,37.0,23.0,-14.0
VH_policy_12:counters:stage2:on-off,2011206605,39.0,7.0,-32.0
VH_policy_12:counters:stage2:on-off,2082152039,59.0,12.0,-47.0
VH_policy_12:counters:stage2:on-off,534933607,6.0,59.0,53.0
VH_policy_12:counters:stage2:on-off,923500475,32.0,38.0,6.0
policy_stage_12:drone:off:S2-S1,1073581256,5.0,12.0,7.0
policy_stage_12:drone:off:S2-S1,1239739722,5.0,4.0,-1.0
policy_stage_12:drone:off:S2-S1,1472491096,10.0,12.0,2.0
policy_stage_12:drone:off:S2-S1,1510771779,3.0,3.0,0.0
policy_stage_12:drone:off:S2-S1,1963100312,11.0,9.0,-2.0
policy_stage_12:drone:off:S2-S1,1972442430,3.0,6.0,3.0
policy_stage_12:drone:off:S2-S1,2011206605,5.0,4.0,-1.0
policy_stage_12:drone:off:S2-S1,2082152039,4.0,6.0,2.0
policy_stage_12:drone:off:S2-S1,534933607,11.0,8.0,-3.0
policy_stage_12:drone:off:S2-S1,923500475,2.0,3.0,1.0
search_24:drone:off:stage1:fixed-policy,1073581256,5.0,6,1.0
search_24:drone:off:stage1:fixed-policy,1239739722,5.0,8,3.0
search_24:drone:off:stage1:fixed-policy,1472491096,10.0,11,1.0
search_24:drone:off:stage1:fixed-policy,1510771779,3.0,5,2.0
search_24:drone:off:stage1:fixed-policy,1963100312,11.0,10,-1.0
search_24:drone:off:stage1:fixed-policy,1972442430,3.0,4,1.0
search_24:drone:off:stage1:fixed-policy,2011206605,5.0,7,2.0
search_24:drone:off:stage1:fixed-policy,2082152039,4.0,6,2.0
search_24:drone:off:stage1:fixed-policy,534933607,11.0,10,-1.0
search_24:drone:off:stage1:fixed-policy,923500475,2.0,2,0.0
search_24:drone:off:stage2:fixed-policy,1073581256,12.0,8,-4.0
search_24:drone:off:stage2:fixed-policy,1239739722,4.0,6,2.0
search_24:drone:off:stage2:fixed-policy,1472491096,12.0,13,1.0
search_24:drone:off:stage2:fixed-policy,1510771779,3.0,5,2.0
search_24:drone:off:stage2:fixed-policy,1963100312,9.0,9,0.0
search_24:drone:off:stage2:fixed-policy,1972442430,6.0,8,2.0
search_24:drone:off:stage2:fixed-policy,2011206605,4.0,6,2.0
search_24:drone:off:stage2:fixed-policy,2082152039,6.0,8,2.0
search_24:drone:off:stage2:fixed-policy,534933607,8.0,11,3.0
search_24:drone:off:stage2:fixed-policy,923500475,3.0,3,0.0
policy_stage_12:drone:on:S2-S1,1073581256,7.0,10.0,3.0
policy_stage_12:drone:on:S2-S1,1239739722,3.0,3.0,0.0
policy_stage_12:drone:on:S2-S1,1472491096,4.0,3.0,-1.0
policy_stage_12:drone:on:S2-S1,1510771779,5.0,4.0,-1.0
policy_stage_12:drone:on:S2-S1,1963100312,2.0,2.0,0.0
policy_stage_12:drone:on:S2-S1,1972442430,4.0,3.0,-1.0
policy_stage_12:drone:on:S2-S1,2011206605,6.0,3.0,-3.0
policy_stage_12:drone:on:S2-S1,2082152039,5.0,4.0,-1.0
policy_stage_12:drone:on:S2-S1,534933607,11.0,12.0,1.0
policy_stage_12:drone:on:S2-S1,923500475,4.0,6.0,2.0
search_24:drone:on:stage1:fixed-policy,1073581256,7.0,16,9.0
search_24:drone:on:stage1:fixed-policy,1239739722,3.0,6,3.0
search_24:drone:on:stage1:fixed-policy,1472491096,4.0,11,7.0
search_24:drone:on:stage1:fixed-policy,1510771779,5.0,10,5.0
search_24:drone:on:stage1:fixed-policy,1963100312,2.0,3,1.0
search_24:drone:on:stage1:fixed-policy,1972442430,4.0,12,8.0
search_24:drone:on:stage1:fixed-policy,2011206605,6.0,8,2.0
search_24:drone:on:stage1:fixed-policy,2082152039,5.0,11,6.0
search_24:drone:on:stage1:fixed-policy,534933607,11.0,16,5.0
search_24:drone:on:stage1:fixed-policy,923500475,4.0,11,7.0
search_24:drone:on:stage2:fixed-policy,1073581256,10.0,14,4.0
search_24:drone:on:stage2:fixed-policy,1239739722,3.0,9,6.0
search_24:drone:on:stage2:fixed-policy,1472491096,3.0,10,7.0
search_24:drone:on:stage2:fixed-policy,1510771779,4.0,9,5.0
search_24:drone:on:stage2:fixed-policy,1963100312,2.0,4,2.0
search_24:drone:on:stage2:fixed-policy,1972442430,3.0,13,10.0
search_24:drone:on:stage2:fixed-policy,2011206605,3.0,9,6.0
search_24:drone:on:stage2:fixed-policy,2082152039,4.0,14,10.0
search_24:drone:on:stage2:fixed-policy,534933607,12.0,16,4.0
search_24:drone:on:stage2:fixed-policy,923500475,6.0,14,8.0
VH_policy_12:drone:stage1:on-off,1073581256,5.0,7.0,2.0
VH_policy_12:drone:stage1:on-off,1239739722,5.0,3.0,-2.0
VH_policy_12:drone:stage1:on-off,1472491096,10.0,4.0,-6.0
VH_policy_12:drone:stage1:on-off,1510771779,3.0,5.0,2.0
VH_policy_12:drone:stage1:on-off,1963100312,11.0,2.0,-9.0
VH_policy_12:drone:stage1:on-off,1972442430,3.0,4.0,1.0
VH_policy_12:drone:stage1:on-off,2011206605,5.0,6.0,1.0
VH_policy_12:drone:stage1:on-off,2082152039,4.0,5.0,1.0
VH_policy_12:drone:stage1:on-off,534933607,11.0,11.0,0.0
VH_policy_12:drone:stage1:on-off,923500475,2.0,4.0,2.0
VH_policy_12:drone:stage2:on-off,1073581256,12.0,10.0,-2.0
VH_policy_12:drone:stage2:on-off,1239739722,4.0,3.0,-1.0
VH_policy_12:drone:stage2:on-off,1472491096,12.0,3.0,-9.0
VH_policy_12:drone:stage2:on-off,1510771779,3.0,4.0,1.0
VH_policy_12:drone:stage2:on-off,1963100312,9.0,2.0,-7.0
VH_policy_12:drone:stage2:on-off,1972442430,6.0,3.0,-3.0
VH_policy_12:drone:stage2:on-off,2011206605,4.0,3.0,-1.0
VH_policy_12:drone:stage2:on-off,2082152039,6.0,4.0,-2.0
VH_policy_12:drone:stage2:on-off,534933607,8.0,12.0,4.0
VH_policy_12:drone:stage2:on-off,923500475,3.0,6.0,3.0
policy_stage_12:fo_counters:off:S2-S1,1073581256,3.0,2.0,-1.0
policy_stage_12:fo_counters:off:S2-S1,1239739722,6.0,3.0,-3.0
policy_stage_12:fo_counters:off:S2-S1,1472491096,4.0,4.0,0.0
policy_stage_12:fo_counters:off:S2-S1,1510771779,5.0,2.0,-3.0
policy_stage_12:fo_counters:off:S2-S1,1963100312,3.0,3.0,0.0
policy_stage_12:fo_counters:off:S2-S1,1972442430,4.0,2.0,-2.0
policy_stage_12:fo_counters:off:S2-S1,2011206605,4.0,5.0,1.0
policy_stage_12:fo_counters:off:S2-S1,2082152039,5.0,3.0,-2.0
policy_stage_12:fo_counters:off:S2-S1,534933607,4.0,4.0,0.0
policy_stage_12:fo_counters:off:S2-S1,923500475,4.0,1.0,-3.0
search_24:fo_counters:off:stage1:fixed-policy,1073581256,3.0,7,4.0
search_24:fo_counters:off:stage1:fixed-policy,1239739722,6.0,7,1.0
search_24:fo_counters:off:stage1:fixed-policy,1472491096,4.0,7,3.0
search_24:fo_counters:off:stage1:fixed-policy,1510771779,5.0,5,0.0
search_24:fo_counters:off:stage1:fixed-policy,1963100312,3.0,9,6.0
search_24:fo_counters:off:stage1:fixed-policy,1972442430,4.0,8,4.0
search_24:fo_counters:off:stage1:fixed-policy,2011206605,4.0,10,6.0
search_24:fo_counters:off:stage1:fixed-policy,2082152039,5.0,8,3.0
search_24:fo_counters:off:stage1:fixed-policy,534933607,4.0,8,4.0
search_24:fo_counters:off:stage1:fixed-policy,923500475,4.0,9,5.0
search_24:fo_counters:off:stage2:fixed-policy,1073581256,2.0,5,3.0
search_24:fo_counters:off:stage2:fixed-policy,1239739722,3.0,4,1.0
search_24:fo_counters:off:stage2:fixed-policy,1472491096,4.0,6,2.0
search_24:fo_counters:off:stage2:fixed-policy,1510771779,2.0,6,4.0
search_24:fo_counters:off:stage2:fixed-policy,1963100312,3.0,4,1.0
search_24:fo_counters:off:stage2:fixed-policy,1972442430,2.0,6,4.0
search_24:fo_counters:off:stage2:fixed-policy,2011206605,5.0,11,6.0
search_24:fo_counters:off:stage2:fixed-policy,2082152039,3.0,5,2.0
search_24:fo_counters:off:stage2:fixed-policy,534933607,4.0,6,2.0
search_24:fo_counters:off:stage2:fixed-policy,923500475,1.0,8,7.0
policy_stage_12:fo_counters:on:S2-S1,1073581256,4.0,4.0,0.0
policy_stage_12:fo_counters:on:S2-S1,1239739722,5.0,3.0,-2.0
policy_stage_12:fo_counters:on:S2-S1,1472491096,3.0,3.0,0.0
policy_stage_12:fo_counters:on:S2-S1,1510771779,6.0,4.0,-2.0
policy_stage_12:fo_counters:on:S2-S1,1963100312,4.0,2.0,-2.0
policy_stage_12:fo_counters:on:S2-S1,1972442430,5.0,6.0,1.0
policy_stage_12:fo_counters:on:S2-S1,2011206605,3.0,4.0,1.0
policy_stage_12:fo_counters:on:S2-S1,2082152039,2.0,2.0,0.0
policy_stage_12:fo_counters:on:S2-S1,534933607,2.0,2.0,0.0
policy_stage_12:fo_counters:on:S2-S1,923500475,3.0,1.0,-2.0
search_24:fo_counters:on:stage1:fixed-policy,1073581256,4.0,4,0.0
search_24:fo_counters:on:stage1:fixed-policy,1239739722,5.0,6,1.0
search_24:fo_counters:on:stage1:fixed-policy,1472491096,3.0,5,2.0
search_24:fo_counters:on:stage1:fixed-policy,1510771779,6.0,9,3.0
search_24:fo_counters:on:stage1:fixed-policy,1963100312,4.0,8,4.0
search_24:fo_counters:on:stage1:fixed-policy,1972442430,5.0,7,2.0
search_24:fo_counters:on:stage1:fixed-policy,2011206605,3.0,7,4.0
search_24:fo_counters:on:stage1:fixed-policy,2082152039,2.0,3,1.0
search_24:fo_counters:on:stage1:fixed-policy,534933607,2.0,4,2.0
search_24:fo_counters:on:stage1:fixed-policy,923500475,3.0,4,1.0
search_24:fo_counters:on:stage2:fixed-policy,1073581256,4.0,6,2.0
search_24:fo_counters:on:stage2:fixed-policy,1239739722,3.0,6,3.0
search_24:fo_counters:on:stage2:fixed-policy,1472491096,3.0,5,2.0
search_24:fo_counters:on:stage2:fixed-policy,1510771779,4.0,5,1.0
search_24:fo_counters:on:stage2:fixed-policy,1963100312,2.0,3,1.0
search_24:fo_counters:on:stage2:fixed-policy,1972442430,6.0,9,3.0
search_24:fo_counters:on:stage2:fixed-policy,2011206605,4.0,6,2.0
search_24:fo_counters:on:stage2:fixed-policy,2082152039,2.0,2,0.0
search_24:fo_counters:on:stage2:fixed-policy,534933607,2.0,6,4.0
search_24:fo_counters:on:stage2:fixed-policy,923500475,1.0,6,5.0
VH_policy_12:fo_counters:stage1:on-off,1073581256,3.0,4.0,1.0
VH_policy_12:fo_counters:stage1:on-off,1239739722,6.0,5.0,-1.0
VH_policy_12:fo_counters:stage1:on-off,1472491096,4.0,3.0,-1.0
VH_policy_12:fo_counters:stage1:on-off,1510771779,5.0,6.0,1.0
VH_policy_12:fo_counters:stage1:on-off,1963100312,3.0,4.0,1.0
VH_policy_12:fo_counters:stage1:on-off,1972442430,4.0,5.0,1.0
VH_policy_12:fo_counters:stage1:on-off,2011206605,4.0,3.0,-1.0
VH_policy_12:fo_counters:stage1:on-off,2082152039,5.0,2.0,-3.0
VH_policy_12:fo_counters:stage1:on-off,534933607,4.0,2.0,-2.0
VH_policy_12:fo_counters:stage1:on-off,923500475,4.0,3.0,-1.0
VH_policy_12:fo_counters:stage2:on-off,1073581256,2.0,4.0,2.0
VH_policy_12:fo_counters:stage2:on-off,1239739722,3.0,3.0,0.0
VH_policy_12:fo_counters:stage2:on-off,1472491096,4.0,3.0,-1.0
VH_policy_12:fo_counters:stage2:on-off,1510771779,2.0,4.0,2.0
VH_policy_12:fo_counters:stage2:on-off,1963100312,3.0,2.0,-1.0
VH_policy_12:fo_counters:stage2:on-off,1972442430,2.0,6.0,4.0
VH_policy_12:fo_counters:stage2:on-off,2011206605,5.0,4.0,-1.0
VH_policy_12:fo_counters:stage2:on-off,2082152039,3.0,2.0,-1.0
VH_policy_12:fo_counters:stage2:on-off,534933607,4.0,2.0,-2.0
VH_policy_12:fo_counters:stage2:on-off,923500475,1.0,1.0,0.0
policy_stage_12:mprime:off:S2-S1,1073581256,18.0,14.0,-4.0
policy_stage_12:mprime:off:S2-S1,1239739722,18.0,14.0,-4.0
policy_stage_12:mprime:off:S2-S1,1472491096,14.0,15.0,1.0
policy_stage_12:mprime:off:S2-S1,1510771779,15.0,20.0,5.0
policy_stage_12:mprime:off:S2-S1,1963100312,20.0,20.0,0.0
policy_stage_12:mprime:off:S2-S1,1972442430,18.0,17.0,-1.0
policy_stage_12:mprime:off:S2-S1,2011206605,13.0,16.0,3.0
policy_stage_12:mprime:off:S2-S1,2082152039,15.0,15.0,0.0
policy_stage_12:mprime:off:S2-S1,534933607,15.0,18.0,3.0
policy_stage_12:mprime:off:S2-S1,923500475,17.0,16.0,-1.0
search_24:mprime:off:stage1:fixed-policy,1073581256,18.0,14,-4.0
search_24:mprime:off:stage1:fixed-policy,1239739722,18.0,16,-2.0
search_24:mprime:off:stage1:fixed-policy,1472491096,14.0,15,1.0
search_24:mprime:off:stage1:fixed-policy,1510771779,15.0,15,0.0
search_24:mprime:off:stage1:fixed-policy,1963100312,20.0,18,-2.0
search_24:mprime:off:stage1:fixed-policy,1972442430,18.0,17,-1.0
search_24:mprime:off:stage1:fixed-policy,2011206605,13.0,16,3.0
search_24:mprime:off:stage1:fixed-policy,2082152039,15.0,16,1.0
search_24:mprime:off:stage1:fixed-policy,534933607,15.0,14,-1.0
search_24:mprime:off:stage1:fixed-policy,923500475,17.0,16,-1.0
search_24:mprime:off:stage2:fixed-policy,1073581256,14.0,17,3.0
search_24:mprime:off:stage2:fixed-policy,1239739722,14.0,16,2.0
search_24:mprime:off:stage2:fixed-policy,1472491096,15.0,16,1.0
search_24:mprime:off:stage2:fixed-policy,1510771779,20.0,18,-2.0
search_24:mprime:off:stage2:fixed-policy,1963100312,20.0,16,-4.0
search_24:mprime:off:stage2:fixed-policy,1972442430,17.0,16,-1.0
search_24:mprime:off:stage2:fixed-policy,2011206605,16.0,16,0.0
search_24:mprime:off:stage2:fixed-policy,2082152039,15.0,18,3.0
search_24:mprime:off:stage2:fixed-policy,534933607,18.0,19,1.0
search_24:mprime:off:stage2:fixed-policy,923500475,16.0,14,-2.0
policy_stage_12:mprime:on:S2-S1,1073581256,12.0,13.0,1.0
policy_stage_12:mprime:on:S2-S1,1239739722,16.0,15.0,-1.0
policy_stage_12:mprime:on:S2-S1,1472491096,18.0,17.0,-1.0
policy_stage_12:mprime:on:S2-S1,1510771779,17.0,17.0,0.0
policy_stage_12:mprime:on:S2-S1,1963100312,17.0,15.0,-2.0
policy_stage_12:mprime:on:S2-S1,1972442430,17.0,18.0,1.0
policy_stage_12:mprime:on:S2-S1,2011206605,16.0,20.0,4.0
policy_stage_12:mprime:on:S2-S1,2082152039,13.0,18.0,5.0
policy_stage_12:mprime:on:S2-S1,534933607,17.0,18.0,1.0
policy_stage_12:mprime:on:S2-S1,923500475,14.0,16.0,2.0
search_24:mprime:on:stage1:fixed-policy,1073581256,12.0,18,6.0
search_24:mprime:on:stage1:fixed-policy,1239739722,16.0,17,1.0
search_24:mprime:on:stage1:fixed-policy,1472491096,18.0,15,-3.0
search_24:mprime:on:stage1:fixed-policy,1510771779,17.0,15,-2.0
search_24:mprime:on:stage1:fixed-policy,1963100312,17.0,16,-1.0
search_24:mprime:on:stage1:fixed-policy,1972442430,17.0,17,0.0
search_24:mprime:on:stage1:fixed-policy,2011206605,16.0,17,1.0
search_24:mprime:on:stage1:fixed-policy,2082152039,13.0,16,3.0
search_24:mprime:on:stage1:fixed-policy,534933607,17.0,14,-3.0
search_24:mprime:on:stage1:fixed-policy,923500475,14.0,15,1.0
search_24:mprime:on:stage2:fixed-policy,1073581256,13.0,17,4.0
search_24:mprime:on:stage2:fixed-policy,1239739722,15.0,16,1.0
search_24:mprime:on:stage2:fixed-policy,1472491096,17.0,13,-4.0
search_24:mprime:on:stage2:fixed-policy,1510771779,17.0,16,-1.0
search_24:mprime:on:stage2:fixed-policy,1963100312,15.0,17,2.0
search_24:mprime:on:stage2:fixed-policy,1972442430,18.0,17,-1.0
search_24:mprime:on:stage2:fixed-policy,2011206605,20.0,17,-3.0
search_24:mprime:on:stage2:fixed-policy,2082152039,18.0,17,-1.0
search_24:mprime:on:stage2:fixed-policy,534933607,18.0,16,-2.0
search_24:mprime:on:stage2:fixed-policy,923500475,16.0,14,-2.0
VH_policy_12:mprime:stage1:on-off,1073581256,18.0,12.0,-6.0
VH_policy_12:mprime:stage1:on-off,1239739722,18.0,16.0,-2.0
VH_policy_12:mprime:stage1:on-off,1472491096,14.0,18.0,4.0
VH_policy_12:mprime:stage1:on-off,1510771779,15.0,17.0,2.0
VH_policy_12:mprime:stage1:on-off,1963100312,20.0,17.0,-3.0
VH_policy_12:mprime:stage1:on-off,1972442430,18.0,17.0,-1.0
VH_policy_12:mprime:stage1:on-off,2011206605,13.0,16.0,3.0
VH_policy_12:mprime:stage1:on-off,2082152039,15.0,13.0,-2.0
VH_policy_12:mprime:stage1:on-off,534933607,15.0,17.0,2.0
VH_policy_12:mprime:stage1:on-off,923500475,17.0,14.0,-3.0
VH_policy_12:mprime:stage2:on-off,1073581256,14.0,13.0,-1.0
VH_policy_12:mprime:stage2:on-off,1239739722,14.0,15.0,1.0
VH_policy_12:mprime:stage2:on-off,1472491096,15.0,17.0,2.0
VH_policy_12:mprime:stage2:on-off,1510771779,20.0,17.0,-3.0
VH_policy_12:mprime:stage2:on-off,1963100312,20.0,15.0,-5.0
VH_policy_12:mprime:stage2:on-off,1972442430,17.0,18.0,1.0
VH_policy_12:mprime:stage2:on-off,2011206605,16.0,20.0,4.0
VH_policy_12:mprime:stage2:on-off,2082152039,15.0,18.0,3.0
VH_policy_12:mprime:stage2:on-off,534933607,18.0,18.0,0.0
VH_policy_12:mprime:stage2:on-off,923500475,16.0,16.0,0.0
policy_stage_12:rover:off:S2-S1,1073581256,4.0,4.0,0.0
policy_stage_12:rover:off:S2-S1,1239739722,4.0,4.0,0.0
policy_stage_12:rover:off:S2-S1,1472491096,4.0,4.0,0.0
policy_stage_12:rover:off:S2-S1,1510771779,4.0,4.0,0.0
policy_stage_12:rover:off:S2-S1,1963100312,4.0,4.0,0.0
policy_stage_12:rover:off:S2-S1,1972442430,4.0,4.0,0.0
policy_stage_12:rover:off:S2-S1,2011206605,4.0,4.0,0.0
policy_stage_12:rover:off:S2-S1,2082152039,4.0,4.0,0.0
policy_stage_12:rover:off:S2-S1,534933607,4.0,4.0,0.0
policy_stage_12:rover:off:S2-S1,923500475,4.0,4.0,0.0
search_24:rover:off:stage1:fixed-policy,1073581256,4.0,6,2.0
search_24:rover:off:stage1:fixed-policy,1239739722,4.0,4,0.0
search_24:rover:off:stage1:fixed-policy,1472491096,4.0,5,1.0
search_24:rover:off:stage1:fixed-policy,1510771779,4.0,6,2.0
search_24:rover:off:stage1:fixed-policy,1963100312,4.0,5,1.0
search_24:rover:off:stage1:fixed-policy,1972442430,4.0,7,3.0
search_24:rover:off:stage1:fixed-policy,2011206605,4.0,4,0.0
search_24:rover:off:stage1:fixed-policy,2082152039,4.0,4,0.0
search_24:rover:off:stage1:fixed-policy,534933607,4.0,4,0.0
search_24:rover:off:stage1:fixed-policy,923500475,4.0,5,1.0
search_24:rover:off:stage2:fixed-policy,1073581256,4.0,5,1.0
search_24:rover:off:stage2:fixed-policy,1239739722,4.0,4,0.0
search_24:rover:off:stage2:fixed-policy,1472491096,4.0,5,1.0
search_24:rover:off:stage2:fixed-policy,1510771779,4.0,6,2.0
search_24:rover:off:stage2:fixed-policy,1963100312,4.0,4,0.0
search_24:rover:off:stage2:fixed-policy,1972442430,4.0,4,0.0
search_24:rover:off:stage2:fixed-policy,2011206605,4.0,4,0.0
search_24:rover:off:stage2:fixed-policy,2082152039,4.0,4,0.0
search_24:rover:off:stage2:fixed-policy,534933607,4.0,4,0.0
search_24:rover:off:stage2:fixed-policy,923500475,4.0,5,1.0
policy_stage_12:rover:on:S2-S1,1073581256,4.0,4.0,0.0
policy_stage_12:rover:on:S2-S1,1239739722,4.0,4.0,0.0
policy_stage_12:rover:on:S2-S1,1472491096,4.0,4.0,0.0
policy_stage_12:rover:on:S2-S1,1510771779,4.0,4.0,0.0
policy_stage_12:rover:on:S2-S1,1963100312,4.0,4.0,0.0
policy_stage_12:rover:on:S2-S1,1972442430,4.0,5.0,1.0
policy_stage_12:rover:on:S2-S1,2011206605,4.0,5.0,1.0
policy_stage_12:rover:on:S2-S1,2082152039,4.0,4.0,0.0
policy_stage_12:rover:on:S2-S1,534933607,4.0,4.0,0.0
policy_stage_12:rover:on:S2-S1,923500475,2.0,1.0,-1.0
search_24:rover:on:stage1:fixed-policy,1073581256,4.0,6,2.0
search_24:rover:on:stage1:fixed-policy,1239739722,4.0,5,1.0
search_24:rover:on:stage1:fixed-policy,1472491096,4.0,4,0.0
search_24:rover:on:stage1:fixed-policy,1510771779,4.0,4,0.0
search_24:rover:on:stage1:fixed-policy,1963100312,4.0,4,0.0
search_24:rover:on:stage1:fixed-policy,1972442430,4.0,4,0.0
search_24:rover:on:stage1:fixed-policy,2011206605,4.0,5,1.0
search_24:rover:on:stage1:fixed-policy,2082152039,4.0,4,0.0
search_24:rover:on:stage1:fixed-policy,534933607,4.0,4,0.0
search_24:rover:on:stage1:fixed-policy,923500475,2.0,4,2.0
search_24:rover:on:stage2:fixed-policy,1073581256,4.0,5,1.0
search_24:rover:on:stage2:fixed-policy,1239739722,4.0,4,0.0
search_24:rover:on:stage2:fixed-policy,1472491096,4.0,6,2.0
search_24:rover:on:stage2:fixed-policy,1510771779,4.0,5,1.0
search_24:rover:on:stage2:fixed-policy,1963100312,4.0,5,1.0
search_24:rover:on:stage2:fixed-policy,1972442430,5.0,5,0.0
search_24:rover:on:stage2:fixed-policy,2011206605,5.0,4,-1.0
search_24:rover:on:stage2:fixed-policy,2082152039,4.0,4,0.0
search_24:rover:on:stage2:fixed-policy,534933607,4.0,4,0.0
search_24:rover:on:stage2:fixed-policy,923500475,1.0,3,2.0
VH_policy_12:rover:stage1:on-off,1073581256,4.0,4.0,0.0
VH_policy_12:rover:stage1:on-off,1239739722,4.0,4.0,0.0
VH_policy_12:rover:stage1:on-off,1472491096,4.0,4.0,0.0
VH_policy_12:rover:stage1:on-off,1510771779,4.0,4.0,0.0
VH_policy_12:rover:stage1:on-off,1963100312,4.0,4.0,0.0
VH_policy_12:rover:stage1:on-off,1972442430,4.0,4.0,0.0
VH_policy_12:rover:stage1:on-off,2011206605,4.0,4.0,0.0
VH_policy_12:rover:stage1:on-off,2082152039,4.0,4.0,0.0
VH_policy_12:rover:stage1:on-off,534933607,4.0,4.0,0.0
VH_policy_12:rover:stage1:on-off,923500475,4.0,2.0,-2.0
VH_policy_12:rover:stage2:on-off,1073581256,4.0,4.0,0.0
VH_policy_12:rover:stage2:on-off,1239739722,4.0,4.0,0.0
VH_policy_12:rover:stage2:on-off,1472491096,4.0,4.0,0.0
VH_policy_12:rover:stage2:on-off,1510771779,4.0,4.0,0.0
VH_policy_12:rover:stage2:on-off,1963100312,4.0,4.0,0.0
VH_policy_12:rover:stage2:on-off,1972442430,4.0,5.0,1.0
VH_policy_12:rover:stage2:on-off,2011206605,4.0,5.0,1.0
VH_policy_12:rover:stage2:on-off,2082152039,4.0,4.0,0.0
VH_policy_12:rover:stage2:on-off,534933607,4.0,4.0,0.0
VH_policy_12:rover:stage2:on-off,923500475,4.0,1.0,-3.0
repaired_Counters_4:counters_repaired:on:S2-S1,1073581256,59,2.0,-57.0
repaired_Counters_4:counters_repaired:on:S2-S1,1239739722,14,17.0,3.0
repaired_Counters_4:counters_repaired:on:S2-S1,1472491096,59,15.0,-44.0
repaired_Counters_4:counters_repaired:on:S2-S1,1510771779,59,59.0,0.0
repaired_Counters_4:counters_repaired:on:S2-S1,1963100312,59,21.0,-38.0
repaired_Counters_4:counters_repaired:on:S2-S1,1972442430,59,59.0,0.0
repaired_Counters_4:counters_repaired:on:S2-S1,2011206605,12,16.0,4.0
repaired_Counters_4:counters_repaired:on:S2-S1,2082152039,59,59.0,0.0
repaired_Counters_4:counters_repaired:on:S2-S1,534933607,38,59.0,21.0
repaired_Counters_4:counters_repaired:on:S2-S1,923500475,24,28.0,4.0
repaired_Counters_4:counters_repaired:on:stage1:fixed-policy,1073581256,59,24,-35
repaired_Counters_4:counters_repaired:on:stage1:fixed-policy,1239739722,14,15,1
repaired_Counters_4:counters_repaired:on:stage1:fixed-policy,1472491096,59,16,-43
repaired_Counters_4:counters_repaired:on:stage1:fixed-policy,1510771779,59,16,-43
repaired_Counters_4:counters_repaired:on:stage1:fixed-policy,1963100312,59,19,-40
repaired_Counters_4:counters_repaired:on:stage1:fixed-policy,1972442430,59,25,-34
repaired_Counters_4:counters_repaired:on:stage1:fixed-policy,2011206605,12,13,1
repaired_Counters_4:counters_repaired:on:stage1:fixed-policy,2082152039,59,39,-20
repaired_Counters_4:counters_repaired:on:stage1:fixed-policy,534933607,38,16,-22
repaired_Counters_4:counters_repaired:on:stage1:fixed-policy,923500475,24,28,4
repaired_Counters_4:counters_repaired:stage1:on-off,1073581256,59.0,59,0.0
repaired_Counters_4:counters_repaired:stage1:on-off,1239739722,17.0,14,-3.0
repaired_Counters_4:counters_repaired:stage1:on-off,1472491096,38.0,59,21.0
repaired_Counters_4:counters_repaired:stage1:on-off,1510771779,10.0,59,49.0
repaired_Counters_4:counters_repaired:stage1:on-off,1963100312,17.0,59,42.0
repaired_Counters_4:counters_repaired:stage1:on-off,1972442430,12.0,59,47.0
repaired_Counters_4:counters_repaired:stage1:on-off,2011206605,19.0,12,-7.0
repaired_Counters_4:counters_repaired:stage1:on-off,2082152039,35.0,59,24.0
repaired_Counters_4:counters_repaired:stage1:on-off,534933607,59.0,38,-21.0
repaired_Counters_4:counters_repaired:stage1:on-off,923500475,59.0,24,-35.0
repaired_Counters_4:counters_repaired:stage2:on-off,1073581256,53.0,2.0,-51.0
repaired_Counters_4:counters_repaired:stage2:on-off,1239739722,21.0,17.0,-4.0
repaired_Counters_4:counters_repaired:stage2:on-off,1472491096,18.0,15.0,-3.0
repaired_Counters_4:counters_repaired:stage2:on-off,1510771779,45.0,59.0,14.0
repaired_Counters_4:counters_repaired:stage2:on-off,1963100312,59.0,21.0,-38.0
repaired_Counters_4:counters_repaired:stage2:on-off,1972442430,37.0,59.0,22.0
repaired_Counters_4:counters_repaired:stage2:on-off,2011206605,39.0,16.0,-23.0
repaired_Counters_4:counters_repaired:stage2:on-off,2082152039,59.0,59.0,0.0
repaired_Counters_4:counters_repaired:stage2:on-off,534933607,6.0,59.0,53.0
repaired_Counters_4:counters_repaired:stage2:on-off,923500475,32.0,28.0,-4.0
