comparison,domain,vh,left_arm,left_mode,right_arm,right_mode,matched_complete_seeds,expected_screen_seeds,screen_complete,left_mean,right_mean,mean_net,total_gained,total_lost,cohort_status,bounded_non_expansion_wording
treatment_vs_current_control,fo_counters,off,K0,fixed,K10,fixed,2,2,True,9.0,8.5,-0.5,0,1,two_seed_descriptive_screen,Report the observed decline for this metric and tested cohort; interpret complementary search metrics separately before a broader method conclusion.
treatment_vs_current_control,fo_counters,off,K0,policy,K10,policy,2,2,True,4.0,4.0,0.0,1,1,two_seed_descriptive_screen,No net gain on this metric in the tested screen; preserve gained/lost membership and interpret complementary search metrics separately.
treatment_vs_current_control,fo_counters,off,K0,pw,K10,pw,2,2,True,7.5,10.0,2.5,6,1,two_seed_descriptive_screen,Preserve the observed positive screen; two seeds do not establish general superiority. No broad training expansion before the thesis deadline.
treatment_vs_current_control,fo_counters,on,K0,fixed,K10,fixed,2,2,True,5.0,3.0,-2.0,0,4,two_seed_descriptive_screen,Report the observed decline for this metric and tested cohort; interpret complementary search metrics separately before a broader method conclusion.
treatment_vs_current_control,fo_counters,on,K0,policy,K10,policy,2,2,True,2.0,1.5,-0.5,1,2,two_seed_descriptive_screen,Report the observed decline for this metric and tested cohort; interpret complementary search metrics separately before a broader method conclusion.
treatment_vs_current_control,fo_counters,on,K0,pw,K10,pw,2,2,True,7.0,5.0,-2.0,1,5,two_seed_descriptive_screen,Report the observed decline for this metric and tested cohort; interpret complementary search metrics separately before a broader method conclusion.
treatment_vs_current_control,mprime,off,control,fixed,future,fixed,2,2,True,16.5,16.5,0.0,1,1,two_seed_descriptive_screen,No net gain on this metric in the tested screen; preserve gained/lost membership and interpret complementary search metrics separately.
treatment_vs_current_control,mprime,off,control,policy,future,policy,2,2,True,17.5,17.0,-0.5,2,3,two_seed_descriptive_screen,Report the observed decline for this metric and tested cohort; interpret complementary search metrics separately before a broader method conclusion.
treatment_vs_current_control,mprime,off,control,pw,future,pw,2,2,True,18.5,18.5,0.0,2,2,two_seed_descriptive_screen,No net gain on this metric in the tested screen; preserve gained/lost membership and interpret complementary search metrics separately.
treatment_vs_current_control,mprime,on,control,fixed,future,fixed,2,2,True,16.5,17.0,0.5,2,1,two_seed_descriptive_screen,Preserve the observed positive screen; two seeds do not establish general superiority. No broad training expansion before the thesis deadline.
treatment_vs_current_control,mprime,on,control,policy,future,policy,2,2,True,18.0,17.5,-0.5,2,3,two_seed_descriptive_screen,Report the observed decline for this metric and tested cohort; interpret complementary search metrics separately before a broader method conclusion.
treatment_vs_current_control,mprime,on,control,pw,future,pw,2,2,True,19.0,20.0,1.0,2,0,two_seed_descriptive_screen,Preserve the observed positive screen; two seeds do not establish general superiority. No broad training expansion before the thesis deadline.
treatment_vs_current_control,rover,on,control,fixed,future,fixed,2,2,True,5.0,4.0,-1.0,0,2,two_seed_descriptive_screen,Report the observed decline for this metric and tested cohort; interpret complementary search metrics separately before a broader method conclusion.
treatment_vs_current_control,rover,on,control,policy,future,policy,2,2,True,4.0,4.0,0.0,0,0,two_seed_descriptive_screen,No net gain on this metric in the tested screen; preserve gained/lost membership and interpret complementary search metrics separately.
treatment_vs_current_control,rover,on,control,pw,future,pw,2,2,True,4.5,4.0,-0.5,0,1,two_seed_descriptive_screen,Report the observed decline for this metric and tested cohort; interpret complementary search metrics separately before a broader method conclusion.
current_vs_historical_original,block_grouping,off,original_S2_K0,fixed,K10,fixed,2,2,True,14.5,15.0,0.5,2,1,two_seed_descriptive_screen,Retain this seed-matched historical fixed-search gain with its training/selection parity caveat. The S1 comparator and policy metric differ; do not claim general K10 superiority or expand the training matrix before the deadline.
current_vs_historical_original,block_grouping,on,original_S2_K0,fixed,K10,fixed,2,2,True,11.0,16.5,5.5,12,1,two_seed_descriptive_screen,Retain this seed-matched historical fixed-search gain with its training/selection parity caveat. The S1 comparator and policy metric differ; do not claim general K10 superiority or expand the training matrix before the deadline.
