domain,value_head,configuration,source,policy_success_records,policy_steps_mean,policy_steps_median,policy_steps_max,mcts_success_records,mcts_steps_mean,mcts_steps_median,mcts_steps_max,mcts_elapsed_seconds_mean,mcts_elapsed_seconds_median,mcts_elapsed_seconds_max,goal_chase,action_policy,max_external_actions,instance_timeout_seconds,interpretation
block_grouping,off,historical-stage1-fixed-leaf-hadd-gbfs-w5-i20-puct0.1-est0.5,policy_mcts_instance_audit.csv; terminal per-instance records,163,442.3,191.0,4746.0,154,336.44,207.0,7588.0,1567.2,167.82,11278.37,Old printed namespace only; not a verified disabled-goal-chase claim,argmax; epsilon=0,10000,21600,"Success-conditioned descriptive statistics, not a causal domain explanation"
block_grouping,on,historical-stage1-fixed-leaf-hadd-gbfs-w5-i20-puct0.1-est0.5,policy_mcts_instance_audit.csv; terminal per-instance records,159,359.6,191.0,3923.0,162,274.44,192.0,1796.0,2114.63,169.22,21381.46,Old printed namespace only; not a verified disabled-goal-chase claim,argmax; epsilon=0,10000,21600,"Success-conditioned descriptive statistics, not a causal domain explanation"
counters,off,historical-stage1-fixed-leaf-hmrmax-astar-w5-i20-puct0.1-est0.5,oracle_missing_membership_export.jsonl; oracle_new_membership_evidence.csv; score-checked existing exact same-checkpoint logs,325,973.2153846153847,406.0,5418.0,257,377.3735408560311,124.0,5407.0,,,,Old printed namespace only; not a verified disabled-goal-chase claim,argmax; epsilon=0,10000,21600,"Current primary narrow success memberships; all success steps exported. Older branch elapsed statistics retained in previous_export CSV, not silently transferred to this cohort."
counters,on,historical-stage1-fixed-leaf-hmrmax-astar-w5-i20-puct0.1-est0.5,oracle_missing_membership_export.jsonl; oracle_new_membership_evidence.csv; score-checked existing exact same-checkpoint logs,186,815.9247311827957,191.0,4598.0,225,752.3555555555556,163.0,9790.0,,,,Old printed namespace only; not a verified disabled-goal-chase claim,argmax; epsilon=0,10000,21600,"Current primary narrow success memberships; all success steps exported. Older branch elapsed statistics retained in previous_export CSV, not silently transferred to this cohort."
drone,off,historical-stage1-fixed-leaf-hadd-astar-w20-i70-puct0.1-est0.5,policy_mcts_instance_audit.csv; terminal per-instance records,59,92.66,54.0,614.0,69,70.25,56.0,233.0,226.54,94.93,1210.43,Old printed namespace only; not a verified disabled-goal-chase claim,argmax; epsilon=0,10000,21600,"Success-conditioned descriptive statistics, not a causal domain explanation"
drone,on,historical-stage1-fixed-leaf-hadd-astar-w20-i70-puct0.1-est0.5,policy_mcts_instance_audit.csv; terminal per-instance records,51,94.47,35.0,771.0,104,128.99,89.0,651.0,473.64,152.25,6126.78,Old printed namespace only; not a verified disabled-goal-chase claim,argmax; epsilon=0,10000,21600,"Success-conditioned descriptive statistics, not a causal domain explanation"
fo_counters,off,historical-stage1-fixed-leaf-hmrmax-astar-w20-i70-puct0.1-est0.5,policy_mcts_instance_audit.csv; terminal per-instance records,42,50.98,28.0,374.0,78,63.47,26.5,533.0,301.58,61.0,5865.67,Old printed namespace only; not a verified disabled-goal-chase claim,argmax; epsilon=0,10000,21600,"Success-conditioned descriptive statistics, not a causal domain explanation"
fo_counters,on,historical-stage1-fixed-leaf-hmrmax-astar-w20-i70-puct0.1-est0.5,policy_mcts_instance_audit.csv; terminal per-instance records,37,55.03,26.0,358.0,57,63.6,33.0,291.0,427.95,102.28,5144.33,Old printed namespace only; not a verified disabled-goal-chase claim,argmax; epsilon=0,10000,21600,"Success-conditioned descriptive statistics, not a causal domain explanation"
rover,off,historical-stage1-fixed-leaf-hmrp-ha-gbfs-w20-i70-puct0.1-est0.5,policy_mcts_instance_audit.csv; terminal per-instance records,40,10.32,10.0,12.0,50,57.36,11.0,738.0,210.97,76.97,2241.72,Old printed namespace only; not a verified disabled-goal-chase claim,argmax; epsilon=0,10000,21600,"Success-conditioned descriptive statistics, not a causal domain explanation"
rover,on,historical-stage1-fixed-leaf-hmrp-ha-gbfs-w20-i70-puct0.1-est0.5,policy_mcts_instance_audit.csv; terminal per-instance records,38,11.89,10.0,65.0,44,26.14,11.0,433.0,132.28,85.57,1387.68,Old printed namespace only; not a verified disabled-goal-chase claim,argmax; epsilon=0,10000,21600,"Success-conditioned descriptive statistics, not a causal domain explanation"
mprime,off,Phase-B-A S1 HMRP-HA-GBFS 20x70,oracle_missing_membership_export.jsonl; oracle_new_membership_evidence.csv; score-checked existing exact same-checkpoint logs,163,26.006134969325153,10.0,326.0,157,9.331210191082803,8.0,34.0,1374.7170550814194,156.1225819940446,18043.986832873896,enabled by worker code; legacy printed namespace is not conclusive,argmax,10000,21600,"Success-conditioned descriptive statistics, not a causal domain explanation"
mprime,on,Phase-B-A S1 HMRP-HA-GBFS 20x70,oracle_missing_membership_export.jsonl; oracle_new_membership_evidence.csv; score-checked existing exact same-checkpoint logs,157,20.35031847133758,10.0,165.0,160,16.16875,9.5,116.0,1405.1107815327844,152.02414152753772,17526.87514514511,enabled by worker code; legacy printed namespace is not conclusive,argmax,10000,21600,"Success-conditioned descriptive statistics, not a causal domain explanation"
