domain,seed,accepted,stage1_mae,stage2_mae,enhsp_mae
block_grouping,534933607,1000,0.15424803561645556,0.3205574425536177,0.02338662701426636
block_grouping,923500475,1000,0.15357523044837507,0.32263954058679933,0.019305534648603916
counters,534933607,1000,0.23289187147949933,0.2753696308109641,0.013668437118437118
counters,923500475,1000,0.19978094088218595,0.28610957666418935,0.013019135392821558
drone,534933607,1000,0.1949774929217831,0.5128593766194915,0.03132674351103805
drone,923500475,1000,0.20662941093171422,0.5024204669785975,0.03168882182962144
fo_counters,534933607,1000,0.3766777465808959,0.34611578305250124,0.05759761904761905
fo_counters,923500475,1000,0.33296755467738426,0.31255210943903244,0.06164761904761905
mprime,534933607,1000,0.32314313788357235,0.2901343201810406,0.0038250000000000003
mprime,923500475,1000,0.28029801507891516,0.34570872693361143,0.0053127788877788875
rover,534933607,1000,0.3123295718705464,0.6420679990625191,0.8692076575732041
rover,923500475,1000,0.22742415605960686,0.5276718916145802,0.8726707541642428
