domain,seed,non_goal,non_goal_stage1_mae,non_goal_stage2_mae,non_goal_enhsp_mae
block_grouping,534933607,1000,0.15424803561645556,0.3205574425536177,0.02338662701426636
block_grouping,923500475,1000,0.15357523044837507,0.32263954058679933,0.019305534648603916
counters,534933607,944,0.21146731245668005,0.259880699751223,0.014479276608513897
counters,923500475,944,0.17438199556503156,0.2742899283049258,0.013791456983921143
drone,534933607,975,0.18431449819144385,0.5225251983477861,0.03212999334465441
drone,923500475,975,0.19581146711900482,0.5110005419267017,0.032501355722688655
fo_counters,534933607,529,0.32246883354711536,0.2322546587640433,0.10888018723557477
fo_counters,923500475,547,0.25266297423799094,0.11118440891906219,0.1127013145294681
mprime,534933607,829,0.28810259614911643,0.24089741226491337,0.004613992762364295
mprime,923500475,827,0.22196608470819712,0.32122239321652,0.006424158268172778
rover,534933607,972,0.3046848404468627,0.6595075584831356,0.8942465612893046
rover,923500475,978,0.21722771268983884,0.5337005492701364,0.892301384626015
