pair_index,domain,seed,accepted,target,remaining,instances,instance_counts,non_goal,goal,sampling,complete_adjacent_pairs,certificates,stage1_mae,stage2_mae,enhsp_mae,non_goal_stage1_mae,non_goal_stage2_mae,non_goal_enhsp_mae,non_goal_zero_h
0,block_grouping,534933607,1000,1000,0,2,"{""0"": 50, ""10"": 950}",1000,0,"{""walk"": 50, ""spaced"": 761, ""adjacent"": 189}",189,"{""feasible_not_certified"": 987, ""optimal_cost_only"": 13}",0.15424803561645556,0.3205574425536177,0.02338662701426636,0.15424803561645556,0.3205574425536177,0.02338662701426636,0
1,block_grouping,923500475,1000,1000,0,1,"{""10"": 1000}",1000,0,"{""walk"": 50, ""spaced"": 761, ""adjacent"": 189}",189,"{""feasible_not_certified"": 988, ""optimal_cost_only"": 12}",0.15357523044837507,0.32263954058679933,0.019305534648603916,0.15357523044837507,0.32263954058679933,0.019305534648603916,0
2,counters,534933607,1000,1000,0,3,"{""0"": 25, ""1"": 330, ""2"": 645}",944,56,"{""walk"": 16, ""spaced"": 855, ""adjacent"": 129}",129,"{""optimal_cost_only"": 944, ""certified_zero"": 56}",0.23289187147949933,0.2753696308109641,0.013668437118437118,0.21146731245668005,0.259880699751223,0.014479276608513897,0
3,counters,923500475,1000,1000,0,4,"{""0"": 25, ""1"": 327, ""2"": 631, ""29"": 17}",944,56,"{""spaced"": 850, ""adjacent"": 133, ""walk"": 17}",133,"{""optimal_cost_only"": 927, ""certified_zero"": 56, ""feasible_not_certified"": 17}",0.19978094088218595,0.28610957666418935,0.013019135392821558,0.17438199556503156,0.2742899283049258,0.013791456983921143,0
4,drone,534933607,1000,1000,0,3,"{""0"": 215, ""1"": 709, ""2"": 76}",975,25,"{""walk"": 50, ""spaced"": 856, ""adjacent"": 94}",94,"{""optimal_cost_only"": 975, ""certified_zero"": 25}",0.1949774929217831,0.5128593766194915,0.03132674351103805,0.18431449819144385,0.5225251983477861,0.03212999334465441,0
5,drone,923500475,1000,1000,0,4,"{""0"": 223, ""1"": 726, ""10"": 50, ""2"": 1}",975,25,"{""spaced"": 853, ""adjacent"": 97, ""walk"": 50}",97,"{""optimal_cost_only"": 925, ""certified_zero"": 25, ""feasible_not_certified"": 50}",0.20662941093171422,0.5024204669785975,0.03168882182962144,0.19581146711900482,0.5110005419267017,0.032501355722688655,0
6,fo_counters,534933607,1000,1000,0,1,"{""0"": 1000}",529,471,"{""walk"": 50, ""spaced"": 773, ""adjacent"": 177}",177,"{""certified_action_length_if_unit_cost"": 529, ""certified_zero"": 471}",0.3766777465808959,0.34611578305250124,0.05759761904761905,0.32246883354711536,0.2322546587640433,0.10888018723557477,0
7,fo_counters,923500475,1000,1000,0,1,"{""0"": 1000}",547,453,"{""spaced"": 811, ""adjacent"": 189}",189,"{""certified_action_length_if_unit_cost"": 547, ""certified_zero"": 453}",0.33296755467738426,0.31255210943903244,0.06164761904761905,0.25266297423799094,0.11118440891906219,0.1127013145294681,0
8,mprime,534933607,1000,1000,0,1,"{""0"": 1000}",829,171,"{""walk"": 50, ""spaced"": 784, ""adjacent"": 166}",166,"{""optimal_cost_only"": 829, ""certified_zero"": 171}",0.32314313788357235,0.2901343201810406,0.0038250000000000003,0.28810259614911643,0.24089741226491337,0.004613992762364295,0
9,mprime,923500475,1000,1000,0,2,"{""0"": 950, ""10"": 50}",827,173,"{""spaced"": 797, ""adjacent"": 153, ""walk"": 50}",153,"{""optimal_cost_only"": 777, ""certified_zero"": 173, ""feasible_not_certified"": 50}",0.28029801507891516,0.34570872693361143,0.0053127788877788875,0.22196608470819712,0.32122239321652,0.006424158268172778,0
10,rover,534933607,1000,1000,0,1,"{""0"": 1000}",972,28,"{""walk"": 50, ""spaced"": 792, ""adjacent"": 158}",158,"{""optimal_cost_only"": 972, ""certified_zero"": 28}",0.3123295718705464,0.6420679990625191,0.8692076575732041,0.3046848404468627,0.6595075584831356,0.8942465612893046,949
11,rover,923500475,1000,1000,0,2,"{""0"": 952, ""10"": 48}",978,22,"{""spaced"": 792, ""adjacent"": 160, ""walk"": 48}",160,"{""optimal_cost_only"": 930, ""certified_zero"": 22, ""feasible_not_certified"": 48}",0.22742415605960686,0.5276718916145802,0.8726707541642428,0.21722771268983884,0.5337005492701364,0.892301384626015,939
