experiment,running,running_cpus,running_gib,pending,pending_cpus,pending_gib,held,held_cpus,held_gib,hard_limits,elapsed
Counters S2 exact-tail guard,0,0,0,1,1,2.0,0,0,0,1:00:00,
Counters repaired S2 collector,0,0,0,1,1,2.0,0,0,0,1:00:00,
Counters repaired S2 fixed/PW,9,54,1728.0,0,0,0,0,0,0,3-00:00:00,1-03:48:25;1-05:06:51;1-13:48:58;1-19:51:41;1-20:20:22;1-23:56:52;2-01:05:56;2-06:08:27
FO S1 exact collector,0,0,0,1,1,4.0,0,0,0,1:00:00,
FO S1 intended hADD remaining82,4,16,384.0,4,16,384.0,0,0,0,3-00:00:00,1-11:56:55;14:39:16;20:17:05;8:42:15
Intended-leaf durable collector,0,0,0,1,1,4.0,0,0,0,1:00:00,
New intended-leaf counters,8,32,512.0,7,28,448.0,0,0,0,3-00:00:00,1-08:56:29;1-12:05:27;14:41:43;1:03:30;23:27:21;8:27:25;8:38:05;8:57:37
New intended-leaf drone,18,72,1152.0,22,88,1408.0,0,0,0,3-00:00:00,10:23:20;11:48:55;17:01:35;18:41:22;1:37:11;20:54;27:52;2:11:00;5:00:11;5:05:07;6:51:28;7:43:08;9:43:14
New intended-leaf fo_counters,24,96,2304.0,8,32,768.0,0,0,0,3-00:00:00,1-12:23:52;1-15:56:41;1-21:10:44;10:46:33;13:20:17;15:07:58;17:01:35;20:40:05;27:52;2:11:00;3:10:16;3:13:08;4:16:00
