experiment_id,display_name,role,status,scope,primary_question,configuration_summary,results_file,manifest_path,held_reason,next_action
MAIN-VAL,Validation-led mainstream,mainstream,completed,5 domains x 2 VH x 10 seeds,Does Stage 2 improve a validation-selected Stage-1 network?,S1 validation-selected -> S2 training -> S2 validation-selected; policy curves and selected-checkpoint MCTS,experiment_tracking/experiment_results.csv,,,Policy experiment complete at 300/300 endpoints; do not routinely reprint unless requested
MAIN-TERM,Terminal-led mainstream,archived-sensitivity,completed-archived-20260910,5 domains x 2 VH x 10 seeds,Does Stage 2 improve the terminal Stage-1 network?,Completed evidence is retained for provenance only; validation-led is the sole primary branch from 2026-09-10,experiment_tracking/experiment_results.csv,,,Do not launch continuations training policy evaluations or MCTS evaluations; exclude terminal-led rows from primary RQ plots and tables
PRESERVE-3-VAL,Three-domain validation-led preservation replication,mainstream-extension,completed,Delivery/TPP/Zenotravel x 2 VH x 10 seeds,Do the three stable domains preserve their Stage-1 performance after validation-led Stage 2?,Same Stage-1/Stage-2 pipeline; selected and final policy endpoints; historical paths retain preserve4 labels only as immutable provenance,experiment_tracking/four_domain_preservation/stable_domain_stage2_summary_20260902.csv,experiment_tracking/four_domain_preservation/stage1_training_submissions.tsv,,Zenotravel is preserved and Delivery is essentially preserved; TPP is not fully preserved because of one audited9/20 off-mode collapse
PRESERVE-3-TERM,Stable-domain terminal-led Stage-2 replication,archived-sensitivity,completed-archived-20260910,Delivery/TPP/Zenotravel x two VH x ten final Stage-1 checkpoints,Does Stage 2 preserve coverage when initialized from the Stage-1 final checkpoint?,Completed evidence is retained for provenance only; PRESERVE-3-VAL is the sole primary branch from 2026-09-10,experiment_tracking/preserve3_terminal_led/terminal_led_selected_summary_20260903.csv,experiment_tracking/four_domain_preservation/terminal_stage2_submissions.tsv,,Do not launch continuations or further evaluations; exclude from primary preservation plots and tables
MPRIME-VAL,MPrime validation redesign,corrective,completed-reclassified,MPrime validation selection and corrected Stage-1 replication,Repair structurally unrepresentative validation generation and rerun Stage 1,Versioned IPC-scale set; fresh ten-seed/VH Stage 1; 290-checkpoint validation/test agreement and learning-curve audit,experiment_tracking/mprime_validation_ipc_scale_v1/validation_test_checkpoint_audit.csv,experiment_tracking/mprime_validation_ipc_scale_v1/stage1_corrected_validation_manifest.csv,,Corrected Stage1 and all 290 policy jobs are terminal; validation improves selected versus final means but pooled Spearman agreement is about 0.25; preservation failed so MPrime moves to the six-domain imperfect extension
MAIN-EXT6-MPRIME,Six-domain imperfect mainstream extension,mainstream-extension,completed-policy-with-validation-audit,MPrime x two VH x ten seeds after corrected Stage-1 selection,Do MAIN-VAL conclusions extend from the original five imperfect domains to MPrime as a sixth?,Corrected validation-selected S1 to anchor10 S2 to validation-selected S2; four tuning winners reused and sixteen new jobs,experiment_tracking/mprime_validation_ipc_scale_v1/validation_led_stage2_selected_statistics_20260903.csv,experiment_tracking/mprime_validation_ipc_scale_v1/anchor_selection_corrected_frozen_20260901.csv,Existing validation is weak for Stage1 ranking and saturated for Stage2 selection,Retain results as provisional extension and complete MPRIME-VAL-ADEQUACY before further MPrime training
MAIN-TERM-EXT6-MPRIME,MPrime terminal-led mainstream extension,archived-sensitivity,completed-policy-archived-20260910,MPrime x two VH x ten corrected Stage-1 final checkpoints,Does Stage 2 improve the corrected terminal Stage-1 MPrime network?,Completed evidence is retained for provenance only; future MPrime work is validation-led after Phase B,experiment_tracking/mprime_validation_ipc_scale_v1/terminal_led_stage2_selected_statistics_20260902.csv,experiment_tracking/mprime_validation_ipc_scale_v1/terminal_led_stage2_selected_results_20260902.csv,,Do not launch terminal-led continuations or evaluations; exclude from primary RQ plots and tables
ANCHOR-4,Stage-2 anchor selection,tuning,completed,Delivery/TPP/Zenotravel frozen; MPrime anchor10 frozen both VH from588/588 points,Select Stage-2 anchor coefficient without test-set tuning,Two tuning seeds x two VH x seven coefficients; validation-AUC selection with peak/final tie-break,experiment_tracking/mprime_validation_ipc_scale_v1/anchor_selection_corrected_frozen_20260901.csv,experiment_tracking/mprime_validation_ipc_scale_v1/anchor_tuning_manifest.csv,,MPrime anchor10 wins both VH; validation-stability audit remains separate
MCTS-WIDTH,MCTS fixed-width sensitivity,search-sensitivity,completed,Block Grouping and Counters primary corrections,Does width 5 avoid waste/timeouts relative to width 20?,Width 5 vs 20; retain normal simulation budget; never use obsolete width-5/3 or width-5/70 as primary,experiment_tracking/mcts_counters_width_sensitivity/stage2_narrow_summary_10seed.csv,,,Counters Stage1 and Stage2 are terminal; Stage2 off is 36.7/59 at 2h/6h versus policy 36.9 and on is 26.4/59 at 2h or 27.1/59 at 6h versus policy 21.8; post-hoc VAL jobs 20768679--20768681 found zero invalid plans
MCTS-PW,MCTS progressive-widening pilot,search-sensitivity,completed,Drone x 2 VH x 5 seeds,Can adaptive policy-ordered widening improve coverage/runtime/memory?,70 simulations; top20 reused; top5 and PW c=0.6/1.0; horizon off; compact profiling,experiment_tracking/mcts_progressive_widening_pilot/summary.csv,experiment_tracking/mcts_progressive_widening_pilot/manifest.csv,Runs use pre-MCTS-SAFE external action selection,30/30 terminal and VAL-valid; PW is significantly faster and retains far fewer nodes but significantly loses coverage
MCTS-SAFE,MCTS terminal-safety correction,search-correctness,completed-diagnostic,Four targeted Drone policy-only-loss instances,Can safe external action masking prevent MCTS from converting policy successes into battery dead ends?,Mask terminal non-goal children before duplicate avoidance; restore safe duplicates before terminal actions; invariant checks and compact event logging,experiment_tracking/mcts_safe_drone/targeted_results_20260828.csv,experiment_tracking/mcts_safe_drone/manifest.csv,Two of four targeted failures repaired; broad diagnostic tails cancelled once all targets were assessed,SAFE-1 is useful but incomplete; MCTS-SAFE-CONTEXT and MCTS-SAFE-2 are separately documented follow-ups
MCTS-SAFE2,Fully horizon-indexed MCTS safety,search-correctness,held-low-priority,Future matched horizon-binding instances,Does indexing statistics by physical state and remaining executable horizon prevent cross-horizon value contamination?,Exact node identity is physical state plus remaining horizon; physical identity still governs cycle safety; horizon-specific Q visits goals and children,,,Drone and Drone750 were nonresults and live Counters still has zero cutoffs; multiplicative memory risk,Activate only after nonzero cutoffs and measurable cross-horizon state reuse establish a contamination mechanism
MCTS-SAFE-CONTEXT,Action-history-aware MCTS transpositions,search-correctness,completed-negative,Four-domain three-instance diagnostics plus Drone matched physical/contextual evaluation,Does physical-state aliasing across different action-count network inputs distort priors values coverage and efficiency?,Physical cycle key plus fixed 128-bit action_count-only digest; each context owns policy value children priors visits; bounded witnesses,experiment_tracking/mcts_safe_context/live_reconciliation_20260831.csv,experiment_tracking/mcts_safe_context/full_manifest.csv,,Ten matched pairs are terminal; contextual nodes reduce VH-off by 0.4 and VH-on by 3.4 plans; neither VH result survives Holm correction; retain diagnostics but do not promote behavior
MCTS-HORIZON,MCTS remaining-horizon sensitivity,search-correctness,completed-nonresult,Drone x 2 VH x 5 matched seeds x aware/unaware,Does a binding finite executable horizon prevent unreachable-depth waste?,Fresh same-commit aware/unaware width20/70 SAFE1 arms; 750-action limit; PW disabled,experiment_tracking/mcts_horizon_binding/results.csv,experiment_tracking/mcts_horizon_binding/manifest.csv,,All twenty arms and post-hoc VAL are complete; paired mean change is zero with 95 percent CI -0.89 to 0.89 and sign-flip p 1.0; almost no cutoffs bound so Counters is the proper efficacy follow-up
MCTS-HORIZON-COUNTERS,Counters remaining-horizon efficacy,search-correctness,completed-negative,Counters x two VH x two matched seeds x aware/unaware,Does horizon enforcement help where executions genuinely approach ten thousand actions?,Fresh same-commit normal width20/70 aware/unaware pilot; PW disabled; retain the declared ten-thousand-action cap,experiment_tracking/status_20260905_latest.md,experiment_tracking/mcts_horizon_binding/counters_manifest.csv,,Freeze as a non-result: both VH modes have zero aware-minus-unaware change at6h and zero recorded cutoffs.
MCTS-PW-SAFE,SAFE progressive-widening sensitivity,search-sensitivity,extension-completed,Initial Drone two-seed four-arm gate plus Kmin3 extension on four additional seeds in both VH modes,Can extra initial width faster widening or 140 simulations recover PW coverage while retaining efficiency?,SAFE baseline Kmin2; Kmin3; alpha0.65; 140 simulations; compact child visit and depth histograms; eight-job Kmin3 extension,experiment_tracking/mcts_progressive_widening_sensitivity/results.csv,experiment_tracking/mcts_progressive_widening_sensitivity/kmin3_extension_manifest.csv,,All eight Kmin3 jobs are terminal; Kmin3 averages 9.5 versus policy 7.0 and top20 10.5; freeze rather than silently expanding
MCTS-PW-CROSS-DOMAIN,Mixed-budget cross-domain progressive-widening screen,search-sensitivity,completed-screen,Block Grouping FO Counters Rover and Counters with two seeds and both VH modes,Does Kmin3 retain fixed-search coverage while reducing runtime outside Drone?,SAFE Kmin3 c0.6 alpha0.5 Kmax20; Block Grouping and Counters use twenty simulations against fixed narrow 5/20 while FO Counters and Rover use seventy against fixed normal 20/70,experiment_tracking/mcts_progressive_widening_cross_domain/comparative_summary_20260901_1022.csv,experiment_tracking/mcts_progressive_widening_cross_domain/pilot_manifest.csv,,20/20 terminal and printed plans VAL-confirmed; never label the whole screen PW20 because the eight FO Counters/Rover rows use PW70
MCTS-PW70-CROSS-DOMAIN,Standard-budget PW70 correction for narrow-domain cells,search-sensitivity,live-one-job-tail-52-of59-classified,Block Grouping Stage1 and Counters Stage1/validation-led Stage2 with two seeds and both VH modes,What changes when the accidental 20-simulation PW screen is rerun with the intended 70 simulations?,SAFE Kmin3 c0.6 alpha0.5 Kmax20 with 70 simulations,experiment_tracking/mcts_progressive_widening_cross_domain/pw70_live_summary_20260907.csv,experiment_tracking/mcts_progressive_widening_cross_domain/pw70_followup_manifest.csv,,Only Counters Stage1/off seed2011206605 remains active: >=21/59 after52 classified; allocation hard bound approximately3.4h.
MCTS-PW70-CONFIRMATORY,Five-seed PW70 cross-domain confirmation,search-sensitivity,completed-five-seed-screen,Counters validation-led Stage2 FO Counters Stage1 and Rover Stage1 x both VH x five matched seeds,Do promising two-seed cells replicate with enough matched seeds for paired intervals and tests?,SAFE Kmin3 c0.6 alpha0.5 Kmax20 with70 simulations; add three new seeds to the two screen seeds,experiment_tracking/mcts_progressive_widening_cross_domain/pw70_live_summary_20260905.csv,experiment_tracking/mcts_progressive_widening_cross_domain/pw70_confirmatory_expansion_manifest.csv,Jobs retain Nice10000 low priority,All five seed cells terminal; expand FO/Rover to ten with separately registered20 jobs; Counters PW70 does not match policy consistently.
MCTS-PW-30M,Fresh 30-minute progressive-widening budget confirmation,search-efficiency,held-optional-execution-validation,Promising cells selected from cross-domain screening,Does PW retain most MCTS benefit under a paper-style 30-minute instance budget?,Fresh matched fixed and PW jobs from one commit with a hard 30-minute instance cap,,experiment_tracking/mcts_progressive_widening_cross_domain/pilot_manifest.csv,Wait for cross-domain arm selection,Post-hoc cutoffs suffice for solutions-within-budget coverage; fresh runs needed only for whole-job resource/time validation or missing/censored timing evidence.
MAIN-VAL-S2-MCTS,Validation-led Stage2 policy versus MCTS,mainstream-search-extension,completed,Drone x two VH x ten seeds,Does MCTS improve validation-selected Stage2 policies?,Width20 70 simulations PUCT0.1 estimator0.5 with 30m 2h and 6h reporting,experiment_tracking/main_val_stage2_drone_mcts_summary_20260901.csv,experiment_tracking/main_val_stage2_drone_mcts_manifest.csv,,All twenty exact endpoints terminal with VAL evidence
MCTS-LEGACY-ROVER,Rover Stage2 endpoint MCTS release,mainstream-search-extension,completed,20 terminal-led plus one validation-led Rover Stage2 endpoint,Complete the already-submitted Rover endpoint evidence before FO Counters,Width20 70 simulations three workers 120GiB,experiment_tracking/rover_stage2_terminal_mcts_20260901.csv,,,Off policy3.8 to MCTS4.2 CI[0.03 0.77] rawp.125; on policy4.0 to MCTS4.5 CI[0.12 0.88] rawp.0625; OOM allocations retained as fixed-budget outcomes
MCTS-LEGACY-FO,FO Counters Stage2 endpoint MCTS release,mainstream-search-extension,live-one-job-final-instance,20 terminal-led FO Counters Stage2 endpoints,Complete the fifth mainstream Stage2 policy/MCTS domain comparison,Normal width20 70 simulations three workers 120GiB,experiment_tracking/stage2_policy_mcts_comparison_by_branch_20260907.csv,,,Final terminal-led VH-on seed remains5/20 after19 classified and14 explicit timeouts; one exact instance is active with approximately2.5h allocation bound.
MCTS-STAGE2-BRANCH-COMPLETION,Stage-2 MCTS missing-branch completion,mainstream-search-extension,counters-terminal-fo-tail-live,All57 identities submitted; BG13 terminal Rover19 terminal FO4 terminal and1 live Counters17 terminal and3 live,Complete branch-balanced Stage2 policy/MCTS evidence without treating absent jobs as zero,BG narrow5/20 FO normal20/70 Rover normal20/70 Counters narrow5/20;6h per instance; exact source checkpoints,experiment_tracking/stage2_policy_mcts_comparison_by_branch_20260907.csv,experiment_tracking/stage2_mcts_branch_completion_approved_20260903.csv;experiment_tracking/stage2_mcts_rover_completion_approved_20260904.csv;experiment_tracking/stage2_mcts_counters_terminal_completion_ready_20260904.csv;experiment_tracking/stage2_mcts_counters_terminal_node_retry_20260905.csv,,Counters terminal-led narrow is scheduler-terminal at off38.4 and on22.4 at6h; FO terminal/on retains one live resumable tail.
MCTS-PW-PATHBATCH,Path-batched multi-node progressive widening,search-sensitivity,held-design,Future matched Drone pilot after standard PW sensitivity,Can collecting all widening-eligible nodes on one selection path recover batching and useful breadth without excessive successor generation?,Continue selection to leaf; collect widening opportunities; generate one child per eligible path node; batched network evaluation; explicit single-backup semantics,,,Nonstandard multiple-expansion-per-simulation design; wait for standard PW histograms,Freeze update semantics and compare coverage runtime generated states batch size retained nodes and memory
MCTS-RESOURCE,MCTS worker/resource resumption,resource-sensitivity,held,FO Counters/Rover interrupted endpoints,Can lifecycle-safe 2-worker/160GB continuations finish without OOM?,Algorithm unchanged; resource adjustment documented,,,Await production deployment of lifecycle fix,"Deploy tested lifecycle commit, then resume"
LONG-DRONE,Long-training Drone continuation,training-sensitivity,completed-policy-held-mcts,3 scheduler-limited Drone S1 lineages,Does training beyond 24h improve the declared endpoint?,Continuation to early stop/1000 epochs; compare terminal and validation-selected,experiment_tracking/long_drone_endpoint_results.csv,,Three continuation-selected MCTS endpoints remain design-held,All six policy endpoints and three final-checkpoint MCTS endpoints are complete; release the three selected-checkpoint MCTS only if this side comparison is prioritized
STOP-ORIG,Original training-success stopping replication,compatibility,held,Stage-1 replication,Effect of original training-success early stopping rather than validation stopping,Training-success patience 20; replay 15000; teacher timeout 1s; terminal selection,,,Implementation/design held behind current mainstream workload,Finalize compatibility implementation and launch manifest
PUCT-EST,PUCT/estimator causal sensitivity,search-sensitivity,held,Block Grouping historical reproduction,Separate PUCT and estimator contributions,Keep width/simulations scientifically sound,,,Explicitly held by user,Do not submit until released
ENHSP-LEAF,Best-ENHSP leaf-estimator sensitivity,exploratory,completed,Selected domains/endpoints,Can a stronger ENHSP configuration improve leaf valuation?,Exploratory estimator replacement; separate from primary RQs,experiment_tracking/experiment_results.csv,,,Archive final logs/results
BG-HIST,Historical Block Grouping reproduction,historical,completed,One historical checkpoint/configuration family,Recover and explain historical 18/20,Historical width/PUCT/estimator/seed audit; exploratory only,experiment_tracking/experiment_results.csv,,,Archive provenance; do not use width-5/3 as primary
MCTS-DETERMINISM-AUDIT,Evaluation repeatability localization,search-correctness,completed-diagnostic,Two six-repeat node-family audits plus fresh same-node aware/unaware replay,Where does same-seed same-configuration MCTS first diverge?,Identical checkpoint instance node worker count and deterministic settings with first-difference root diagnostics,experiment_tracking/mcts_determinism_audit/followup_results.csv,experiment_tracking/mcts_determinism_audit/followup_submissions.tsv,,CPU-family numerical differences change internal checksums but no observed action; aware/unaware replay is identical with zero cutoffs
ACT-HISTORY-ABLATION,Action-count feature ablation,architecture-sensitivity,held-design,Fresh Stage1 training on Drone and Counters plus mostly-monotone TPP control,Does the cumulative grounded-action count feature help policy while harming search through contextual aliasing?,Set USE_ACT_HISTORY_FEATURES false before network construction; retrain because input dimensionality and learned weights change; compare policy fixed MCTS and PW,experiment_tracking/act_history_ablation.md,experiment_tracking/experiment_registry.csv,Held by user; original ASNets found action counters useful for policy but Numeric ASNets did not isolate them and MCTS interaction is unknown,Keep held; TPP is the control because bought is monotone nondecreasing and on-sale monotone nonincreasing; only drive location can cycle
MCTS-PW-COUNTERS-DIVERGENCE,Counters policy-divergence PW recovery,search-sensitivity,completed-six-job-focused-screen,Three exact Stage1 VH-off snapshots with severe policy-to-fixed-narrow regressions x PW20/PW70,Can PW recover policy successes lost when fixed narrow MCTS diverges or times out?,SAFE Kmin3 c0.6 alpha0.5 Kmax20 with separate20- and70-simulation arms,experiment_tracking/mcts_progressive_widening_cross_domain/counters_divergence_status_20260907.csv,experiment_tracking/mcts_progressive_widening_cross_domain/counters_stage1_divergence_recovery_manifest.csv,,All PW20/PW70 exact-snapshot arms terminal. Neither widening mode fully recovers the policy; PW20 seed923500475 gives the strongest partial recovery at48/59.
ANCHOR-KL-CONTROL,Nonconstant Stage-2 KL-control diagnostic,training-diagnostic,two-adaptive-jobs-running-controller-noop-epoch0-test-complete,TPP/off collapsed seed 1972442430 and stable control seed 1963100312,Can literature-grounded nonconstant KL control prevent first-update collapse without blocking later improvement?,Reuse constant-anchor baselines; run two adaptive target-KL jobs from exact Stage1 sources; start/min coefficient3; target KL0.1143; exact controller checkpoint restore,experiment_tracking/anchor_kl_control_progress_latest.csv,experiment_tracking/anchor_kl_control_tpp_screen_20260908.csv,,Jobs21144388/21144389 reached Stage2 epochs34/84. First-update test scores are10/20 and20/20. Coefficient remains3 and controller adjustments remain zero; current controller has not changed the objective.
MPRIME-VAL-ADEQUACY,MPrime validation adequacy audit,validation-design,live-60-lineage-full-rescore-98.3-percent-tail-submitted,All corrected MPrime Stage1 and both Stage2 branches,Does validation rank checkpoints and anchors reliably without saturating?,Retrospective rank/regret/saturation audit followed by two independently frozen structurally and planner-difficulty-stratified validation replicates,experiment_tracking/mprime_phase_b_live_count_20260909.csv,experiment_tracking/mprime_validation_phase_b_20260906/checkpoints.csv,,"2222/2260 checkpoint-replicates complete; last structured rebuild at2219 results had50/60 lineages complete; six original tasks active and idempotent tail21157796 dependency-pending. Compare replicate rankings then freeze checkpoints/anchors."
MCTS-PW70-TEN-SEED,PW70 ten-seed FO Counters/Rover extension,search-sensitivity,terminal-four-ten-seed-cells-exact-fo-recovery-running,"FO Counters and Rover S1,2 VH,10 seeds per cell using5 retained and5 new seeds",Do five-seed PW70 findings survive all ten original seeds?,Kmin3 c0.6 alpha0.5 widthmax20 70sim SAFE1;3workers120GiB6h,experiment_tracking/mcts_progressive_widening_cross_domain/pw70_ten_seed_statistics_latest.csv,experiment_tracking/mcts_progressive_widening_cross_domain/pw70_ten_seed_expansion_20260906.csv,,All four declared-budget cells remain complete; FO/off mean8.4 includes one7/20 seed with one unclassified instance. Exact instance15 recovery21157787 is running and can only move that seed to8/20 if VAL-valid.
TPP-CATASTROPHIC-MCTS,TPP catastrophic Stage2 seed search diagnosis,search-diagnostic,completed-four-search-arms,TPP validation-led Stage2 VH-off seed1972442430 selected epoch12,Can search recover the eleven policy failures caused by seed-specific Stage2 catastrophic forgetting?,Exact checkpoint under fixed normal20/70 fixed narrow5/20 PW20 Kmin3 and PW70 Kmin3; SAFE1;6h instance cap,experiment_tracking/dynamic_experiment_jobs_latest.csv,experiment_tracking/tpp_catastrophic_mcts/manifest_20260907.csv,,Policy9/20; fixed narrow4; PW20 5/10/10; fixed normal4; PW70 4/5/7 at30m/2h/6h. Only PW20 recovers one net policy success.
ROVER-MCTS-INTERRUP-REC,Rover interrupted-instance recovery,operational-completion,completed-29-of29-opportunities-timeout,Exact interrupted Rover MCTS instances across Stage1 and Stage2 branches,Classify only instances omitted by scheduler or OOM interruption,Preserve each source checkpoint and width/iteration configuration; six-hour instance cap; one-worker follow-up for cleanup-failed instances,experiment_tracking/dynamic_experiment_jobs_latest.csv,experiment_tracking/rover_interrupted_mcts_recovery_manifest_20260908.csv,,All29 formerly unclassified instances reached the declared six-hour timeout; Rover aggregates are unchanged.
