value_head,seed,policy_success,mcts_success,policy_success_mcts_failure,ordinary_unsolved,instance_timeout,unclassified,mcts_job_id,policy_job_id,policy_log,mcts_completion_ledger
off,534933607,6,9,0,0,0,0,20649849,20465165,/home/hersco/training_new_domains/2026-08-21/statistical_replication_stage2_policy_eval/20465165_Ev_counters_counters_orig_novh_c.1_s534933607_SR10P_src20430422_e0008.txt,/home/hersco/training_new_domains/2026-08-27/statistical_replication_stage2_mcts_eval/.resume_state/20649849.eval_completed.jsonl
off,923500475,32,33,0,0,0,0,20649852,20465209,/home/hersco/training_new_domains/2026-08-21/statistical_replication_stage2_policy_eval/20465209_Ev_counters_counters_orig_novh_c.1_s923500475_SR10P_src20430425_e0000.txt,/home/hersco/training_new_domains/2026-08-27/statistical_replication_stage2_mcts_eval/.resume_state/20649852.eval_completed.jsonl
off,1073581256,53,51,2,2,0,0,20649846,20451602,/home/hersco/training_new_domains/2026-08-21/statistical_replication_stage2_policy_eval/20451602_Ev_counters_counters_orig_novh_c.1_s1073581256_SR10P_src20430419_e0000.txt,/home/hersco/training_new_domains/2026-08-27/statistical_replication_stage2_mcts_eval/.resume_state/20649846.eval_completed.jsonl
off,1239739722,21,22,0,0,0,0,20649847,20465054,/home/hersco/training_new_domains/2026-08-21/statistical_replication_stage2_policy_eval/20465054_Ev_counters_counters_orig_novh_c.1_s1239739722_SR10P_src20430420_e0005.txt,/home/hersco/training_new_domains/2026-08-27/statistical_replication_stage2_mcts_eval/.resume_state/20649847.eval_completed.jsonl
off,1472491096,18,18,0,0,0,0,20649848,20465075,/home/hersco/training_new_domains/2026-08-21/statistical_replication_stage2_policy_eval/20465075_Ev_counters_counters_orig_novh_c.1_s1472491096_SR10P_src20430421_e0005.txt,/home/hersco/training_new_domains/2026-08-27/statistical_replication_stage2_mcts_eval/.resume_state/20649848.eval_completed.jsonl
off,1510771779,45,48,0,0,0,0,20649851,20465208,/home/hersco/training_new_domains/2026-08-21/statistical_replication_stage2_policy_eval/20465208_Ev_counters_counters_orig_novh_c.1_s1510771779_SR10P_src20430424_e0037.txt,/home/hersco/training_new_domains/2026-08-27/statistical_replication_stage2_mcts_eval/.resume_state/20649851.eval_completed.jsonl
off,1963100312,59,49,10,9,0,1,20649844,20451601,/home/hersco/training_new_domains/2026-08-21/statistical_replication_stage2_policy_eval/20451601_Ev_counters_counters_orig_novh_c.1_s1963100312_SR10P_src20430416_e0033.txt,/home/hersco/training_new_domains/2026-08-27/statistical_replication_stage2_mcts_eval/.resume_state/20649844.eval_completed.jsonl
off,1972442430,37,38,0,0,0,0,20649853,20465251,/home/hersco/training_new_domains/2026-08-21/statistical_replication_stage2_policy_eval/20465251_Ev_counters_counters_orig_novh_c.1_s1972442430_SR10P_src20430426_e0082.txt,/home/hersco/training_new_domains/2026-08-27/statistical_replication_stage2_mcts_eval/.resume_state/20649853.eval_completed.jsonl
off,2011206605,39,40,0,0,0,0,20649845,20465052,/home/hersco/training_new_domains/2026-08-21/statistical_replication_stage2_policy_eval/20465052_Ev_counters_counters_orig_novh_c.1_s2011206605_SR10P_src20430417_e0012.txt,/home/hersco/training_new_domains/2026-08-27/statistical_replication_stage2_mcts_eval/.resume_state/20649845.eval_completed.jsonl
off,2082152039,59,59,0,0,0,0,20649850,20465166,/home/hersco/training_new_domains/2026-08-21/statistical_replication_stage2_policy_eval/20465166_Ev_counters_counters_orig_novh_c.1_s2082152039_SR10P_src20430423_e0000.txt,/home/hersco/training_new_domains/2026-08-27/statistical_replication_stage2_mcts_eval/.resume_state/20649850.eval_completed.jsonl
on,534933607,59,59,0,0,0,0,20649859,20465470,/home/hersco/training_new_domains/2026-08-21/statistical_replication_stage2_policy_eval/20465470_Ev_counters_counters_orig_vh_c.1_s534933607_SR10P_src20430432_e0002.txt,/home/hersco/training_new_domains/2026-08-27/statistical_replication_stage2_mcts_eval/.resume_state/20649859.eval_completed.jsonl
on,923500475,38,28,10,10,0,0,20649862,20465539,/home/hersco/training_new_domains/2026-08-21/statistical_replication_stage2_policy_eval/20465539_Ev_counters_counters_orig_vh_c.1_s923500475_SR10P_src20430435_e0001.txt,/home/hersco/training_new_domains/2026-08-27/statistical_replication_stage2_mcts_eval/.resume_state/20649862.eval_completed.jsonl
on,1073581256,55,56,3,3,0,0,20649856,20465374,/home/hersco/training_new_domains/2026-08-21/statistical_replication_stage2_policy_eval/20465374_Ev_counters_counters_orig_vh_c.1_s1073581256_SR10P_src20430429_e0016.txt,/home/hersco/training_new_domains/2026-08-27/statistical_replication_stage2_mcts_eval/.resume_state/20649856.eval_completed.jsonl
on,1239739722,14,21,0,0,0,0,20649857,20465397,/home/hersco/training_new_domains/2026-08-21/statistical_replication_stage2_policy_eval/20465397_Ev_counters_counters_orig_vh_c.1_s1239739722_SR10P_src20430430_e0028.txt,/home/hersco/training_new_domains/2026-08-27/statistical_replication_stage2_mcts_eval/.resume_state/20649857.eval_completed.jsonl
on,1472491096,3,7,0,0,0,0,20649858,20465398,/home/hersco/training_new_domains/2026-08-21/statistical_replication_stage2_policy_eval/20465398_Ev_counters_counters_orig_vh_c.1_s1472491096_SR10P_src20430431_e0000.txt,/home/hersco/training_new_domains/2026-08-27/statistical_replication_stage2_mcts_eval/.resume_state/20649858.eval_completed.jsonl
on,1510771779,4,22,0,0,0,0,20649861,20465494,/home/hersco/training_new_domains/2026-08-21/statistical_replication_stage2_policy_eval/20465494_Ev_counters_counters_orig_vh_c.1_s1510771779_SR10P_src20430434_e0000.txt,/home/hersco/training_new_domains/2026-08-27/statistical_replication_stage2_mcts_eval/.resume_state/20649861.eval_completed.jsonl
on,1963100312,3,21,0,0,0,0,20649854,20465252,/home/hersco/training_new_domains/2026-08-21/statistical_replication_stage2_policy_eval/20465252_Ev_counters_counters_orig_vh_c.1_s1963100312_SR10P_src20430427_e0000.txt,/home/hersco/training_new_domains/2026-08-27/statistical_replication_stage2_mcts_eval/.resume_state/20649854.eval_completed.jsonl
on,1972442430,23,24,0,0,0,0,20649863,20488484,/home/hersco/training_new_domains/2026-08-22/statistical_replication_stage2_policy_eval/20488484_Ev_counters_counters_orig_vh_c.1_s1972442430_SR10P_src20430436_e0030.txt,/home/hersco/training_new_domains/2026-08-27/statistical_replication_stage2_mcts_eval/.resume_state/20649863.eval_completed.jsonl
on,2011206605,7,14,0,0,0,0,20649855,20465349,/home/hersco/training_new_domains/2026-08-21/statistical_replication_stage2_policy_eval/20465349_Ev_counters_counters_orig_vh_c.1_s2011206605_SR10P_src20430428_e0067.txt,/home/hersco/training_new_domains/2026-08-27/statistical_replication_stage2_mcts_eval/.resume_state/20649855.eval_completed.jsonl
on,2082152039,12,19,0,0,0,0,20649860,20465493,/home/hersco/training_new_domains/2026-08-21/statistical_replication_stage2_policy_eval/20465493_Ev_counters_counters_orig_vh_c.1_s2082152039_SR10P_src20430433_e0004.txt,/home/hersco/training_new_domains/2026-08-27/statistical_replication_stage2_mcts_eval/.resume_state/20649860.eval_completed.jsonl
